english|mampulan|mampulan symbol|part of speech English|part of speech Mampula|part of speech mam lang|definition|mampulan definition|etymology|mampulan etymology|english example|mampulan example|see also|Inspiration|Word length|Original Order|||||||||||||
water|awon|awon|noun|noun|notbat|(uncountable) A substance (of molecular formula H2O) found at room temperature and pressure as a clear liquid|(ankounsanuq) Iq nai (molekiulung formula H2O) nat pastret to pastbran kan praiq pal al finuren.|From Old Mampulan <i>hawon</i>|oluq mampulan wo|Water is essential to life on Earth.|Awon'i bit de donbano kan teq tu.||水|4|1|||||||||||||
earth|don|don|noun|noun|notbat|(uncountable) Soil|(ankounsanuq) donmap|From Old Mampulan||We need earth to grow plants.|Koi'n pula is gorun as don is kailu.|mapa||3|2|||||||||||||
fire|hus|hus|noun|noun|notbat|A chemical reaction involving the bonding of oxygen with carbon or other fuel, with the production of heat and the presence of flame or smouldering.||From Old Mampulan||That fire is hot!|tos hus ni gisuq tu!|fog||3|3|||||||||||||
air|her|her|noun|noun|notbat|a gaseous mixture of nitrogen, oxygen, and other various trace gases||From Old Mampulan||I love clean air.|Ko'n lunuq her it sairu.|flou||3|4|||||||||||||
stone|bato|bato|noun|noun|notbat|a hardened earth matter||From Old Mampulan||That stone is hard to break.|tos bato'n krokun mosuq tu!|lepas||4|5|||||||||||||
heart|pain|pain|noun|noun|notbat|||From Old Mampulan||I can hear my heart pumping.|Ko'n kos pain ni bompun it sanu kinun.|hordis||4|6|||||||||||||
blood|duko|duko|noun|noun|notbat|A liquid flowing in the bodies of many types of animals that transports nutrients and oxygen.||From Old Mampulan||The accident victim lost a lot of blood.|hi-launwan sa tasairbus ni mitaq duko't ferda.|sanuis||4|7|||||||||||||
birth|bit|bit|noun|noun|notbat|||From Old Mampulan||His friends were there at the birth of his daughter.|Yos fen'i yos isan sa bit kan tosin ta.|nadifit||3|8|||||||||||||
death|mordon|mordon|noun|noun|notbat|||From Old Mampulan||Everyone was sad at the death of the dog.|Latwan'i wano's mordon it luktuq.|thandos||6|9|||||||||||||
person|wan|wan|noun|noun|notbat|||From Old Mampulan||We need a person to carry this box.|Koi'n pat tast it butun tun na iq wan it kailu|frosopo||3|10|||||||||||||
thing|bus|bus|noun|noun|notbat|||From Old Mampulan||What do you call this thing?|Pat bus ni da it yoru?|frares, tin||3|11|||||||||||||
thing|tin|tin|noun|noun|notbat|matter||From Old Mampulan||||frares, bus||3|12|||||||||||||
thing|rel|rel|noun|noun|notbat|||From Old Mampulan||||||3|13|||||||||||||
place|pein|pein|noun|noun|notbat|||From Old Mampulan||John loves walking around this place.|Jon'i pat pein blainde sairu tiurun.|lokon||4|14|||||||||||||
tree|pu|pu|noun|noun|notbat|||From Old Mampulan||That is a tall tree.|tos ni teiq pu tu.|arpon||2|15|||||||||||||
earth|mapa|mapa|noun|noun|notbat|(uncountable) Soil||From Eagle Language||||don||4|16|||||||||||||
fire|fog|fog|noun|noun|notbat|A chemical reaction involving the bonding of oxygen with carbon or other fuel, with the production of heat and the presence of flame or smouldering.||From Eagle Language||||hus||3|17|||||||||||||
air|flou|flou|noun|noun|notbat|||From Eagle Language||||her||4|18|||||||||||||
stone|lepas|lepas|noun|noun|notbat|||From Eagle Language||||bato||5|19|||||||||||||
heart|hordis|hordis|noun|noun|notbat|||From Eagle Language||||pain||6|20|||||||||||||
blood|santhuis|santhuis|noun|noun|notbat|||From Eagle Language||||duko||8|21|||||||||||||
birth|nadifit|nadifit|noun|noun|notbat|||From Eagle Language||||bit||7|22|||||||||||||
death|thandos|thandos|noun|noun|notbat|||From Eagle Language||||mordon|Greek thanatos|7|23|||||||||||||
person|or|or|noun|noun|notbat|||From Eagle Language||||wan||2|24|||||||||||||
thing|frares|frares|noun|noun|notbat|||From Eagle Language||||bus, tin||6|25|||||||||||||
place|lokon|lokon|noun|noun|notbat|||From Eagle Language||||pein||5|26|||||||||||||
tree|arpon|arpon|noun|noun|notbat|||From Eagle Language||||pu||5|27|||||||||||||
run|takun|takun|verb|un verb|un-usbat|To move forward quickly upon two feet by alternately making a short jump off either foot.||From Old Mampulan||||||5|28|||||||||||||
drink|irun|irun|verb|run verb|run-usbat|||From Old Mampulan||You are not allowed to drink in the library.|ro'n akapein kan ant paigtun irun.|||4|29|||||||||||||
drink|ibus|ibus|noun|noun|notbat|||From <i>irun</i> (&quot;to drink&quot;) + <i>bus</i> (&quot;thing&quot;)||||||4|30|||||||||||||
eat|kainun|kainun|verb|un verb|un-usbat|||From Old Mampulan||You are not allowed to eat in the library.|ro'n akapein kan ant paigtun kainun.|||6|31|||||||||||||
eat and drink|kain'irun|kain'irun|verb|run verb|run-usbat|eat and drink|kainun to irun|From <i>kain</i> (&quot;to eat&quot;) + <i>i</i> (&quot;to drink&quot;)||You are not allowed to eat and drink in the library.|ro'n akapein kan ant paigtun kain’irun.|||9|32|||||||||||||
river|antak|antak|noun|noun|notbat|||From Old Mampulan <i>awon</i> (&quot;water&quot;) + <i>takun</i> (&quot;to run&quot;)||||||5|33|||||||||||||
stream|awak|awak|noun|noun|notbat|||From Old Mampulan <i>aunak</i> (&quot;river&quot;)||||||4|34|||||||||||||
flow|fou|fou|noun|noun|notbat|||From Old Mampulan||||||3|35|||||||||||||
flow|fourun|fourun|verb|run verb|run-usbat|||From Old Mampulan <i>fou</i> (&quot;flow&quot;)||||||6|36|||||||||||||
current|nagan|nagan|noun|noun|notbat|||From Eagle Language <i>nagan</i> (&quot;flow&quot;)||||||5|37|||||||||||||
liquid|pal|pal|noun|noun|notbat|||From Old Mampulan||||||3|38|||||||||||||
land|lan|lan|noun|noun|notbat|||From Old Mampulan||||||3|39|||||||||||||
plant|pula|pula|noun|noun|notbat|||From Old Mampulan||We need earth to grow plants.|Koi'n pula is gorun as don is kailu.|||4|40|||||||||||||
ground|alt|alt|noun|noun|notbat|||From Old Mampulan||||||3|41|||||||||||||
soil|donmap|donmap|noun|noun|notbat|||From Old Mampulan <i>don</i> (&quot;earth&quot;) + <i>mapa</i> from Eagle Language (&quot;earth&quot;)||||||6|42|||||||||||||
world|yon|yon|noun|noun|notbat|||From Raccoon Language||||||3|43|||||||||||||
metal|medan|medan|noun|noun|notbat|||From Old Mampulan||||||5|44|||||||||||||
wolf|woun|woun|noun|noun|notbat|Any of several large predatory canids (genus Canis) that are active mostly at night, live and hunt in packs, and resemble the related dogs. Commonly found in western Pangilan.|Peq mitabiluq daq hulkainwaq kanid (genus Kanis) nat xunak kapi kan kanlaruq, worin mo buirun at xastun, at wigaq wano de niteru. Rasoq Paqilan kan tanaq finaren.|Possibly from sounds a wolf makes.||A wolf howled under the moon.|Iq woun ni mur dounde wouna.|||4|45|||||||||||||
dog|wano|wano|noun|noun|notbat|||From <i>woun</i> (&quot;wolf&quot;)||A dog is a ||||4|46|||||||||||||
howl|wounun|wounun|verb|un verb|un-usbat|||From Old Mampulan <i>woun</i> (&quot;wolf&quot;)||||||6|47|||||||||||||
dire|wounang|wounaq|adjective|ng adjective||||From Old Mampulan <i>woun</i> (&quot;wolf&quot;)||||||6|48|||||||||||||
gobble|wounkainun|wounkainun|verb|un verb|un-usbat|||From Old Mampulan <i>woun</i> (&quot;wolf&quot;) + <i>kainun</i> (&quot;to eat&quot;)||||||10|49|||||||||||||
silver|wounmedan|wounmedan|noun|noun|notbat|||From Old Mampulan <i>woun</i> (&quot;wolf&quot;) + <i>medan</i> (&quot;metal&quot;)||||||9|50|||||||||||||
fang|pangil|paqil|noun|noun|notbat|||From <i>Pangil</i>, the Wolf Legend of Mampulan||||||5|51|||||||||||||
strong|pangilang|paqilaq|adjective|ng adjective||||From <i>Pangil</i>, the Wolf Legend of Mampulan. Displaced Old Mampulan word <i>fortanong</i>||||||7|52|||||||||||||
strength|fortan|fortan|noun|noun|notbat|||From Old Mampulan||||||6|53|||||||||||||
strong|fortung|fortuq|adjective|ung adjective|uq-sulaikibat|(dated)||From Old Mampulan||||||6|54|||||||||||||
wish|hili|hili|noun|noun|notbat|||From Old Mampulan|||||Tagalog hiling|4|55|||||||||||||
wish|hilirun|hilirun|verb|run verb|run-usbat|||From Old Mampulan||||||7|56|||||||||||||
fox|tuman|tuman|noun|noun|notbat|||From Old Mampulan||How many chickens can foxes hunt?|tuman'i dakoun tikasa't sanu xastun?|||5|57|||||||||||||
cunning|tumaiteng|tumaiteq|adjective|ng adjective||||From <i>tuman sa nite</i> (&quot;fox-like&quot;)||||||8|58|||||||||||||
guardian|tumawan|tumawan|noun|noun|notbat|||From <i>tuman</i> (&quot;fox&quot;) + <i>wan</i> (&quot;person&quot;)||||||7|59|||||||||||||
clever|tumtairung|tumtairuq|adjective|ung adjective|uq-sulaikibat|||From <i>tuman</i> (&quot;fox&quot;) + <i>brain</i> (&quot;tair&quot;)||||||9|60|||||||||||||
benevolent|tumaniling|tumaniliq|adjective|ng adjective||||From <i>tuman</i> (&quot;fox&quot;) + <i>hili</i> (&quot;wish&quot;)||||||9|61|||||||||||||
benevolence|tumanili|tumanili|noun|noun|notbat|||From <i>tuman</i> (&quot;fox&quot;) + <i>hili</i> (&quot;wish&quot;)||||||8|62|||||||||||||
powder|prin|prin|noun|noun|notbat|||From Old Mampulan||||||4|63|||||||||||||
phosphorus|tumanprin|tumanprin|noun|noun|notbat|||From <i>tuman</i> (&quot;fox&quot;) + <i>prin</i> (&quot;powder&quot;)||||||9|64|||||||||||||
muzzle|nuslo|nuslo|noun|noun|notbat|||From <i>Nuslo</i>, the Fox Legend of Mampulan||||||5|65|||||||||||||
blow|fusun|fusun|noun|noun|notbat|blow (wind, whistle, horn)||From Old Mampulan||||||5|66|||||||||||||
work|hata|hata|noun|noun|notbat|||From Old Mampulan|||||Japanese 働く|4|67|||||||||||||
work|hatarun|hatarun|verb|run verb|run-usbat|||From Old Mampulan||||||7|68|||||||||||||
hand|shain|xain|noun|noun|notbat|||From Old Mampulan||||||4|69|||||||||||||
raccoon|rouson|rouson|noun|noun|notbat|||From Old Mampulan||||||6|70|||||||||||||
deception|rosonas|rosonas|noun|noun|notbat|||From <i>rouson</i> (&quot;raccoon&quot;) + <i>-as</i> (&quot;nominalizing suffix&quot;)||||||7|71|||||||||||||
sinister|padrousong|padrousoq|adjective|g adjective||||From <i>padang rouson</i> (&quot;bad raccoon&quot;)||||||9|72|||||||||||||
write|sulun|sulun|verb|run verb|run-usbat|||From Old Mampulan||||||5|73|||||||||||||
manuscript|rôusonsho|ro^usonxo|noun|noun|notbat|||From <i>rouson</i> (&quot;raccoon&quot;) + <i>sho</i> (&quot;to write&quot;)||||||9|74|||||||||||||
mask|taspan|taspan|noun|noun|notbat|||From <i>Taspan</i>, the Raccoon Legend of Mampulan||||||6|75|||||||||||||
whistle|rousonfus|rousonfus|noun|noun|notbat|||From <i>rouson</i> (&quot;raccoon&quot;) + <i>fus</i> (&quot;blow&quot;)||||||9|76|||||||||||||
operation|rousonâta|rousona^ta|noun|noun|notbat|||From <i>rouson</i> (&quot;raccoon&quot;) + <i>hatarun</i> (&quot;work&quot;)||||||10|77|||||||||||||
operate|rousonâtarun|rousona^tarun|verb|run verb|run-usbat|||From <i>rousonata</i> (&quot;operation&quot;)||||||13|78|||||||||||||
ambidextrous|rousonshain|rousounxain|noun|noun|notbat|||From <i>rouson</i> (&quot;raccoon&quot;) + <i>shain</i> (&quot;hand&quot;)||||||11|79|||||||||||||
weak|yinang|yinaq|adjective|ng adjective|q-sulaikibat|||From Old Mampulan||||||5|80|||||||||||||
ear|orena|orena|noun|noun|notbat|||From <i>Orena</i>, the Rabbit Legend of Mampulan||||||5|81|||||||||||||
shell|martan|martan|noun|noun|notbat|||From <i>Martan</i>, the Turtle Legend of Mampulan||||||6|82|||||||||||||
muscle|fortorun|fortorun|noun|noun|notbat|||From <i>Fortorun</i>, the Bear Legend of Mampulan||||||8|83|||||||||||||
roar|arār|ara-r|noun|noun|notbat|||From <i>Arār</i>, the Lion Legend of Mampulan||||||5|84|||||||||||||
life|bit|bit|noun|noun|notbat|||From Old Mampulan||||||3|85|||||||||||||
both|ling|liq|adjective|adjective|g-sulaikibat|||From Old Mampulan||||both hands||3|86|||||||||||||
both hands|linshain|linxain|noun|noun|notbat|||From <i>lin</i> (&quot;both&quot;) + <i>shain</i> (&quot;hand&quot;)||Carry the box with both hands.|linshain mo tast is bute^|both, hand||7|87|||||||||||||
ambidextrous|linyoshaing|linyoxaiq|adjective|g adjective|g-sulaikibat|||From <i>lin</i> (&quot;both&quot;) + <i>yong</i> (&quot;good&quot;) + <i>shain</i> (&quot;hand&quot;)||||||9|88|||||||||||||
amphibian|linbit|linbit|noun|noun|notbat|||From <i>lin</i> (&quot;both&quot;) + <i>bit</i> (&quot;life&quot;)||||||6|89|||||||||||||
war|troun|troun|noun|noun|notbat|||Foun Old Mampulan||||||5|90|||||||||||||
antebellum|trounbin|trounbin|noun|noun|notbat|||From <i>troun</i> (&quot;war&quot;) + <i>bin</i> (&quot;before&quot;)||||||8|91|||||||||||||
study|ga|ga|noun|noun|notbat|||Foun Old Mampulan||||||2|92|||||||||||||
study|garun|garun|verb|run verb|run-usbat|||Foun Old Mampulan||||||5|93|||||||||||||
school|gapein|gapein|noun|noun|notbat|||From <i>ga</i> (&quot;study&quot;) + <i>pein</i> (&quot;place&quot;)||||||6|94|||||||||||||
school|galokon|gapein|noun|noun|notbat|||From Eagle Language <i>ga</i> (&quot;study&quot;) + <i>lokon</i> (&quot;place&quot;)||||||6|95|||||||||||||
student|gawan|gawan|noun|noun|notbat|||From <i>ga</i> (&quot;study&quot;) + <i>wan</i> (&quot;person&quot;)||||||5|96|||||||||||||
say|sabun|sabun|verb|un verb|un-usbat|||From Old Mampulan||||||5|97|||||||||||||
against|fede|fede|preposition|postposition|pusobat|||From <i>fe</i> (&quot;against&quot;) + <i>de</i> (&quot;to&quot;)||||||4|98|||||||||||||
contradict|fesabun|fesabun|verb|un verb|un-usbat|||From <i>fe-</i> (&quot;against&quot;) + <i>sabun</i> (&quot;say&quot;)||||||7|99|||||||||||||
postbellum|trounpus|trounpus|noun|noun|notbat|||From <i>troun</i> (&quot;war&quot;) + <i>pus</i> (&quot;after&quot;)||||||8|100|||||||||||||
post-war|trounpus|trounpus|noun|noun|notbat|||From <i>troun</i> (&quot;war&quot;) + <i>pus</i> (&quot;after&quot;)||||||8|101|||||||||||||
hole|puna|puna|noun|noun|notbat|||From Old Mampulan||||||4|102|||||||||||||
hollow|punong|punoq|adjective|ng adjective|q-sulaikibat|||Perhaps related to <i>puna</i> (&quot;hole&quot;)||||||5|103|||||||||||||
cave|tabana|tabana|noun|noun|notbat|||From Old Mampulan||||||6|104|||||||||||||
cavity|puno|puno|noun|noun|notbat|||Compare <i>puna</i> (&quot;hole&quot;)||||||4|105|||||||||||||
wind|panit|panit|noun|noun|notbat|||From Old Mampulan||||||5|106|||||||||||||
color|klon|klon|noun|noun|notbat|||From Old Mampulan||||||4|107|||||||||||||
nose|sano|sano|noun|noun|notbat|||From Old Mampulan||||||4|108|||||||||||||
smell|sanwer|sanwer|noun|noun|notbat|||From <i>sano</i> (&quot;nose&quot;) + <i>air</i> (&quot;her&quot;)||||||6|109|||||||||||||
odor|sanwer|sanwer|noun|noun|notbat|||From <i>sano</i> (&quot;nose&quot;) + <i>air</i> (&quot;her&quot;)||||||6|110|||||||||||||
odorless|antesânwerung|antesa^nweruq|adjective|ung adjective|uq-sulaikibat|||From <i>ante-</i> (&quot;without&quot;) + <i>sano</i> (&quot;nose&quot;) + <i>air</i> (&quot;her&quot;)||||||13|111|||||||||||||
colorless|anteklông|anteklo^nq|adjective|ung adjective|uq-sulaikibat|||From <i>ante-</i> (&quot;without&quot;) + <i>klor</i> (&quot;color&quot;)||||||10|112|||||||||||||
heartless|antepâing|antepa^iq|adjective|ng adjective|q-sulaikibat|||From <i>ante-</i> (&quot;without&quot;) + <i>pain</i> (&quot;heart&quot;)||||||9|113|||||||||||||
red|kung|kuq|adjective|ng adjective|q-sulaikibat|||From Old Mampulan||||||3|114|||||||||||||
orange|ekang|ekaq|adjective|ng adjective|q-sulaikibat|||From Old Mampulan||||||4|115|||||||||||||
yellow|alang|alaq|adjective|ng adjective|q-sulaikibat|||From Old Mampulan||||||4|116|||||||||||||
green|luntung|luntuq|adjective|ng adjective|q-sulaikibat|||From Old Mampulan||||||6|117|||||||||||||
blue|bugung|buguq|adjective|ng adjective|q-sulaikibat|||From Old Mampulan||||||5|118|||||||||||||
indigo|inding|indiq|adjective|ng adjective|q-sulaikibat|||From Old Mampulan||||||5|119|||||||||||||
violet|daileng|daileq|adjective|ng adjective|q-sulaikibat|||From Old Mampulan||||||6|120|||||||||||||
black|kurong|kuroq|adjective|ng adjective|q-sulaikibat|||From Old Mampulan||||||5|121|||||||||||||
white|suting|sutiq|adjective|ng adjective|q-sulaikibat|||From Old Mampulan||||||5|122|||||||||||||
pink|pinkung|pinkuq|adjective|ng adjective|q-sulaikibat|||From Human Language <i>pink</i>||||||6|123|||||||||||||
ash|oboun|oboun|noun|noun|notbat|||From Old Mampulan||||||5|124|||||||||||||
gray|oblong|obloq|adjective|g adjective|g-sulaikibat|||From <i>oboun-</i> (&quot;ash&quot;) + <i>klon</i> (&quot;color&quot;)||||||5|125|||||||||||||
smoke|kuwer|kuwer|noun|noun|notbat|||From <i>kurong-</i> (&quot;black&quot;) + <i>her</i> (&quot;air&quot;)||||||5|126|||||||||||||
big|dang|daq|adjective|ng adjective|q-sulaikibat|||From Old Mampulan||||||3|127|||||||||||||
small|sung|suq|adjective|ng adjective|q-sulaikibat|||From Old Mampulan||||||3|128|||||||||||||
hot|gisung|gisuq|adjective|ung adjective|uq-sulaikibat|(1) hot to the touch|sas mo teiret|<i>gis</i> (&quot;hot (to the touch)&quot;)||That fire is hot!|pat hus ni gisung tu!|||5|129|||||||||||||
cold|migung|miguq|adjective|ung adjective|uq-sulaikibat||sas mo louret|From Old Mampulan||||||5|130|||||||||||||
number|bil|bil|noun|noun|notbat|amount of countable things|kounsanuq bus sa sel|From Old Mampulan||||||3|131|||||||||||||
one|i|i|noun|noun|notbat|||From Old Mampulan||||||1|132|||||||||||||
two|du|du|noun|noun|notbat|||From Old Mampulan||||||2|133|||||||||||||
three|ma|ma|noun|noun|notbat|||From Old Mampulan||||||2|134|||||||||||||
four|kor|kor|noun|noun|notbat|||From Old Mampulan||||||3|135|||||||||||||
five|bel|bel|noun|noun|notbat|||From Old Mampulan||||||3|136|||||||||||||
six|si|si|noun|noun|notbat|||From Old Mampulan||||||2|137|||||||||||||
seven|po|po|noun|noun|notbat|||From Old Mampulan||||||2|138|||||||||||||
eight|ei|ei|noun|noun|notbat|||From Old Mampulan||||||2|139|||||||||||||
nine|kas|kas|noun|noun|notbat|||From Old Mampulan||||||3|140|||||||||||||
ten|te|te|noun|noun|notbat|||From Old Mampulan||||||2|141|||||||||||||
hundred|che|ce|noun|noun|notbat|||From Old Mampulan||||||2|142|||||||||||||
thousand|teke|teke|noun|noun|notbat|ten hundreds|teq ce|From <i>te</i> (&quot;ten&quot;) + <i>che</i> (&quot;hundred&quot;)||||||4|143|||||||||||||
million|dake|dake|noun|noun|notbat|a thousand thousands|tekeq teke|From <i>teke</i> (&quot;thousand&quot;)||||||4|144|||||||||||||
zero|sip|sip|noun|noun|notbat|||From Old Mampulan||||||3|145|||||||||||||
other|tes|tes|adjective|special adjective|tokuq sulaikibat|||From Old Mampulan||||||3|146|||||||||||||
and|to|to|conjunction|conjunction|bintbat|This word conncts nouns.|notbat it bintun na bat|From Old Mampulan||I eat bread and meat.|Ko ni pan to mala it kainu.|at||2|147|||||||||||||
and|at|at|conjunction|conjunction|bintbat|This word connects verbs and clauses.|usbat it bintun na bat|From Old Mampulan||I eat bread and drink milk.|Ko ni pan it kainu at miun it iru.|to||2|148|||||||||||||
or|et|et|conjunction|conjunction|bintbat|||From Old Mampulan||||||2|149|||||||||||||
-|it|it||||a grammatical marker following the direct object of a verb||From Old Mampulan||||||2|150|||||||||||||
each other|ittes|ittes|pronoun|pronoun|sunotbat|To one another; one to the other; signifies that a verb applies to two or more entities both as subjects and as direct objects:||From <i>I to tes</i> (&quot;one and other&quot;)||||one another||5|151|||||||||||||
one another|ittes|ittes|pronoun|pronoun|sunotbat|To one another; one to the other; signifies that a verb applies to two or more entities both as subjects and as direct objects:||From <i>I to tes</i> (&quot;one and other&quot;)||||each other||5|152|||||||||||||
ex-|air-|air-|prefix|prefix|sorthorqi|||From <i>air</i> (&quot;out&quot;)||||||4|153|||||||||||||
exsanguination|airdûkonas|airdu^konas|noun|noun|notbat|the action or process of draining blood||From <i>air</i> (&quot;out&quot;) + <i>duko</i> (&quot;blood&quot;) + <i>-nas</i> (&quot;nominalizing suffix&quot;)||||||11|154|||||||||||||
exsanguination|essanthuisas|essanthuisas|noun|noun|notbat|||From Eagle Language <i>es-</i> (&quot;out&quot;) + <i>santhuis</i> (&quot;blood&quot;)  + <i>-as</i> (&quot;nominalizing suffix&quot;)||||||12|155|||||||||||||
effect|os|os|noun|noun|notbat|||From Old Mampulan||||||2|156|||||||||||||
circle|blain|blain|noun|noun|notbat|||From Old Mampulan||||||5|157|||||||||||||
around|blainak|blainak|adverb|adverb|qanusbat|||From <i>blain</i> (&quot;circle&quot;)||Mary travels around.|Meri'n blainak faru.|||7|158|||||||||||||
around|blainde|blainde|preposition|postposition|pusobat|||From <i>blain</i> (&quot;circle&quot;)||John loves walking around this place.|Jon'i pat pein blainde sairu tiurun.|||7|159|||||||||||||
influence|osblain|osblain|noun|noun|notbat|||From <i>os</i> (&quot;effect&quot;) + <i>blain</i> (&quot;circle&quot;)||||||7|160|||||||||||||
nourish|rukun|rukun|verb|un verb|un-usbat|||From Old Mampulan||||||5|161|||||||||||||
nourished|ruktung|ruktuq|adjective|g adjective|g-sulaikibat|||From <i>rukun</i> (&quot;to nourish&quot;) + <i>-tun</i> (&quot;present passive form&quot;)||||||6|162|||||||||||||
function|kinō|kino-|noun|noun|notbat|||From <i>ki</i> (&quot;machine&quot;) + <i>nō</i> (&quot;function&quot;)||||||5|163|||||||||||||
form|let|let|noun|noun|notbat|||From Old Mampulan||||||3|164|||||||||||||
practice|sanain|sanain|noun|noun|notbat|||From Raccoon Language||||||6|165|||||||||||||
do|yarun|yarun|verb|run verb|run-usbat|||From Old Mampulan||||||5|166|||||||||||||
bad|haitung|haituq|adjective|ung adjective|uq-sulaikibat|||From Old Mampulan||||morung||6|167|||||||||||||
dystopia|haitpein|haitpein|noun|noun|notbat|||From <i>hait-</i> (&quot;bad&quot;) + <i>pein</i> (&quot;place&quot;)||||morlokon||8|168|||||||||||||
malinfluence|haitosblain|haitosblain|noun|noun|notbat|||From <i>hait-</i> (&quot;bad&quot;) + <i>osblain</i> (&quot;influence&quot;)||||morosblain||11|169|||||||||||||
maleffect|haitost|haitost|noun|noun|notbat|||From <i>hait-</i> (&quot;bad&quot;) + <i>ost</i> (&quot;effect&quot;)||||morost||7|170|||||||||||||
malodor|haitsanwer|haitsanwer|noun|noun|notbat|||From <i>hait-</i> (&quot;bad&quot;) + <i>sanwer</i> (&quot;odor&quot;)||||morsanwer||10|171|||||||||||||
malnourished|haitruktung|haitruktuq|adjective|g adjective|g-sulaikibat|||From <i>hait-</i> (&quot;bad&quot;) + <i>ruktung</i> (&quot;nourished&quot;)||||morruktung||10|172|||||||||||||
malfunction|haitkinō|haitkino-|noun|noun|notbat|||From <i>hait-</i> (&quot;bad&quot;) + <i>kinō</i> (&quot;function&quot;)||||morkinō||9|173|||||||||||||
malform|haitlet|haitlet|noun|noun|notbat|||From <i>hait-</i> (&quot;bad&quot;) + <i>let</i> (&quot;form&quot;)||||morlet||7|174|||||||||||||
malignant|haitshing|haitxiq|adjective|g adjective|g-sulaikibat|||From <i>hait-</i> (&quot;bad&quot;) + <i>shin</i> (&quot;state of&quot;)||||morshing||7|175|||||||||||||
malpractice|haitsanain|haisanain|noun|noun|notbat|||From <i>hait-</i> (&quot;bad&quot;) + <i>sanain</i> (&quot;practice&quot;)||||morsanain||9|176|||||||||||||
malefactor|haitwan|haitwan|noun|noun|notbat|||From <i>hait-</i> (&quot;bad&quot;) + <i>wan</i> (&quot;person&quot;)||||morfrosopo||7|177|||||||||||||
maleficent|haityang|haityaq|adjective|ng adjective|q-sulaikibat|||From <i>hait-</i> (&quot;bad&quot;) + <i>yarun</i> (&quot;to do&quot;)||||moryang||7|178|||||||||||||
bad|morung|moruq|adjective|ung adjective|uq-sulaikibat|||From Eagle Language||||haitung||5|179|||||||||||||
dystopia|morlokon|morlokon|noun|noun|notbat|||From Eagle Language <i>mor-</i> (&quot;bad&quot;) + <i>lokon</i> (&quot;place&quot;)||||haitpein||8|180|||||||||||||
malinfluence|morosblain|morosblain|noun|noun|notbat|||From Eagle Language <i>mor-</i> (&quot;bad&quot;) + <i>osblain</i> (&quot;influence&quot;)||||haitosblain||10|181|||||||||||||
maleffect|morost|morost|noun|noun|notbat|||From Eagle Language <i>mor-</i> (&quot;bad&quot;) + <i>ost</i> (&quot;effect&quot;)||||haitost||6|182|||||||||||||
malodor|morsanwer|morsanwer|noun|noun|notbat|||From Eagle Language <i>mor-</i> (&quot;bad&quot;) + <i>sanwer</i> (&quot;odor&quot;)||||haitsanwer||9|183|||||||||||||
malnourished|morruktung|morruktuq|adjective|g adjective|g-sulaikibat|||From Eagle Language <i>mor-</i> (&quot;bad&quot;) + <i>ruktung</i> (&quot;nourished&quot;)||||haitruktung||9|184|||||||||||||
malfunction|morkinō|morkino-|noun|noun|notbat|||From Eagle Language <i>mor-</i> (&quot;bad&quot;) + <i>kinō</i> (&quot;function&quot;)||||haitkinō||8|185|||||||||||||
malform|morlet|morlet|noun|noun|notbat|||From Eagle Language <i>mor-</i> (&quot;bad&quot;) + <i>let</i> (&quot;form&quot;)||||haitlet||6|186|||||||||||||
malignant|morshing|morxiq|adjective|g adjective|g-sulaikibat|||From Eagle Language <i>mor-</i> (&quot;bad&quot;) + <i>shin</i> (&quot;state of&quot;)||||haitshing||6|187|||||||||||||
malpractice|morsanain|morsanain|noun|noun|notbat|||From Eagle Language <i>mor-</i> (&quot;bad&quot;) + <i>sanain</i> (&quot;practice&quot;)||||haitsanain||9|188|||||||||||||
malefactor|moror|moror|noun|noun|notbat|||From Eagle Language <i>mor-</i> (&quot;bad&quot;) + <i>or</i> (&quot;person&quot;)||||haitwan||5|189|||||||||||||
maleficent|moryang|moryaq|adjective|ng adjective|q-sulaikibat|||From Eagle Language <i>mor-</i> (&quot;bad&quot;) + <i>yarun</i> (&quot;to do&quot;)||||haityang||6|190|||||||||||||
know|nourun|nourun|verb|run verb|run-usbat|have the knowledge|nounas it mairun|From Old Mampulan||||||6|191|||||||||||||
be|ten|ten|verb|irregular verb|ankanfaituq usbat|||From Old Mampulan||||||3|192|||||||||||||
is|tu|tu|verb|irregular verb|ankanfaituq usbat|||Present tense of <i>ten</i> (&quot;be&quot;)||||||2|193|||||||||||||
are|tu|tu|verb|irregular verb|ankanfaituq usbat|||Present tense of <i>ten</i> (&quot;be&quot;)||||||2|194|||||||||||||
am|tu|tu|verb|irregular verb|ankanfaituq usbat|||Present tense of <i>ten</i> (&quot;be&quot;)||||||2|195|||||||||||||
was|ta|ta|verb|irregular verb|ankanfaituq usbat|||Past tense of <i>ten</i> (&quot;be&quot;)||||||2|196|||||||||||||
were|ta|ta|verb|irregular verb|ankanfaituq usbat|||Past tense of <i>ten</i> (&quot;be&quot;)||||||2|197|||||||||||||
will be|ti|ti|verb|irregular verb|ankanfaituq usbat|||Future tense of <i>ten</i> (&quot;be&quot;)||||||2|198|||||||||||||
move|tounun|tounun|verb|un verb|un-usbat|||From Old Mampulan||||||6|199|||||||||||||
child|la|la|noun|noun|notbat|||From Old Mampulan||||||2|200|||||||||||||
child|lopon|lopon|noun|noun|notbat|||From Old Wolf Language||||||5|201|||||||||||||
animal|tounbus|tounbus|noun|noun|notbat|||From <i>toun-</i> (&quot;move&quot;) + <i>bus</i> (&quot;thing&quot;)||||dil||7|202|||||||||||||
animal|dil|dil|noun|noun|notbat|||From Old Mampulan||||tounbus||3|203|||||||||||||
all|lat|lat|adjective|irregular adjective|ankanfaituq sulaikibat|||From Old Mampulan||||||3|204|||||||||||||
omniscient|latnoung|latnouq|adjective|ng adjective|q-sulaikibat|||From <i>lat-</i> (&quot;all, omni-&quot;) + <i>nourun</i> (&quot;to know&quot;)||||||7|205|||||||||||||
omnipotent|latfortung|latfortuq|adjective|ung adjective|uq-sulaikibat|||From <i>lat-</i> (&quot;all, omni-&quot;) + <i>fortanong</i> (&quot;Old Mampulan for strong&quot;)||||||9|206|||||||||||||
omnipresent|latbeng|latbeq|adjective|ng adjective|q-sulaikibat|||From <i>lat-</i> (&quot;all, omni-&quot;) + <i>be</i> (&quot;Old Mampulan for strong&quot;)||||||6|207|||||||||||||
omnipotence|latsang|latsaq|adjective|ng adjective|q-sulaikibat|||From <i>lat-</i> (&quot;all, omni-&quot;) + <i>san</i> (&quot;can, able to do&quot;)||||||6|208|||||||||||||
omnivore|latkain tounbus|latkain tounbus|noun|noun|notbat|||From <i>lat-</i> (&quot;all, omni-&quot;) + <i>kainun</i> (&quot;to eat&quot;) + <i>tounbus</i> (&quot;animal&quot;)||||||15|209|||||||||||||
cat|flis|flis|noun|noun|notbat|||From Old Mampulan||||||4|210|||||||||||||
sit|zarun|zarun|verb|run verb|run-usbat|||From Old Mampulan||||||5|211|||||||||||||
sit|silarun|silarun|verb|run verb|run-usbat|||From Old Mampulan||||||7|212|||||||||||||
chair|zabus|zabus|noun|noun|notbat|||From <i>zarun</i> (&quot;sit&quot;) + <i>bus</i> (&quot;thing&quot;)||||||5|213|||||||||||||
put|orun|orun|verb|run verb|run-usbat|||From Old Mampulan||||||4|214|||||||||||||
position|onas|onas|noun|noun|notbat|||From <i>orun</i> (&quot;put&quot;) + <i>-nas</i> (&quot;nominalizing suffix&quot;)||||||4|215|||||||||||||
table|obus|obus|noun|noun|notbat|||From <i>orun</i> (&quot;put&quot;) + <i>bus</i> (&quot;thing&quot;)||||||4|216|||||||||||||
name|not|not|noun|noun|notbat|||From Old Mampulan||What is your name?|ros not ni da?|||3|217|||||||||||||
time|foun|foun|noun|noun|notbat|||From Old Mampulan||I have a lot of time.|Ko ni mitaq foun it mairu|sait||4|218|||||||||||||
time|sait|sait|noun|noun|notbat|||From Eagle Language||||foun||4|219|||||||||||||
way|roun|roun|noun|noun|notbat|||From Old Mampulan||||||4|220|||||||||||||
reason|dailan|dailan|noun|noun|notbat|||From Old Mampulan||||||6|221|||||||||||||
count|koun|koun|noun|noun|notbat|||From Old Mampulan||||||4|222|||||||||||||
count|kounun|kounun|verb|un verb|un-usbat|to determine the number of objects|zari sa bil it sarun|From Old Mampulan||||||6|223|||||||||||||
countable|kounsanung|kounsanuq|adjective|g adjective|g-sulaikibat|can be counted|kounu sanun|kounun + sanun||||||9|224|||||||||||||
uncountable|ankounsanung|ankounsanuq|adjective|g adjective|g-sulaikibat|cannot be counted|ant kounu sanun|From <i>an-</i> (&quot;not&quot;) + <i>kounsanung</i> (&quot;countable&quot;)||||||11|225|||||||||||||
what|da|da|pronoun|pronoun|sunotbat|||From Old Mampulan||||||2|226|||||||||||||
who|dawan|dawan|pronoun|pronoun|sunotbat|||From <i>da</i> (&quot;what&quot;) + <i>wan</i> (&quot;person&quot;)||Who are you?|ro'n duwan?|||5|227|||||||||||||
where|dein|dein|pronoun|pronoun|sunotbat|||From <i>da</i> (&quot;what&quot;) + <i>pein</i> (&quot;place&quot;)||||||4|228|||||||||||||
where|dalokon|dalokon|pronoun|pronoun|sunotbat|(rare)||From <i>da</i> (&quot;what&quot;) + Eagle Language <i>lokon</i> (&quot;place&quot;)||||||7|229|||||||||||||
when|dafoun|dafoun|pronoun|pronoun|sunotbat|||From <i>da</i> (&quot;what&quot;) + <i>foun</i> (&quot;time&quot;)||||dasait||6|230|||||||||||||
when|dasait|dasait|pronoun|pronoun|sunotbat|(rare)||From <i>da</i> (&quot;what&quot;) + Eagle Language <i>sait</i> (&quot;time&quot;)||||dofun||6|231|||||||||||||
why|danan|danan|pronoun|pronoun|sunotbat|||From <i>da</i> (&quot;what&quot;) + <i>dailan</i> (&quot;reason&quot;)||||||5|232|||||||||||||
how|dron|dron|pronoun|pronoun|sunotbat|||From <i>da</i> (&quot;what&quot;) + <i>roun</i> (&quot;way&quot;)||||||4|233|||||||||||||
how many|dakoun|dakoun|pronoun|pronoun|sunotbat|||From <i>da</i> (&quot;what&quot;) + <i>koun</i> (&quot;count&quot;)||||||6|234|||||||||||||
how much|dakoun|dakoun|pronoun|pronoun|sunotbat|||From <i>da</i> (&quot;what&quot;) + <i>koun</i> (&quot;count&quot;)||||||6|235|||||||||||||
whose|dasa|dasa|pronoun|pronoun|sunotbat|||From <i>duan</i> (&quot;who&quot;) + <i>sa</i> (&quot;shows possession&quot;)||||||4|236|||||||||||||
which|danur|danur|pronoun|pronoun|sunotbat|||From <i>da</i> (&quot;who&quot;) + <i>nur</i> (&quot;part&quot;)||||||5|237|||||||||||||
ant|lanto|lanato|noun|noun|notbat|||From Old Mampulan||||||6|238|||||||||||||
anteater|lantokain|lantokain|noun|noun|notbat|||From Old Mampulan||||||9|239|||||||||||||
arctic fox|āktikung tuman|a-ktikuq tuman|noun|noun|notbat|||From Old Mampulan||||||14|240|||||||||||||
bear|our|our|noun|noun|notbat|animal||From Old Mampulan||||||3|241|||||||||||||
boa|nakana|nakana|noun|noun|notbat|||From Old Mampulan||||||6|242|||||||||||||
calf|latir|latir|noun|noun|notbat|||From Old Mampulan||||||5|243|||||||||||||
coyote|gasa|gasa|noun|noun|notbat|||From Old Mampulan||||||4|244|||||||||||||
eagle|agala|agala|noun|noun|notbat|||From Old Mampulan||||||5|245|||||||||||||
elephant|ela|ela|noun|noun|notbat|||From Old Mampulan||||||3|246|||||||||||||
falcon|faloun|faloun|noun|noun|notbat|||From Old Mampulan||||||6|247|||||||||||||
fennec fox|feneku|feneku|noun|noun|notbat|||From Old Mampulan||||||6|248|||||||||||||
fly|ngau|qau|noun|noun|notbat|(insect)||From Old Mampulan||||||3|249|||||||||||||
giraffe|gira|gira|noun|noun|notbat|||From Old Mampulan||||||4|250|||||||||||||
goat|kamba|kamba|noun|noun|notbat|||From Old Mampulan||||||5|251|||||||||||||
goose|gansa|gansa|noun|noun|notbat|||From Old Mampulan||||||5|252|||||||||||||
hawk|houk|houk|noun|noun|notbat|||From Old Mampulan||||||4|253|||||||||||||
horse|kaba|kaba|noun|noun|notbat|||From Old Mampulan||||||4|254|||||||||||||
jaguar|jaguwar|jaguwar|noun|noun|notbat|||From Old Mampulan||||||7|255|||||||||||||
kitten|lapusan|lapusan|noun|noun|notbat|(baby cat)||From <i>la</i> (&quot;child&quot;) + <i>pusan</i> (&quot;cat&quot;)||||||7|256|||||||||||||
Komodo dragon|komodo dago|komodo dago|noun|noun|notbat|||From Old Mampulan||||||11|257|||||||||||||
lion|raldan|raldan|noun|noun|notbat|||From Old Mampulan||||||6|258|||||||||||||
lizard|lagara|lagara|noun|noun|notbat|||From Old Mampulan||||||6|259|||||||||||||
macaque|makaka|makaka|noun|noun|notbat|||From Old Mampulan||||||6|260|||||||||||||
monkey|sarkan|sarkan|noun|noun|notbat|||From Old Mampulan||||||6|261|||||||||||||
mouse|nos|nos|noun|noun|notbat|(animal)||From Old Mampulan||||||3|262|||||||||||||
otter|atar|atar|noun|noun|notbat|||From Old Mampulan||||||4|263|||||||||||||
ox|uza|uza|noun|noun|notbat|||From Old Mampulan||||||3|264|||||||||||||
mackerel pike|mansa|mansa|noun|noun|notbat|||From Old Mampulan||||||5|265|||||||||||||
Pacific saury|mansa|mansa|noun|noun|notbat|||From Old Mampulan||||||5|266|||||||||||||
panda|panda|panda|noun|noun|notbat|||From Old Mampulan||||||5|267|||||||||||||
pigeon|touba|touba|noun|noun|notbat|||From Old Mampulan||||||5|268|||||||||||||
puffer fish|fugu|fugu|noun|noun|notbat|||From Old Mampulan||||||4|269|||||||||||||
puppy|lawano|lawano|noun|noun|notbat|(baby dog)||From <i>la</i> (&quot;child&quot;) + <i>wano</i> (&quot;dog&quot;)||||||6|270|||||||||||||
rabbit|une|une|noun|noun|notbat|||From Old Mampulan||||||3|271|||||||||||||
raccoon dog|tanuki|tanuki|noun|noun|notbat|||From Old Mampulan||||||6|272|||||||||||||
tanuki|tanuki|tanuki|noun|noun|notbat|||From Old Mampulan||||||6|273|||||||||||||
sardine|sandan|sandan|noun|noun|notbat|||From Old Mampulan||||||6|274|||||||||||||
sheep|tupa|tupa|noun|noun|notbat|||From Old Mampulan||||||4|275|||||||||||||
tiger|taigā|taiga-|noun|noun|notbat|||From Old Mampulan||||||6|276|||||||||||||
turtle|tert|tert|noun|noun|notbat|||From Old Mampulan||||||4|277|||||||||||||
viper|baipar|baipar|noun|noun|notbat|||From Old Mampulan||||||6|278|||||||||||||
pig|lei|lei|noun|noun|notbat|||From Old Mampulan||||||3|279|||||||||||||
cow|tir|tir|noun|noun|notbat|||From Old Mampulan||||||3|280|||||||||||||
deer|lain|lain|noun|noun|notbat|||From Old Mampulan||||||4|281|||||||||||||
lamb|latupa|latupa|noun|noun|notbat|||From <i>la</i> (&quot;child&quot;) + <i>tupa</i> (&quot;sheep&quot;)||||||6|282|||||||||||||
milk|miun|miun|noun|noun|notbat|||From Old Mampulan||||||4|283|||||||||||||
rice|gai|gai|noun|noun|notbat|||From Old Mampulan||||||3|284|||||||||||||
meat|flan|flan|noun|noun|notbat|||From Old Mampulan||||||4|285|||||||||||||
salt|atta|atta|noun|noun|notbat|||From Old Mampulan||||||4|286|||||||||||||
pepper|pren|pren|noun|noun|notbat|||From Old Mampulan||||||4|287|||||||||||||
bread|pan|pan|noun|noun|notbat|||From Old Mampulan||||||3|288|||||||||||||
coffee|kōfī|ko-fi-|noun|noun|notbat|||From Human Language <i>coffee</i> (&quot;coffee&quot;)||||||6|289|||||||||||||
honey|malen|malen|noun|noun|notbat|||From Old Mampulan||||||5|290|||||||||||||
apple|mak|mak|noun|noun|notbat|||From Old Mampulan||||||3|291|||||||||||||
orange|narân|nara^n|noun|noun|notbat|||From Human Language <i>banana</i> (&quot;banana&quot;)||||||6|292|||||||||||||
banana|banana|banana|noun|noun|notbat|||From Old Mampulan||||||6|293|||||||||||||
pizza|pitsa|pitsa|noun|noun|notbat|||From Human Language <i>pizza</i> (&quot;pizza&quot;)||||||5|294|||||||||||||
ketchup|kecchap|keccap|noun|noun|notbat|||From Human Language <i>ketchup</i> (&quot;ketchup&quot;)||||||6|295|||||||||||||
sauce|sanas|sanas|noun|noun|notbat|||From Old Mampulan||||||5|296|||||||||||||
soup|basau|basau|noun|noun|notbat|||From Old Mampulan|||||sabaw|5|297|||||||||||||
noodle|sunon|sunon|noun|noun|notbat|||From Old Mampulan||||||5|298|||||||||||||
hotdog|hotdog|hotdog|noun|noun|notbat|||From Human Language <i>hotdog</i> (&quot;hotdog&quot;)||||||6|299|||||||||||||
cilantro|koriyanda|koriyanda|noun|noun|notbat|||From Human Language <i>coriander</i> (&quot;cilantro&quot;)||||||9|300|||||||||||||
coriander|koriyanda|koriyanda|noun|noun|notbat|||From Human Language <i>coriander</i> (&quot;cilantro&quot;)||||||9|301|||||||||||||
juice|hugan|hugan|noun|noun|notbat|||From Old Mampulan||||||5|302|||||||||||||
tomato|tomato|tomato|noun|noun|notbat|||From Human Language <i>tomato</i> (&quot;tomato&quot;)||||||6|303|||||||||||||
fish|hisdan|hisdan|noun|noun|notbat|||From Old Mampulan||||||6|304|||||||||||||
vegetable|lugai|lugai|noun|noun|notbat|||From Old Mampulan|||||Gulay but switched letters|5|305|||||||||||||
fruit|pol|pol|noun|noun|notbat|||From Old Mampulan||||||3|306|||||||||||||
bean|frol|frol|noun|noun|notbat|||From Old Mampulan|||||Frijoles|4|307|||||||||||||
carrot|tarok|tarok|noun|noun|notbat|||From Old Mampulan|||||Inverse carrot|5|308|||||||||||||
beef|tirflan|tirflan|noun|noun|notbat|||From <i>tir</i> (&quot;cow&quot;) + <i>flan</i> (&quot;meat&quot;)||||||7|309|||||||||||||
pork|leiflan|leiflan|noun|noun|notbat|||From <i>lei</i> (&quot;pig&quot;) + <i>flan</i> (&quot;meat&quot;)||||||7|310|||||||||||||
cereal|sirial|sirial|noun|noun|notbat|||From Human Language <i>cereal</i> (&quot;cereal&quot;)||||||6|311|||||||||||||
dairy|miunpein|miunpein|noun|noun|notbat|||From <i>miun</i> (&quot;milk&quot;) + <i>pein</i> (&quot;place&quot;)||||||8|312|||||||||||||
grain|kert|kert|noun|noun|notbat|||From Old Mampulan||||||4|313|||||||||||||
cheese|chīs|ci-s|noun|noun|notbat|||From Human Language <i>cheese</i> (&quot;cheese&quot;)||||||4|314|||||||||||||
oil|yos|yos|noun|noun|notbat|||From Old Mampulan||||||3|315|||||||||||||
butter|miunyos|miunyos|noun|noun|notbat|||From <i>miun</i> (&quot;milk&quot;) + <i>yos</i> (&quot;oil&quot;)||||||7|316|||||||||||||
tea|cha|ca|noun|noun|notbat|||From Human Language||||||2|317|||||||||||||
wine|wina|wina|noun|noun|notbat|||||||||4|318|||||||||||||
cream|ram|ram|noun|noun|notbat|||From Old Mampulan||||||3|319|||||||||||||
yogurt|yōgurt|yo-gurt|noun|noun|notbat|||From Human Language||||||7|320|||||||||||||
pie|pai|pai|noun|noun|notbat|||From Human Language <i>pie</i> (&quot;pie&quot;)||||||3|321|||||||||||||
chocolate|chokolat|cokolat|noun|noun|notbat|||From Old Mampulan||||||7|322|||||||||||||
cake|keik|keik|noun|noun|notbat|||From Old Mampulan||||||4|323|||||||||||||
cookie|kukki|kukki|noun|noun|notbat|||From Human Language <i>cookie</i> (&quot;cookie&quot;)||||||5|324|||||||||||||
onion|yasin|yasin|noun|noun|notbat|||From Old Mampulan||||||5|325|||||||||||||
garlic|waban|waban|noun|noun|notbat|||From Old Mampulan||||||5|326|||||||||||||
potato|donpol|donpol|noun|noun|notbat|||From <i>don</i> (&quot;earth&quot;) + <i>pol</i> (&quot;fruit&quot;)||||||6|327|||||||||||||
lemon|līn|li-n|noun|noun|notbat|||From Old Mampulan||||||4|328|||||||||||||
pea|api|api|noun|noun|notbat|||From Old Mampulan||||||3|329|||||||||||||
egg|oun|oun|noun|noun|notbat|||From Old Mampulan||||||3|330|||||||||||||
broccoli|brokus|brokus|noun|noun|notbat|||From Old Mampulan||||||6|331|||||||||||||
chicken|tikasa|tikasa|noun|noun|notbat|||From Old Mampulan||||||6|332|||||||||||||
pasta|pasta|pasta|noun|noun|notbat|||From Human Language <i>pasta</i> (&quot;pasta&quot;)||||||5|333|||||||||||||
together|samanak|samanak|adverb|adverb|qanusbat|||From Old Mampulan||||||7|334|||||||||||||
head|hor|hor|noun|noun|notbat|||From Old Mampulan||||||3|335|||||||||||||
arm|frat|frat|noun|noun|notbat|||From Old Mampulan||||||4|336|||||||||||||
leg|bintin|bintin|noun|noun|notbat|||From Old Mampulan||||||6|337|||||||||||||
elbow|artan|artan|noun|noun|notbat|||From Old Mampulan||||||5|338|||||||||||||
eye|mat|mat|noun|noun|notbat|||From Old Mampulan||||||3|339|||||||||||||
mouth|bi|bi|noun|noun|notbat|||From Old Mampulan||||||2|340|||||||||||||
face|muka|muka|noun|noun|notbat|||From Old Mampulan||||||4|341|||||||||||||
neck|hal|hal|noun|noun|notbat|||From Old Mampulan||||||3|342|||||||||||||
shoulder|ombor|ombor|noun|noun|notbat|||From Old Mampulan||||||5|343|||||||||||||
chest|patrin|patrin|noun|noun|notbat|||From Old Mampulan||||||6|344|||||||||||||
finger|songan|soqan|noun|noun|notbat|||From Old Mampulan||||||5|345|||||||||||||
foot|tuso|tuso|noun|noun|notbat|||From Old Mampulan||||||4|346|||||||||||||
ankle|tobil|tobil|noun|noun|notbat|||From Old Mampulan||||||5|347|||||||||||||
hair|bouk|bouk|noun|noun|notbat|||From Old Mampulan||||||4|348|||||||||||||
tooth|pangan|paqan|noun|noun|notbat|||From Old Mampulan||||||5|349|||||||||||||
tongue|hion|hion|noun|noun|notbat|||From Old Mampulan||||||4|350|||||||||||||
wrist|karpi|karpi|noun|noun|notbat|||From Old Mampulan||||||5|351|||||||||||||
body|tai|tai|noun|noun|notbat|||From Old Mampulan||||||3|352|||||||||||||
tail|til|til|noun|noun|notbat|||From Old Mampulan||||||3|353|||||||||||||
beak|katūn|katu-n|noun|noun|notbat|||From <i>Katūn</i>, the Eagle Legend of Mampulan||||||6|354|||||||||||||
claw|tokân|toka^n|noun|noun|notbat|||From Old Mampulan||||||6|355|||||||||||||
paw|farân|fara^n|noun|noun|notbat|||From Old Mampulan||||||6|356|||||||||||||
fight|froun|froun|noun|noun|notbat|||From Old Mampulan||||||5|357|||||||||||||
consideration|dait|dait|noun|noun|notbat|||From Old Mampulan||||||4|358|||||||||||||
suggestion|mito|mito|noun|noun|notbat|||From Old Mampulan||||||4|359|||||||||||||
help|ait|ait|noun|noun|notbat|||From Old Mampulan||||||3|360|||||||||||||
have|mairun|mairun|verb|run verb|run-usbat|||From Wolf Language||||abuarun||6|361|||||||||||||
go|sorun|sorun|verb|run verb|run-usbat|||From Wolf Language||||alirun||5|362|||||||||||||
get|urun|urun|verb|run verb|run-usbat|||From Wolf Language||||debenirun, bekomun||4|363|||||||||||||
make|asun|asun|verb|un verb|un-usbat|||From Wolf Language||||ferun||4|364|||||||||||||
think|rinun|rirun|verb|un verb|un-usbat|||From Wolf Language||||fenserun||5|365|||||||||||||
take|kūnun|ku-nun|verb|un verb|un-usbat|||From Wolf Language||||tomarun||6|366|||||||||||||
see|lurun|lurun|verb|run verb|run-usbat|||From Wolf Language||||berun||5|367|||||||||||||
come|rairun|rairun|verb|run verb|run-usbat|||From Wolf Language||||benirun||6|368|||||||||||||
want|gusun|gusun|verb|un verb|un-usbat|||From Wolf Language||||kererun||5|369|||||||||||||
look|lurun|lurun|verb|run verb|run-usbat|||From Wolf Language||||mirarun||5|370|||||||||||||
use|ngeirun|qeirun|verb|run verb|run-usbat|||From Wolf Language||||mitrun||6|371|||||||||||||
find|finun|finun|verb|un verb|un-usbat|||From Wolf Language||||trobun||5|372|||||||||||||
give|girun|girun|verb|run verb|run-usbat|||From Wolf Language||||donun||5|373|||||||||||||
tell|tirun|tirun|verb|run verb|run-usbat|||From Wolf Language||||direrun||5|374|||||||||||||
call|yorun|yorun|verb|run verb|run-usbat|||From Wolf Language||||âplirun||5|375|||||||||||||
try|subun|subun|verb|un verb|un-usbat|||From Wolf Language||||eseyirun||5|376|||||||||||||
ask|tanun|tanun|verb|un verb|un-usbat|||From Wolf Language||||demandun||5|377|||||||||||||
need|kailun|kailun|verb|un verb|un-usbat|||From Wolf Language||||besuanun||6|378|||||||||||||
feel|mainun|mainun|verb|un verb|un-usbat|||From Wolf Language||||senterun||6|379|||||||||||||
become|naltun|naltun|verb|un verb|un-usbat|||From Old Mampulan||||||6|380|||||||||||||
leave|layun|layun|verb|un verb|un-usbat|||From Old Mampulan||||||5|381|||||||||||||
mean|sigun|sigun|verb|un verb|un-usbat|||From Old Mampulan||||||5|382|||||||||||||
keep|kardun|kardun|verb|un verb|un-usbat|(formal) continue||From Old Mampulan||||||6|383|||||||||||||
keep|konun|konun|verb|un verb|un-usbat|continue||From Old Mampulan||||continue||5|384|||||||||||||
let|lerun|lerun|verb|run verb|run-usbat|||From Old Mampulan||||continue||5|385|||||||||||||
begin|hiunun|hiunun|verb|un verb|un-usbat|||From Old Mampulan||||||6|386|||||||||||||
seem|parun|parun|verb|run verb|run-usbat|||From Old Mampulan||||||5|387|||||||||||||
help|aitun|aitun|verb|un verb|un-usbat|||From Wolf Language||||edun||5|388|||||||||||||
talk|birun|birun|verb|run verb|run-usbat|||From Wolf Language||||parlun||5|389|||||||||||||
turn|izun|izun|verb|un verb|un-usbat|||From Old Mampulan||||||4|390|||||||||||||
start|hiunun|hiunun|verb|un verb|un-usbat|||From Old Mampulan||||||6|391|||||||||||||
start|hiunun|hiunun|verb|un verb|un-usbat|(formal)||From Old Mampulan||||||6|392|||||||||||||
show|kirun|kirun|verb|run verb|run-usbat|||From Old Mampulan||||||5|393|||||||||||||
hear|kinun|kinun|verb|un verb|un-usbat|||From Old Mampulan||||||5|394|||||||||||||
play|purun|purun|verb|un verb|un-usbat|(a game, a video, movie)||From Old Mampulan||I want to play the new video game.||||5|395|||||||||||||
play|larun|larun|verb|run verb|run-usbat|(an actor)||From Old Mampulan||I want to play as the big bad wolf.||||5|396|||||||||||||
play|tugun|tugun|verb|un verb|un-usbat|(an instrument)||From Old Mampulan||I want to play the violin.||||5|397|||||||||||||
play|salisun|salisun|verb|un verb|un-usbat|(to engage in a role of something)||From Old Mampulan||Wolves play an important role in the environment.||||7|398|||||||||||||
play|usurun|usurun|verb|run verb|run-usbat|(deceived)||From Old Mampulan||You have been played by the foxes.||||6|399|||||||||||||
like|aimun|aimun|verb|un verb|un-usbat|||From Old Mampulan||||||5|400|||||||||||||
live|buirun|buirun|verb|run verb|run-usbat|||From Old Mampulan||||||6|401|||||||||||||
believe|reinun|reinun|verb|un verb|un-usbat|||From Old Mampulan||||||6|402|||||||||||||
hold|harun|harun|verb|run verb|run-usbat|||From Old Mampulan||||||5|403|||||||||||||
bring|motun|motun|verb|un verb|un-usbat|||From Old Mampulan||||||5|404|||||||||||||
happen|apun|apun|verb|un verb|un-usbat|||From Old Mampulan||||||4|405|||||||||||||
provide|fonun|fonun|verb|un verb|un-usbat|||From Old Mampulan||||||5|406|||||||||||||
stand|surun|surun|verb|run verb|run-usbat|||From Old Mampulan||||||5|407|||||||||||||
lose|talun|talun|verb|un verb|un-usbat|opposite of win||From Old Mampulan||||||5|408|||||||||||||
lose|ferdun|ferdun|verb|un verb|un-usbat|to not have||From Old Mampulan||The accident victim lost a lot of blood.|hi-launwan sa tasairbus ni mitaq duko't ferda.|||6|409|||||||||||||
pay|pakun|pakun|verb|un verb|un-usbat|||From Old Mampulan||||||5|410|||||||||||||
meet|arun|arun|verb|run verb|run-usbat|||From Old Mampulan||||||4|411|||||||||||||
include|desamarun|desamarun|verb|run verb|run-usbat|||From <i>de</i> (&quot;in&quot;) + <i>sama</i> (&quot;together&quot;)||||||9|412|||||||||||||
exclude|airsâmarun|airsa^marun|verb|run verb|run-usbat|||From <i>air</i> (&quot;out&quot;) + <i>sama</i> (&quot;together&quot;)||||||11|413|||||||||||||
continue|konun|konun|verb|un verb|un-usbat|||From Old Mampulan||||||5|414|||||||||||||
set|estun|estun|verb|un verb|un-usbat|||From Old Mampulan||||||5|415|||||||||||||
learn|bosun|bosun|verb|un verb|un-usbat|||From Old Mampulan||||||5|416|||||||||||||
change|henun|henun|verb|un verb|un-usbat|||From Old Mampulan||||||5|417|||||||||||||
lead|daltun|daltun|verb|un verb|un-usbat|||From Old Mampulan||||||6|418|||||||||||||
understand|adeirun|adeirun|verb|run verb|run-usbat|||From Old Mampulan||||||7|419|||||||||||||
understanding|adeirunas|adeirunas|noun|noun|notbat|||From <i>adeirun</i> (&quot;understand&quot;)||||||9|420|||||||||||||
watch|wirun|wirun|verb|run verb|run-usbat|||From Old Mampulan||||||5|421|||||||||||||
follow|sundun|sundun|verb|un verb|un-usbat|||From Old Mampulan||||||6|422|||||||||||||
stop|shairun|xairun|verb|run verb|run-usbat|||From Old Mampulan||||||6|423|||||||||||||
create|raksâkurun|raksa^kurun|verb|run verb|run-usbat|||From Old Mampulan <i>raksâku</i>||||||11|424|||||||||||||
speak|saltun|saltun|verb|un verb|un-usbat|||From Old Mampulan||||||6|425|||||||||||||
read|dokun|dokun|verb|un verb|un-usbat|||From Old Mampulan <i>daukun</i>||||||5|426|||||||||||||
allow|paigun|paigun|verb|un verb|un-usbat|||From Old Mampulan||||||6|427|||||||||||||
add|jarun|jarun|verb|run verb|run-usbat|||From Old Mampulan||||||5|428|||||||||||||
spend|supun|supun|verb|un verb|un-usbat|||From Old Mampulan||||||5|429|||||||||||||
grow|gorun|gorun|verb|run verb|run-usbat|||From Old Mampulan||We need earth to grow plants.|Koi'n pula is gorun as don is kailu.|||5|430|||||||||||||
open|dosun|dosun|verb|un verb|un-usbat|||From Old Mampulan||||||5|431|||||||||||||
close|shimun|ximun|verb|un verb|un-usbat|||From Old Mampulan||||||5|432|||||||||||||
walk|tiurun|tiurun|verb|run verb|run-usbat|||From Old Mampulan||||||6|433|||||||||||||
win|wenun|wenun|verb|un verb|un-usbat|||From Old Mampulan||||||5|434|||||||||||||
offer|rusanun|rusanun|verb|un verb|un-usbat|||From Old Mampulan||||||7|435|||||||||||||
remember|tandun|tandun|verb|un verb|un-usbat|||From Old Mampulan||||||6|436|||||||||||||
love|sairun|sairun|verb|run verb|run-usbat|||From Old Mampulan||||||6|437|||||||||||||
consider|daitun|daitun|verb|un verb|un-usbat|||From Old Mampulan||||||6|438|||||||||||||
appear|mitirun|mitirun|verb|run verb|run-usbat|||From Old Mampulan||||||7|439|||||||||||||
buy|bairun|bairun|verb|run verb|run-usbat|||From Old Mampulan||||||6|440|||||||||||||
wait|alarun|alarun|verb|run verb|run-usbat|||From Old Mampulan||||||6|441|||||||||||||
serve|sābun|sa-bun|verb|un verb|un-usbat|||From Old Mampulan||||||6|442|||||||||||||
die|mordonun|mordonun|verb|un verb|un-usbat|||From Old Mampulan||||||8|443|||||||||||||
send|sōrun|so-run|verb|run verb|run-usbat|||From Old Mampulan||||||6|444|||||||||||||
expect|frisun|frisun|verb|un verb|un-usbat|||From Old Mampulan||||||6|445|||||||||||||
build|tiarun|tiarun|verb|run verb|run-usbat|||From Old Mampulan||||||6|446|||||||||||||
stay|josun|josun|verb|un verb|un-usbat|||From Old Mampulan||||||5|447|||||||||||||
fall|tadun|tadun|verb|un verb|un-usbat|||From Old Mampulan||||||5|448|||||||||||||
cut|jeinun|jeinun|verb|un verb|un-usbat|||From Old Mampulan||||||6|449|||||||||||||
reach|alkun|alkun|verb|un verb|un-usbat|||From Old Mampulan||||||5|450|||||||||||||
kill|saterun|saterun|verb|run verb|run-usbat|||From Old Mampulan||||||7|451|||||||||||||
remain|zanun|zanun|verb|un verb|un-usbat|||From Old Mampulan||||||5|452|||||||||||||
suggest|mitorun|mitorun|verb|run verb|run-usbat|||From Old Mampulan||||||7|453|||||||||||||
raise|shounun|xounun|verb|un verb|un-usbat|||From Old Mampulan||||||6|454|||||||||||||
pass|watun|watun|verb|un verb|un-usbat|||From Old Mampulan||move, proceed, go||||5|455|||||||||||||
sell|getun|getun|verb|run verb|run-usbat|||From Old Mampulan||||||5|456|||||||||||||
require|rekurun|rekurun|verb|run verb|run-usbat|||From Old Mampulan||||||7|457|||||||||||||
report|portun|portun|verb|un verb|un-usbat|||From Old Mampulan||||||6|458|||||||||||||
decide|keturun|keturun|verb|run verb|run-usbat|||From Old Mampulan||||||7|459|||||||||||||
pull|dukun|dukun|verb|run verb|run-usbat|||From Old Mampulan||||||5|460|||||||||||||
fly|fulun|fulun|verb|un verb|un-usbat|||From Old Mampulan||||||5|461|||||||||||||
push|trunun|trunun|verb|un verb|un-usbat|||From Old Mampulan||||||6|462|||||||||||||
get lost|wikun|wikun|verb|un verb|un-usbat|||From Old Mampulan||||||5|463|||||||||||||
save|helurun|helurun|verb|run verb|run-usbat|||From Old Mampulan||||||7|464|||||||||||||
have|abuarun|abuarun|verb|run verb|run-usbat|||From Eagle Language||||mairun||7|465|||||||||||||
go|alirun|alirun|verb|run verb|run-usbat|||From Eagle Language||||sorun||6|466|||||||||||||
get|debenirun|debenirun|verb|run verb|run-usbat|||From Eagle Language||||urun||9|467|||||||||||||
make|ferun|ferun|verb|run verb|run-usbat|||From Eagle Language||||asun||5|468|||||||||||||
think|fenserun|fenserun|verb|run verb|run-usbat|||From Eagle Language||||rinun||8|469|||||||||||||
take|tomarun|tomarun|verb|run verb|run-usbat|||From Eagle Language||||kūnun||7|470|||||||||||||
see|berun|berun|verb|run verb|run-usbat|||From Eagle Language||||lurun||5|471|||||||||||||
come|benirun|benirun|verb|run verb|run-usbat|||From Eagle Language||||rairun||7|472|||||||||||||
want|kererun|kererun|verb|run verb|run-usbat|||From Eagle Language||||gusun||7|473|||||||||||||
look|mirarun|mirarun|verb|run verb|run-usbat|||From Eagle Language||||lurun||7|474|||||||||||||
use|mitrun|mitrun|verb|run verb|run-usbat|||From Eagle Language||||ngeirun||6|475|||||||||||||
find|trobun|trobun|verb|un verb|un-usbat|||From Eagle Language||||finun||6|476|||||||||||||
give|donun|donun|verb|un verb|un-usbat|||`||||girun||5|477|||||||||||||
tell|direrun|direrun|verb|run verb|run-usbat|||From Eagle Language||||tirun||7|478|||||||||||||
call|âplirun|a^plirun|verb|run verb|run-usbat|||From Eagle Language||||yorun||8|479|||||||||||||
try|eseyirun|eseyirun|verb|run verb|run-usbat|||From Eagle Language||||subun||8|480|||||||||||||
ask|demandun|demandun|verb|un verb|un-usbat|||From Eagle Language||||tanun||8|481|||||||||||||
need|besuanun|besuanun|verb|un verb|un-usbat|||From Eagle Language||||kailun||8|482|||||||||||||
feel|senterun|senterun|verb|un verb|un-usbat|||From Eagle Language||||mainun||8|483|||||||||||||
help|edun|edun|verb|un verb|un-usbat|||From Eagle Language||||aitun||4|484|||||||||||||
talk|parlun|parlun|verb|un verb|un-usbat|||From Eagle Language||||birun||6|485|||||||||||||
eat|mandukun|mandukon|verb|un verb|un-usbat|||From Eagle Language||||kainun||8|486|||||||||||||
drink|biberun|biberun|verb|run verb|run-usbat|||From Eagle Language||||irun||7|487|||||||||||||
service|sābas|sa-bas|noun|noun|notbat|||<i>sābun</i> (&quot;serve&quot;)+ <i>-as</i> (&quot;nominalizing suffix&quot;)||||||6|488|||||||||||||
lover|saiwan|saiwan|noun|noun|notbat|||From <i>sairun</i> (&quot;love&quot;) + <i>wan</i> (&quot;person&quot;)||||||6|489|||||||||||||
like|hir|hir|conjunction|conjunction|bintbat|having the characteristics of : similar to||From Old Mampulan||You roar like a lion.||||3|490|||||||||||||
turn|ban|ban|noun|noun|notbat|a chance to make an action in a game||||It is my turn to roll the dice.||||3|491|||||||||||||
teach|turun|turun|verb|un verb|un-usbat|||From Old Mampulan||||||5|492|||||||||||||
teacher|turwan|turwan|noun|noun|notbat|someone who teaches|turun na wan|From <i>turun</i> (&quot;teach&quot;) + <i>wan</i> (&quot;person&quot;)||||||6|493|||||||||||||
writer|sulwan|sulwan|noun|noun|notbat||sulun na wan|From <i>sulun</i> (&quot;write&quot;) + <i>wan</i> (&quot;person&quot;)||||||6|494|||||||||||||
reciprocating motion|kedtounas|kedtounas|noun|noun|notbat||||||||互+motion|9|495|||||||||||||
to and fro|dewonak|dewonak|adverb|adverb|qanusbat|in a reciprocating motion|kedtounas mo|de + wo + nak||People are going to and fro in the market|wan ni palis kan dewonak sorun|||7|496|||||||||||||
shake|kuin|kuin|noun|noun|notbat|||From Old Mampulan||||||4|497|||||||||||||
shake|kuinun|kuinun|verb|un verb|un-usbat|to move to and fro|dewonak tounun|From <i>kuin</i>||||||6|498|||||||||||||
earthquake|donkuin|donkuin|noun|noun|notbat|a shaking of the ground|don sa kuinas|From <i>don</i> (&quot;earth&quot;) + <i>kuin</i> (&quot;shake&quot;)||||||7|499|||||||||||||
need|kail|kail|noun|noun|notbat|||From Old Mampulan||||||4|500|||||||||||||
urge|urtun|urtun|verb|un verb|un-usbat|||From Old Mampulan||||||5|501|||||||||||||
urgent|urtung|urtuq|adjective|ng adjective|q-sulaikibat|||From <i>urtun</i> (&quot;urge&quot;)||||||5|502|||||||||||||
period|kid|kid|noun|noun|notbat|||||||||3|503|||||||||||||
site|ret|ret|noun|noun|notbat|||From Old Raccoon Mampulan||||||3|504|||||||||||||
situate|retun|retun|verb|un verb|un-usbat|||From <i>ret</i> (&quot;site&quot;)||||||5|505|||||||||||||
situation|retas|retas|noun|noun|notbat|||From <i>retun</i> (&quot;situate&quot;) + <i>-as</i> (&quot;nominalizing suffix&quot;)||||||5|506|||||||||||||
emergency|arnas|arnas|noun|noun|notbat|||From Old Eagle Language||||||5|507|||||||||||||
famous|sikang|sikaq|adjective|ng adjective|q-sulaikibat|||From Old Mampulan||||||5|508|||||||||||||
moon|mur|mur|noun|noun|notbat|||From Old Wolf Mampulan||||||3|509|||||||||||||
second|napo|napo|noun|noun|notbat|||From Old Mampulan||||||4|510|||||||||||||
minute|rant|rant|noun|noun|notbat|||From Old Mampulan||||||4|511|||||||||||||
hour|il|il|noun|noun|notbat|||From Old Mampulan||||||2|512|||||||||||||
day|rou|rou|noun|noun|notbat|||From Old Mampulan||||||3|513|||||||||||||
week|sat|sat|noun|noun|notbat|a period of seven days|poq rou sa kid|From Old Mampulan||||||3|514|||||||||||||
month|mor|mor|noun|noun|notbat|||From <i>mur</i> (&quot;ten&quot;) + <i>tiun</i> (&quot;year&quot;)||||||3|515|||||||||||||
year|tiun|tiun|noun|noun|notbat|a period of about 365 1/4 days|ke 365 1/4 rou sa kid|From Old Mampulan||||||4|516|||||||||||||
decade|tediun|tediun|noun|noun|notbat|a period of ten years|teq tiun sa kid|From <i>te</i> (&quot;ten&quot;) + <i>tiun</i> (&quot;year&quot;)||||||6|517|||||||||||||
century|chediun|cediun|noun|noun|notbat|a period of a hundred years|ceq tiun sa kid|From <i>che</i> (&quot;hundred&quot;) + <i>tiun</i> (&quot;year&quot;)||||||6|518|||||||||||||
millennium|tekdiun|tekdiun|noun|noun|notbat|a period of a thousand years|tekeq tiun sa kid|From <i>teke</i> (&quot;thousand&quot;) + <i>tiun</i> (&quot;year&quot;)||||||7|519|||||||||||||
sun|rau|rau|noun|noun|notbat|||From Old Mampulan||||||3|520|||||||||||||
sound|rat|rat|noun|noun|notbat|||From Old Raccoon Mamuplan||||||3|521|||||||||||||
substance|nai|nai|noun|noun|notbat|||From Old Mampulan||||||3|522|||||||||||||
clear|praing|praiq|adjective|ng adjective|q-sulaikibat|||From Old Mampulan||||||5|523|||||||||||||
explanation|prainalt|prainalt|noun|noun|notbat|||From <i>prainaltun</i> (&quot;become clear&quot;)||||||8|524|||||||||||||
explain|prainaltun|prainaltun|verb|un verb|un-usbat|||From <i>prainalt</i> (&quot;explanation&quot;)||||||10|525|||||||||||||
feeling|main|main|noun|noun|notbat|||From Old Mampulan||||emotion||4|526|||||||||||||
meaning|ngi|qi|noun|noun|notbat|||From Old Mampulan||||||2|527|||||||||||||
hinge|raka|raka|noun|noun|notbat|||From Old Mampulan||||||4|528|||||||||||||
hinge|rakarun|rakarun|verb|run verb|run-usbat|||From Old Mampulan||||||7|529|||||||||||||
sheet|foi|foi|noun|noun|notbat|a flat thin piece|iq palaq feiq pet|From Old Mampulan|||||feuille|3|530|||||||||||||
book|aka|aka|noun|noun|notbat|A collection of sheets of paper bound together to hinge at one edge.|iq zeik kan rakarun tun samanak wanona na foi sa krit sa get|From Old Mampulan||||liber||3|531|||||||||||||
book|liber|liber|noun|noun|notbat|||From Old Eagle Language||||aka||5|532|||||||||||||
word|bat|bat|noun|noun|notbat|The smallest unit of language that has a particular meaning and can be expressed by itself; the smallest discrete, meaningful unit of language.||From Old Mampulan||A dictionary is a type of book which explains the meanings of words.||||3|533|||||||||||||
same|hirung|hiruq|adjective|ung adjective|uq-sulaikibat|||||||idemung||5|534|||||||||||||
simultaneous|hirfoung|hirfouq|adjective|g adjective|g-sulaikibat|||From <i>hir</i> (&quot;same&quot;) + <i>foun</i> (&quot;time&quot;)||||idemsaitung||7|535|||||||||||||
homonym|hirbat|hirbat|noun|noun|notbat|||From <i>hir</i> (&quot;same&quot;) + <i>bat</i> (&quot;word&quot;)||||idembat||6|536|||||||||||||
homogeneity|hirnai|hirnai|noun|noun|notbat|||From <i>hir</i> (&quot;same&quot;) + <i>rat</i> (&quot;substance&quot;)||||idemnai||6|537|||||||||||||
homogeneous|hirnaing|hirnaiq|adjective|ng adjective|q-sulaikibat|||From <i>hir</i> (&quot;same&quot;) + <i>rat</i> (&quot;substance&quot;)||||idemnaing||7|538|||||||||||||
homogenize|hirnairun|hirnairun|verb|run verb|run-usbat|||From <i>hir</i> (&quot;same&quot;) + <i>rat</i> (&quot;substance&quot;)||||idemnairun||9|539|||||||||||||
homophone|hirrat|hirrat|noun|noun|notbat|||From <i>hir</i> (&quot;same&quot;) + <i>rat</i> (&quot;sound&quot;)||||idemrat||6|540|||||||||||||
homograph|hirlet|hirlet|noun|noun|notbat|||From <i>hir</i> (&quot;same&quot;) + <i>rat</i> (&quot;sound&quot;)||||idemlet||6|541|||||||||||||
sympathy|hirmain|hirmain|noun|noun|notbat|||From <i>hir</i> (&quot;same&quot;) + <i>main</i> (&quot;feeling&quot;)||||idemmain||7|542|||||||||||||
agreement|hirngi|hirqi|noun|noun|notbat|||From <i>hir</i> (&quot;same&quot;) + <i>ngi</i> (&quot;idea&quot;)||||idemngi||5|543|||||||||||||
synchronization|hirfounchen|hirfouncen|noun|noun|notbat|||From <i>hir</i> (&quot;same&quot;) + <i>foun</i> (&quot;time&quot;) + <i>chen</i> (&quot;-ization&quot;)||||idemsaitchen||10|544|||||||||||||
synchronize|hirfounchenun|hirfouncenun|verb|un verb|un-usbat|||From <i>hirfounchen</i> (&quot;synchronization&quot;)||||idemsaitchenun||12|545|||||||||||||
same|idemung|idemuq|adjective|ung adjective|uq-sulaikibat|||From Eagle Language||||hirung||6|546|||||||||||||
simultaneous|idemsaitung|idemsaituq|adjective|ung adjective|uq-sulaikibat|||From <i>idem</i> (&quot;same&quot;) + Eagle Language <i>sait</i> (&quot;time&quot;)||||hirfoung||10|547|||||||||||||
homonym|idembat|idembat|noun|noun|notbat|||From <i>idem</i> (&quot;same&quot;) + <i>bat</i> (&quot;word&quot;)||||hirbat||7|548|||||||||||||
homogeneity|idemnai|idemnai|noun|noun|notbat|||From <i>idem</i> (&quot;same&quot;) + <i>rat</i> (&quot;substance&quot;)||||hirnai||7|549|||||||||||||
homogeneous|idemnaing|idemnaiq|adjective|ng adjective|q-sulaikibat|||From <i>idem</i> (&quot;same&quot;) + <i>rat</i> (&quot;substance&quot;)||||hirnaing||8|550|||||||||||||
homogenize|idemnairun|idemnairun|verb|run verb|run-usbat|||From <i>idem</i> (&quot;same&quot;) + <i>rat</i> (&quot;substance&quot;)||||hirnairun||10|551|||||||||||||
homophone|idemrat|idemrat|noun|noun|notbat|||From <i>idem</i> (&quot;same&quot;) + <i>rat</i> (&quot;sound&quot;)||||hirrat||7|552|||||||||||||
homograph|idemlet|idemlet|noun|noun|notbat|||From <i>idem</i> (&quot;same&quot;) + <i>rat</i> (&quot;sound&quot;)||||hirlet||7|553|||||||||||||
sympathy|idemmain|idemmain|noun|noun|notbat|||From <i>idem</i> (&quot;same&quot;) + <i>main</i> (&quot;feeling&quot;)||||hirmain||8|554|||||||||||||
agreement|idemngi|idemqi|noun|noun|notbat|||From <i>idem</i> (&quot;same&quot;) + <i>ngi</i> (&quot;idea&quot;)||||hirngi||6|555|||||||||||||
synchronization|idemsaitchen|idemsaitcen|noun|noun|notbat|||From <i>idem</i> (&quot;same&quot;) + Eagle Language <i>sait</i> (&quot;time&quot;) + <i>chen</i> (&quot;-ization&quot;)||||hirfounchen||11|556|||||||||||||
synchronize|idemsaitchenun|idemsaitcenun|verb|un verb|un-usbat|||From <i>idemsaitchen</i> (&quot;synchronization&quot;)||||hirfounchenun||13|557|||||||||||||
chronology|foun'ga|foun'ga|noun|noun|notbat|||From <i>foun</i> (&quot;time&quot;) + <i>ga</i> (&quot;study(&quot;)||||saitga||7|558|||||||||||||
chronicle|founaka|founaka|noun|noun|notbat|||From <i>foun</i> (&quot;time&quot;) + <i>aka</i> (&quot;book&quot;)||"A famous chronicle in Mampulan is the ""Chronicle of the Wolves"" by Pangil."|iq sikaq founaka ni Mampulan kan Paqil mo “woun sa founaka” tu.|saitliber||7|559|||||||||||||
chronicler|founakawan|founakawan|noun|noun|notbat|||From <i>founaka</i> (&quot;chronicle&quot;) + <i>wan</i> (&quot;person&quot;)||Pangil is the first wolf chronicler.|Paqil ni waiq woun sa founakawan tu|saitliberor||10|560|||||||||||||
chronology|saitga|saitga|noun|noun|notbat|||From Eagle Language <i>sait</i> (&quot;time&quot;) + <i>ga</i> (&quot;study(&quot;)||||foun'ga||6|561|||||||||||||
chronicle|saitliber|saitliber|noun|noun|notbat|||From Eagle Language <i>sait</i> (&quot;time&quot;) + <i>liber</i> (&quot;book&quot;)||||founaka||9|562|||||||||||||
chronicler|saitliberor|saitliberor|noun|noun|notbat|||From Eagle Language <i>saitliber</i> (&quot;chronicle&quot;) + <i>or</i> (&quot;person&quot;)||||founakawan||11|563|||||||||||||
agree|hirngirun|hirqirun|verb|run verb|run-usbat|||From <i>hirngi</i> (&quot;agreement&quot;)||||||8|564|||||||||||||
agree|idemngirun|idemqirun|verb|run verb|run-usbat|||From <i>idemngi</i> (&quot;agreement&quot;)||||||9|565|||||||||||||
apathy|mamain|mamain|noun|noun|notbat|||From <i>ma</i> (&quot;absence of something&quot;) + <i>main</i> (&quot;emotion&quot;)||||||6|566|||||||||||||
empathy|tanamain|tanamain|noun|noun|notbat|||From <i>tana</i> (&quot;common&quot;) + <i>main</i> (&quot;emotion&quot;)||||||8|567|||||||||||||
from|wo|wo|preposition|postposition|pusobat|||From Old Mampulan||||||2|568|||||||||||||
to|de|de|preposition|postposition|pusobat|||From Old Mampulan||||||2|569|||||||||||||
of|sa|sa|preposition|postposition|pusobat|function word to show possession, identity or apposition, noun, adverb, or phrase modifier, ||From Old Mampulan||||||2|570|||||||||||||
with|mo|mo|preposition|postposition|pusobat|function word to show modality  (what object or instrument you use to do verb). ||From Old Mampulan||||||2|571|||||||||||||
with|me|me|preposition|postposition|pusobat|function as a co-participant with||From Old Mampulan||||||2|572|||||||||||||
in|kan|kan|preposition|postposition|pusobat|function word to show location||From Old Mampulan||||||3|573|||||||||||||
to|tun|tun|preposition|postposition|pusobat|function word to show causality||From Old Mampulan||||||3|574|||||||||||||
nail|tor|tor|noun|noun|notbat|fingernail||From Old Mampulan||||||3|575|||||||||||||
nail|par|par|noun|noun|notbat|construction nails||Unknown origin||||||3|576|||||||||||||
I|ko|ko|pronoun|pronoun|sunotbat|||From Old Mampulan||||||2|577|||||||||||||
me|ko|ko|pronoun|pronoun|sunotbat|||From Old Mampulan||||||2|578|||||||||||||
my|kos|kos|pronoun|pronoun|sunotbat|||From Old Mampulan||||||3|579|||||||||||||
mine|kos|kos|pronoun|pronoun|sunotbat|||From Old Mampulan||||||3|580|||||||||||||
you|ro|ro|pronoun|pronoun|sunotbat|singular||From Old Mampulan||||||2|581|||||||||||||
you|roi|roi|pronoun|pronoun|sunotbat|plural||From Old Mampulan||||||3|582|||||||||||||
your|ros|ros|pronoun|pronoun|sunotbat|singular||From Old Mampulan||||||3|583|||||||||||||
your|rois|rois|pronoun|pronoun|sunotbat|plural||From Old Mampulan||||||4|584|||||||||||||
yours|ros|ros|pronoun|pronoun|sunotbat|singular||From Old Mampulan||||||3|585|||||||||||||
yours|rois|rois|pronoun|pronoun|sunotbat|plural||From Old Mampulan||||||4|586|||||||||||||
he|yo|yo|pronoun|pronoun|sunotbat|||From Old Mampulan||||||2|587|||||||||||||
his|yos|yos|pronoun|pronoun|sunotbat|||From Old Mampulan||||||3|588|||||||||||||
she|yo|yo|pronoun|pronoun|sunotbat|||From Old Mampulan||||||2|589|||||||||||||
her|yos|yos|pronoun|pronoun|sunotbat|||From Old Mampulan||||||3|590|||||||||||||
hers|yos|yos|pronoun|pronoun|sunotbat|||From Old Mampulan||||||3|591|||||||||||||
it|lo|lo|pronoun|pronoun|sunotbat|||From Old Mampulan||||||2|592|||||||||||||
its|los|los|pronoun|pronoun|sunotbat|||From Old Mampulan||||||3|593|||||||||||||
we|koi|koi|pronoun|pronoun|sunotbat|inclusive||From Old Mampulan||||||3|594|||||||||||||
we|kai|kai|pronoun|pronoun|sunotbat|exclusive||From Old Mampulan||||||3|595|||||||||||||
our|kois|kois|pronoun|pronoun|sunotbat|inclusive||From Old Mampulan||||||4|596|||||||||||||
our|kais|kais|pronoun|pronoun|sunotbat|exclusive||From Old Mampulan||||||4|597|||||||||||||
ours|kois|kois|pronoun|pronoun|sunotbat|inclusive||From Old Mampulan||||||4|598|||||||||||||
ours|kais|kais|pronoun|pronoun|sunotbat|exclusive||From Old Mampulan||||||4|599|||||||||||||
they|yoi|yoi|pronoun|pronoun|sunotbat|||From Old Mampulan||||||3|600|||||||||||||
them|yoi|yoi|pronoun|pronoun|sunotbat|||From Old Mampulan||||||3|601|||||||||||||
their|yois|yois|pronoun|pronoun|sunotbat|||From Old Mampulan||||||4|602|||||||||||||
theirs|yois|yois|pronoun|pronoun|sunotbat|||From Old Mampulan||||||4|603|||||||||||||
car|brun|brun|noun|noun|notbat|||Probably from car onomatopoeia when a car starts or drives vroom||||||4|604|||||||||||||
wall|pade|pade|noun|noun|notbat|||From Old Mampulan||||||4|605|||||||||||||
window|chima|cima|noun|noun|notbat|||From Old Mampulan||||||4|606|||||||||||||
door|nila|nila|noun|noun|notbat|||From Old Mampulan||||||4|607|||||||||||||
warehouse|nost|nost|noun|noun|notbat|||From Old Mampulan||||||4|608|||||||||||||
garage|brunnost|brunnost|noun|noun|notbat|||From <i>brun</i> (&quot;car&quot;) + <i>nost</i> (&quot;warehouse&quot;)||||||8|609|||||||||||||
balcony|beranda|beranda|noun|noun|notbat|||From <i>English Language veranda</i>||||||7|610|||||||||||||
yard|wina|wina|noun|noun|notbat|||From Old Mampulan||||||4|611|||||||||||||
type|pasa|pasa|noun|noun|notbat|||From Old Mampulan||||||4|612|||||||||||||
harbor|osanila|osanila|noun|noun|notbat|||From <i>awon sa nila</i> (&quot;door of water&quot;)||||port||7|613|||||||||||||
harbour|osanila|osanila|noun|noun|notbat|||From <i>awon sa nila</i> (&quot;door of water&quot;)||||port||7|614|||||||||||||
port|osanila|osanila|noun|noun|notbat|||From <i>awon sa nila</i> (&quot;door of water&quot;)||||harbor, harbour||7|615|||||||||||||
beauty|biu|biu|noun|noun|notbat|||From Old Mampulan||||||3|616|||||||||||||
beautiful|biung|biuq|adjective|ng adjective|q-sulaikibat|||From <i>biu</i> (&quot;beauty&quot;)||||||4|617|||||||||||||
new|anang|anaq|adjective|ng adjective|q-sulaikibat|||From Old Mampulan||||||4|618|||||||||||||
old|olung|oluq|adjective|ung adjective|uq-sulaikibat|||From Old Mampulan||||||4|619|||||||||||||
low|loung|louq|adjective|ng adjective|q-sulaikibat|||From Old Mampulan||||||4|620|||||||||||||
high|teing|teiq|adjective|ng adjective|q-sulaikibat|||From Old Mampulan||||||4|621|||||||||||||
long|leng|leq|adjective|g adjective|g-sulaikibat|||From Old Mampulan||||||3|622|||||||||||||
short|shong|xoq|adjective|g adjective|g-sulaikibat|||From Old Mampulan||||||3|623|||||||||||||
cheap|biling|biliq|adjective|ung adjective|uq-sulaikibat|||From Old Mampulan||||||5|624|||||||||||||
expensive|toyang|toyaq|adjective|ng adjective|q-sulaikibat|||From Old Mampulan||||||5|625|||||||||||||
instinct|honlot|honlot|noun|noun|notbat|||From <i>hon</i> (&quot;origin, fundamental&quot;) + <i>lot</i> (&quot;ability, skill&quot;)||||||6|626|||||||||||||
little|plung|pluq|adjective|ng adjective|q-sulaikibat|||From Old Mampulan||||||4|627|||||||||||||
consent|samamain|samamain|noun|noun|notbat|||From <i>sama</i> (&quot;together&quot;) + <i>main</i> (&quot;feeling&quot;)||||||8|628|||||||||||||
a little bit|komobusak|komobusak|adverb|adverb|qanusbat|||From <i>komo</i> (&quot;little&quot;) + <i>bus</i> (&quot;thing&quot;)||I am a little bit concerned.||||9|629|||||||||||||
next|fiung|fiuq|adjective|ng adjective|q-sulaikibat|||From Old Mampulan||||||4|630|||||||||||||
next|buspusung|buspusuq|adjective|ung adjective|uq-sulaikibat|formal||From <i>bus</i> (&quot;thing&quot;) + <i>pus</i> (&quot;front&quot;)||||||8|631|||||||||||||
previous|busbing|busbiq|adjective|g adjective|g-sulaikibat|formal||From <i>bus</i> (&quot;thing&quot;) + <i>bin</i> (&quot;back&quot;)||||||6|632|||||||||||||
night|kapi|kapi|noun|noun|notbat|||From Old Mampulan||||||4|633|||||||||||||
neat|linung|linuq|adjective|ng adjective|q-sulaikibat|||From Old Mampulan||||||5|634|||||||||||||
random|antlin|antlin|noun|noun|notbat|||From <i>ant</i> (&quot;not&quot;) + <i>lin</i> (&quot;neat&quot;)||||||6|635|||||||||||||
close|serung|seruq|adjective|ung adjective|uq-sulaikibat|near||From Old Mampulan||||near||5|636|||||||||||||
most|benak|benak|adverb|adverb|qanusbat|||From <i>be</i> (&quot;most&quot;) + <i>-nak</i> (&quot;adverb forming suffix&quot;)||||||5|637|||||||||||||
least|beplunak|beplunak|adverb|adverb|qanusbat|||From <i>be</i> (&quot;most&quot;) + <i>plung</i> (&quot;little&quot;) + <i>-ak</i> (&quot;adverb forming suffix&quot;)||||||8|638|||||||||||||
most|beng|beq|adjective|ng adjective|q-sulaikibat|||From <i>be</i> (&quot;most&quot;)||||||3|639|||||||||||||
least|beplung|bepluq|adjective|ng adjective|q-sulaikibat|||From <i>be</i> (&quot;most&quot;) + <i>plung</i> (&quot;little&quot;)||||||6|640|||||||||||||
best|beyong|beyoq|adjective|ng adjective|q-sulaikibat|||From <i>be</i> (&quot;most&quot;) + <i>yong</i> (&quot;good&quot;)||||||5|641|||||||||||||
worst|behaitung|behaituq|adjective|ung adjective|uq-sulaikibat|||From <i>be</i> (&quot;most&quot;) + <i>haitung</i> (&quot;bad&quot;)||||||8|642|||||||||||||
newest|be'anang|be'anaq|adjective|ng adjective|q-sulaikibat|||From <i>be</i> (&quot;most&quot;) + <i>anang</i> (&quot;new&quot;)||||||7|643|||||||||||||
oldest|be'olung|be'oluq|adjective|ung adjective|uq-sulaikibat|||From <i>be</i> (&quot;most&quot;) + <i>olung</i> (&quot;old&quot;)||||||7|644|||||||||||||
lowest|beloung|belouq|adjective|ng adjective|q-sulaikibat|||From <i>be</i> (&quot;most&quot;) + <i>loung</i> (&quot;low&quot;)||||||6|645|||||||||||||
highest|beteing|beteiq|adjective|ng adjective|q-sulaikibat|||From <i>be</i> (&quot;most&quot;) + <i>teing</i> (&quot;high&quot;)||||||6|646|||||||||||||
longest|beleng|beleq|adjective|g adjective|g-sulaikibat|||From <i>be</i> (&quot;most&quot;) + <i>leng</i> (&quot;long&quot;)||||||5|647|||||||||||||
shortest|beshong|bexoq|adjective|g adjective|g-sulaikibat|||From <i>be</i> (&quot;most&quot;) + <i>shong</i> (&quot;short&quot;)||||||5|648|||||||||||||
fast|situng|situq|adjective|ung adjective|uq-sulaikibat|||From Old Mampulan. Similar to <i>sedung</i> (&quot;early&quot;)||||||5|649|||||||||||||
fastest|besitung|besituq|adjective|ung adjective|uq-sulaikibat|||From <i>be</i> (&quot;most&quot;) + <i>situng</i> (&quot;fast&quot;)||||||7|650|||||||||||||
slow|raitung|raituq|adjective|ung adjective|uq-sulaikibat|||From Old Mampulan|||||遅|6|651|||||||||||||
slowest|beraitung|beraituq|adjective|ung adjective|uq-sulaikibat|||From <i>be</i> (&quot;most&quot;) + <i>raitung</i> (&quot;slow&quot;)|||||遅|8|652|||||||||||||
more|pi|pi|adverb|adverb|qanusbat|||||||||2|653|||||||||||||
less|kul|kul|adverb|adverb|qanusbat|||||||||3|654|||||||||||||
better|piyong|piyoq|adjective|ng adjective|q-sulaikibat|||From <i>pi</i> (&quot;more&quot;) + <i>yong</i> (&quot;good&quot;)||||||5|655|||||||||||||
worse|pihaitung|pihaituq|adjective|ung adjective|uq-sulaikibat|||From <i>pi</i> (&quot;more&quot;) + <i>haitung</i> (&quot;bad&quot;)||||||8|656|||||||||||||
newer|pi'anang|pi'anaq|adjective|ng adjective|q-sulaikibat|||From <i>pi</i> (&quot;more&quot;) + <i>anag</i> (&quot;new&quot;)||||||7|657|||||||||||||
older|pi'olung|pi'oluq|adjective|ung adjective|uq-sulaikibat|||From <i>pi</i> (&quot;more&quot;) + <i>olung</i> (&quot;old&quot;)||||||7|658|||||||||||||
lower|piloung|pilouq|adjective|ng adjective|q-sulaikibat|||From <i>pi</i> (&quot;more&quot;) + <i>loung</i> (&quot;low&quot;)||||||6|659|||||||||||||
higher|piteing|piteiq|adjective|ng adjective|q-sulaikibat|||From <i>pi</i> (&quot;more&quot;) + <i>teing</i> (&quot;high&quot;)||||||6|660|||||||||||||
longer|pileng|pileq|adjective|g adjective|g-sulaikibat|||From <i>pi</i> (&quot;more&quot;) + <i>leng</i> (&quot;long&quot;)||||||5|661|||||||||||||
shorter|pishong|pixoq|adjective|g adjective|g-sulaikibat|||From <i>pi</i> (&quot;more&quot;) + <i>shong</i> (&quot;short&quot;)||||||5|662|||||||||||||
faster|pisitung|pisituq|adjective|ung adjective|uq-sulaikibat|||From <i>pi</i> (&quot;more&quot;) + <i>situng</i> (&quot;fast&quot;)||||||7|663|||||||||||||
fast|sitak|sitak|adverb|adverb|qanusbat|||From <i>situng</i> (&quot;fast&quot;)||||||5|664|||||||||||||
slowly|suronak|suronak|adverb|adverb|qanusbat|||From <i>surong</i> (&quot;slow&quot;)||||||7|665|||||||||||||
every|maing|maiq|adverb|adverb|qanusbat|||From Old Mampulan||||||4|666|||||||||||||
annually|maitiun|maitiun|adverb|adverb|qanusbat|||From <i>mai</i> (&quot;every&quot;) + <i>tiuin</i> (&quot;year&quot;)||||||7|667|||||||||||||
yearly|maitiun|maitiun|adverb|adverb|qanusbat|||From <i>mai</i> (&quot;every&quot;) + <i>tiuin</i> (&quot;year&quot;)||||||7|668|||||||||||||
daily|mairou|mairou|adverb|adverb|qanusbat|||From <i>mai</i> (&quot;every&quot;) + <i>rou</i> (&quot;day&quot;)||||||6|669|||||||||||||
monthly|maimor|maimor|adverb|adverb|qanusbat|||From <i>mai</i> (&quot;every&quot;) + <i>mor</i> (&quot;month&quot;)||||||6|670|||||||||||||
recently|beser|beser|adverb|adverb|qanusbat|||From <i>be</i> (&quot;most&quot;) + <i>ser</i> (&quot;close, near&quot;)||||||5|671|||||||||||||
tomorrow|buspusrou|buspusrou|adverb|adverb|qanusbat|||From <i>buspus</i> (&quot;next&quot;) + <i>rou</i> (&quot;day&quot;)||||||9|672|||||||||||||
weekly|maisat|maisat|adverb|adverb|qanusbat|||From <i>mai</i> (&quot;every&quot;) + <i>tiuin</i> (&quot;year&quot;)||||||6|673|||||||||||||
yesterday|busbinrou|busbinrou|adverb|adverb|qanusbat|||From <i>busbin</i> (&quot;previous&quot;) + <i>tiuin</i> (&quot;day&quot;)||||||9|674|||||||||||||
today|nga|qa|adverb|adverb|qanusbat|||From Old Mampulan <i>meituan</i>||||||2|675|||||||||||||
tonight|ngakapi|qakapi|adverb|adverb|qanusbat|||From <i>nga</i> (&quot;today&quot;) + <i>kapi</i> (&quot;night&quot;)||||||6|676|||||||||||||
dictionary|satāka|bataka|noun|noun|notbat|||From <i>bat</i> (&quot;word&quot;) + <i>aka</i> (&quot;book&quot;)||A dictionary is a type of book which explains the meanings of words.||||6|677|||||||||||||
train|dukbrun|dukbrun|noun|noun|notbat|||From <i>duk</i> (&quot;pull&quot;) + <i>brun</i> (&quot;car&quot;)||||||7|678|||||||||||||
station|sunas|sunas|noun|noun|notbat|||From <i>surun</i> (&quot;stand&quot;) + <i>-nas</i> (&quot;nominalizing suffix&quot;)||||||5|679|||||||||||||
train station|dukbrun sunas|dukbrun sunas|noun|noun|notbat|||From <i>dukbrun</i> (&quot;train&quot;) + <i>sunas</i> (&quot;station&quot;)||||||13|680|||||||||||||
bus|bas|bas|noun|noun|notbat|||From <i>bus</i>||||||3|681|||||||||||||
bus stop|bas sunas|bas sunas|noun|noun|notbat|||From <i>bas</i> (&quot;bus&quot;) + <i>sunas</i> (&quot;station&quot;)||||||9|682|||||||||||||
pole|pou|pou|noun|noun|notbat|||From Old Mampulan||||||3|683|||||||||||||
disturb|damarun|damarun|verb|run verb|run-usbat|||From Old Mampulan||||||7|684|||||||||||||
sad|luktung|luktuq|adjective|ng adjective|q-sulaikibat|||From Old Mampulan||||||6|685|||||||||||||
sadness|luktu|luktu|noun|noun|notbat|||From Old Mampulan||||||5|686|||||||||||||
good|yong|yoq|adjective|ng adjective|q-sulaikibat|||From Old Mampulan||||||3|687|||||||||||||
morning|alo|alo|noun|noun|notbat|||From Old Mampulan||||||3|688|||||||||||||
afternoon|laso|laso|noun|noun|notbat|||From Old Mampulan||||||4|689|||||||||||||
night|kapi|kapi|noun|noun|notbat|||From Old Mampulan||||||4|690|||||||||||||
until|ges|ges|preposition|postposition|pusobat|||From Old Mampulan||||||3|691|||||||||||||
again|wid|wid|adverb|adverb|qanusbat|||From Old Mampulan||||||3|692|||||||||||||
soon|yet|yet|adverb|adverb|qanusbat|||From Old Mampulan||||||3|693|||||||||||||
grace|onen|onen|noun|noun|notbat|||From Old Mampulan||||||4|694|||||||||||||
difficulty|mos|mos|noun|noun|notbat|||From Old Mampulan||||||3|695|||||||||||||
good morning|biung alo|biuq alo|phrase|phrase||||From <i>biung</i> (&quot;beautiful&quot;) + <i>alo</i> (&quot;morning&quot;)||||||8|696|||||||||||||
good afternoon|biung laso|biuq laso|phrase|phrase||||From <i>biung</i> (&quot;beautiful&quot;) + <i>laso</i> (&quot;afternoon&quot;)||||||9|697|||||||||||||
good night|biung kapi|biuq kapi|phrase|phrase||||From <i>biung</i> (&quot;beautiful&quot;) + <i>kapi</i> (&quot;night&quot;)||||||9|698|||||||||||||
goodbye|wid lurun ges|wid lurun ges|phrase|phrase||||From <i>wid + lurun + ges</i>. <i>wid</i> (&quot;again&quot;) + <i>lurun</i> (&quot;see&quot;) + <i>ges</i> (&quot;until&quot;)||||||13|699|||||||||||||
thank you|môsurun|mo^sorun|phrase|phrase||An phrase of gratitude or politeness in response to something done. This phrase is often used with the particle <i>mo</i>.||From <i>mos nourun</i> (&quot;I understand the difficulty&quot;)||Thank you for your patience.|Rois gust mo môsurun.|thanks||8|700|||||||||||||
thanks|môsurun|mo^sorun|phrase|phrase||An phrase of gratitude or politeness in response to something done. This phrase is often used with the particle <i>mo</i>.||From <i>mos nourun</i> (&quot;I understand the difficulty&quot;)||Thanks for your patience.|Rois gust mo môsurun.|thank you||8|701|||||||||||||
sorry|papalungung|papaluquq|phrase|phrase||||Literally <i>It makes one sad.</i>||||I'm sorry||9|702|||||||||||||
I'm sorry|papalungung|papaluquq|phrase|phrase||||Literally <i>It makes one sad.</i>||||sorry||9|703|||||||||||||
excuse me|kodamarun|kodamarun|phrase|phrase||||From <i>ko</i> (&quot;I&quot;) + <i>damarun</i> (&quot;disturb&quot;)||||||9|704|||||||||||||
how are you|ro ni dron yaru|ro ni dron yaru|phrase|phrase||||From <i>ro</i> (&quot;you&quot;) + <i>dron</i> (&quot;how&quot;) + <i>yaru</i> (&quot;do&quot;). Literally <i>How do you do?</i>||||ro'n dron yaru||15|705|||||||||||||
how are you|ro'n dron yaru|ro'n dron yaru|phrase|phrase||||From <i>ro</i> (&quot;you&quot;) + <i>dron</i> (&quot;how&quot;) + <i>yaru</i> (&quot;do&quot;). Literally <i>How do you do?</i>||||ro ni dron yaru||14|706|||||||||||||
congratulations|onenggirun|oneqgirun|phrase|phrase||||From <i>onen</i> (&quot;grace&quot;) + <i>girun</i> (&quot;give&quot;)||||||9|707|||||||||||||
nice to meet you|yongarun|yoqarun|phrase|phrase||||From <i>yong</i> (&quot;good&quot;) + <i>arun</i> (&quot;give&quot;)||||||7|708|||||||||||||
welcome|yongrai|yoqrai|phrase|phrase||||From <i>yong</i> (&quot;good&quot;) + <i>rairun</i> (&quot;come&quot;)||||||6|709|||||||||||||
see you soon|yet lurun|yet lurun|phrase|phrase||||From <i>yet lurun</i>. <i>yet</i> (&quot;soon&quot;) + <i>lurun</i> (&quot;see&quot;)||||||9|710|||||||||||||
have a good day|yong rou mairê|yoq rou maire^|phrase|phrase||||From <i>yong</i> (&quot;good&quot;) + <i>rou</i> (&quot;day&quot;) + <i>mairê</i> (&quot;imperative form of mairun&quot;).||||||14|711|||||||||||||
this|pat|pat|adjective|special adjective||The (thing) here. Note in Mampulan, singular and plural form are the same (this and these)||From Old Mampulan||||||3|712|||||||||||||
that|tos|tos|adjective|special adjective||The (thing) there. Note in Mampulan, singular and plural form are the same (that and those)||From Old Mampulan||||||3|713|||||||||||||
these|pat|pat|adjective|special adjective||The (thing) here. Note in Mampulan, singular and plural form are the same (this and these)||From Old Mampulan||||||3|714|||||||||||||
those|tos|tos|adjective|special adjective||The (thing) there. Note in Mampulan, singular and plural form are the same (that and those)||From Old Mampulan||||||3|715|||||||||||||
this|pat|pat|pronoun|pronoun|sunotbat|||From Old Mampulan||||||3|716|||||||||||||
that|tos|tos|pronoun|pronoun|sunotbat|||From Old Mampulan||||||3|717|||||||||||||
these|pat|pat|pronoun|pronoun|sunotbat|||From Old Mampulan||||||3|718|||||||||||||
those|tos|tos|pronoun|pronoun|sunotbat|||From Old Mampulan||||||3|719|||||||||||||
here|patin|patin|pronoun|pronoun|sunotbat|||From <i>pat</i> (&quot;this&quot;) + <i>pein</i> (&quot;place&quot;)||||||5|720|||||||||||||
there|tosin|tosin|pronoun|pronoun|sunotbat|||From <i>tos</i> (&quot;that&quot;) + <i>pein</i> (&quot;place&quot;)||||||5|721|||||||||||||
whence|deino|deino|pronoun|pronoun|sunotbat|||From <i>dein</i> (&quot;where&quot;) + <i>wo</i> (&quot;from&quot;)||||||5|722|||||||||||||
hence|patino|patino|pronoun|pronoun|sunotbat|||From <i>patin</i> (&quot;here&quot;) + <i>wo</i> (&quot;from&quot;)||||||6|723|||||||||||||
thence|toino|toino|pronoun|pronoun|sunotbat|||From <i>tosin</i> (&quot;there&quot;) + <i>wo</i> (&quot;from&quot;)||||||5|724|||||||||||||
whither|deinde|deinde|pronoun|pronoun|sunotbat|||From <i>dein</i> (&quot;where&quot;) + <i>de</i> (&quot;to&quot;)||||||6|725|||||||||||||
hither|patinde|patinde|pronoun|pronoun|sunotbat|||From <i>patin</i> (&quot;here&quot;) + <i>de</i> (&quot;to&quot;)||||||7|726|||||||||||||
thither|toinde|toinde|pronoun|pronoun|sunotbat|||From <i>tosin</i> (&quot;there&quot;) + <i>de</i> (&quot;to&quot;)||||||6|727|||||||||||||
bard|fenema|fenema|noun|noun|notbat|||From Old Eagle Language <i>fenema</i>||||||6|728|||||||||||||
lodge|shuk|xuk|noun|noun|notbat|A building for recreational use such as a hunting lodge or a summer cabin.||||||||3|729|||||||||||||
inn|shukpein|xukpein|noun|noun|notbat|Any establishment where travellers can procure lodging, food, and drink.||From <i>shuk</i> (&quot;lodge&quot;) + <i>pein</i> (&quot;place&quot;)||||||7|730|||||||||||||
store|baipein|baipein|noun|noun|notbat|A place where items may be purchased.||From <i>bairun</i> (&quot;buy&quot;) + <i>pein</i> (&quot;place&quot;)||||||7|731|||||||||||||
away|airde|airde|adverb|adverb|qanusbat|||From <i>air</i> (&quot;out&quot;) + <i>de</i> (&quot;to&quot;)||||||5|732|||||||||||||
store|airde'orun|airde'orun|verb|run verb|run-usbat|||From <i>airde</i> (&quot;away&quot;) + <i>orun</i> (&quot;put&quot;)||||||10|733|||||||||||||
shop|baipein|baipein|noun|noun|notbat|A place where items may be purchased.||From <i>bairun</i> (&quot;buy&quot;) + <i>pein</i> (&quot;place&quot;)||||||7|734|||||||||||||
tavern|asten|asten|noun|noun|notbat|A building containing a bar licensed to sell alcoholic drinks, and offering sleeping accommodations for travelers. ||From Raccoon Language||||||5|735|||||||||||||
almost|serlatak|serlatak|adverb|adverb|qanusbat|Very close to, but not quite.||From <i>ser</i> (&quot;near&quot;) + <i>lat</i> (&quot;all&quot;) + <i>ak</i> (&quot;adverb-forming suffix&quot;)||||||8|736|||||||||||||
there are|merun|merun|verb|run verb|run-usbat|The specified thing exists, physically or abstractly.||Old Mampulan <i>meiroun</i>||||||5|737|||||||||||||
there be|merun|merun|verb|run verb|run-usbat|The specified thing exists, physically or abstractly.||Old Mampulan <i>meiroun</i>||||||5|738|||||||||||||
there is|merun|merun|verb|run verb|run-usbat|The specified thing exists, physically or abstractly.||Old Mampulan <i>meiroun</i>||||||5|739|||||||||||||
course|ka|ka|noun|noun|notbat|course (of study), branch of study||Old Mampulan||||||2|740|||||||||||||
science|kaga|kaga|noun|noun|notbat|||From <i>ka</i> (&quot;department, section&quot;) + <i>ga</i> (&quot;study&quot;)||||||4|741|||||||||||||
math|bilga|bilga|noun|noun|notbat|An abstract representational system studying numbers, shapes, structures, quantitative change and relationships between them. ||From <i>bil</i> (&quot;number&quot;) + <i>ga</i> (&quot;study&quot;)||||||5|742|||||||||||||
a lot|mitang|mitaq|adjective|ng adjective|q-sulaikibat|a large number or amount of (things, people, etc.)||From Old Mampulan <i>meituan</i>||I eat a lot of apples.|Ko ni mitaq mak kainu.|many||5|743|||||||||||||
a lot of|mitang|mitaq|adjective|ng adjective|q-sulaikibat|a large number or amount of (things, people, etc.)||From Old Mampulan <i>meituan</i>||I eat a lot of apples.|Ko ni mitaq mak kainu.|many||5|744|||||||||||||
many|mitang|mitaq|adjective|ng adjective|q-sulaikibat|a large number or amount of (things, people, etc.)||From Old Mampulan <i>meituan</i>||I eat a lot of apples.|Ko ni mitaq mak kainu.|a lot||5|745|||||||||||||
machine|ki|ki|noun|noun|notbat|||From Old Mampulan||||||2|746|||||||||||||
airplane|fulki|fulki|noun|noun|notbat|||From <i>ful</i> (&quot;to fly&quot;) + <i>ki</i> (&quot;machine&quot;)||||||5|747|||||||||||||
soar|neinun|neinun|verb|un verb|un-usbat|||From Old Mampulan||||||6|748|||||||||||||
importance|hefig|hefig|noun|noun|notbat|Having relevant and crucial value.||From Old Fox Mampulan <i>hefih</i>||||||5|749|||||||||||||
important|hefigung|hefiguq|adjective|ung adjective|uq-sulaikibat|Having relevant and crucial value.||From Old Fox Mampulan <i>hefihun</i>||||||7|750|||||||||||||
dream|rad|rad|noun|noun|notbat|||From Old Mampulan||||||3|751|||||||||||||
nightmare|haitrad|haitrad|noun|noun|notbat|||From <i>hait</i> (&quot;bad&quot;) + <i>rad</i> (&quot;dream&quot;)||||||7|752|||||||||||||
story|dabat|dabat|noun|noun|notbat|||From Old Mampulan daukun (read) + bat (word) to dakbat||||||5|753|||||||||||||
lean|taikarun|taikarun|verb|run verb|run-usbat|||From Old Mampulan||||||8|754|||||||||||||
tend|taikarun|taikarun|verb|run verb|run-usbat|||From Old Mampulan||||||8|755|||||||||||||
tendency|taikanas|taikanas|noun|noun|notbat|||From <i>taikarun</i> (&quot;to lean&quot;) + <i>-nas</i> (&quot;nominalizing suffix&quot;)||||||8|756|||||||||||||
frequency|prok|prok|noun|noun|notbat|||From Old Mampulan||||||4|757|||||||||||||
frequent|prokung|proknuq|adjective|ung adjective|uq-sulaikibat|||From <i>prok</i> (&quot;frequency&quot;) + <i>-ung</i> (&quot;adjective-forming suffix&quot;)||||||7|758|||||||||||||
frequently|prokak|prokak|adverb|adverb|qanusbat|||From <i>prok</i> (&quot;frequency&quot;) + <i>-ak</i> (&quot;adverb-forming suffix&quot;)||||||6|759|||||||||||||
inspection|pron|pron|noun|noun|notbat|||From Old Mampulan||||||4|760|||||||||||||
vehicle inspection|brunpron|brunpron|noun|noun|notbat|||From <i>brun</i> (&quot;car&quot;) + <i>pron</i> (&quot;inspection&quot;)||||||8|761|||||||||||||
visit|yait|yait|noun|noun|notbat|||From Old Mampulan||||||4|762|||||||||||||
visit|yaitun|yaitun|verb|un verb|un-usbat|||From Old Mampulan||||||6|763|||||||||||||
visitor|yaitwan|yaitwan|noun|noun|notbat|||From <i>yaitun</i> (&quot;visit&quot;) + <i>wan</i> (&quot;person&quot;)||||||7|764|||||||||||||
half|git|git|noun|noun|notbat|||From Old Mampulan||||||3|765|||||||||||||
island|lait|lait|noun|noun|notbat|||From Old Mampulan||||||4|766|||||||||||||
peninsula|gitait|gitait|noun|noun|notbat|||From <i>git</i> (&quot;half&quot;) + <i>ait</i> (&quot;island&quot;)||||||6|767|||||||||||||
sack|kason|kason|noun|noun|notbat|||From Old Mampulan||||||5|768|||||||||||||
salty|attang|attaq|adjective|ng adjective|q-sulaikibat|||From <i>atta</i> (&quot;salt&quot;)||||||5|769|||||||||||||
disease|kasin|kasin|noun|noun|notbat|||From Old Mampulan||||||5|770|||||||||||||
sick|kasing|kasiq|adjective|g adjective|g-sulaikibat|||From <i>kasin</i> (&quot;disease&quot;)||||||5|771|||||||||||||
ship|pun|pun|noun|noun|notbat|||From Old Mampulan||||||3|772|||||||||||||
shoe|shū|xu-|noun|noun|notbat|||From Human Language <i>shoe</i>||||||3|773|||||||||||||
dragon|kragan|kragan|noun|noun|notbat|Dragons are mighty and great||From the character &quot;Karanagan&quot; on the Mampulan Epic &quot;karanagan&quot;||||thanks sjru||6|774|||||||||||||
son|adon|adon|noun|noun|notbat|||From Old Mampulan||||||4|775|||||||||||||
daughter|isan|isan|noun|noun|notbat|||From Old Mampulan||||||4|776|||||||||||||
cape|mekain|mekain|noun|noun|notbat|(geography) A piece or point of land, extending beyond the adjacent coast into a sea or lake||From Old Mampulan||||||6|777|||||||||||||
ball|bano|bano|noun|noun|notbat|||From Rabbit Language||||||4|778|||||||||||||
mountain|woren|woren|noun|noun|notbat|||From <i>woun</i> (&quot;wolf&quot;) + <i>orena</i> (&quot;ear&quot;). Possibly named because of similarity of wolf ear to shape of mountains||||||5|779|||||||||||||
bran|tuno|tuno|noun|noun|notbat|||From Old Rabbit Language||||||4|780|||||||||||||
thick|dobung|dobuq|adjective|ung adjective|uq-sulaikibat|||dob|||||厚|5|781|||||||||||||
thin|feing|feiq|adjective|g adjective|g-sulaikibat|||fein|||||薄|4|782|||||||||||||
target|kitan|kitan|noun|noun|notbat|||From Old Mampulan||||||5|783|||||||||||||
destination|dekitan|dekitan|noun|noun|notbat|the place at the end of a journey||From <i>de</i> (&quot;to&quot;) + <i>kitan</i> (&quot;target&quot;)||||||7|784|||||||||||||
duck|saner|saner|noun|noun|notbat|||From Old Turtle Mampulan||||||5|785|||||||||||||
sing|naikun|naikun|verb|un verb|un-usbat|||From Old Mampulan||||||6|786|||||||||||||
song|naik|naikun|noun|noun|notbat|||From Old Mampulan||||||6|787|||||||||||||
idea|nal|nal|noun|noun|notbat|||From Old Rabbit Language||||||3|788|||||||||||||
feminism|narannal|narannal|noun|noun|notbat|||From <i>naran</i> (&quot;woman&quot;) + <i>nal</i> (&quot;idea&quot;)||||thanks to lilian||8|789|||||||||||||
feminist|narannalwan|narannalwan|noun|noun|notbat|||From <i>narannal</i> (&quot;feminism&quot;) + <i>wan</i> (&quot;person&quot;)||||||11|790|||||||||||||
pronunciation|bakrat|bakrat|noun|noun|notbat|||From <i>bak</i> (&quot;emission&quot;) + <i>rat</i> (&quot;sound&quot;)||||||6|791|||||||||||||
pronounce|bakratun|bakratun|verb|un verb|un-usbat|||From <i>bakrat</i> (&quot;pronunciation&quot;)||||||8|792|||||||||||||
introduction|dedalt|dedalt|noun|noun|notbat|||From <i>de daltun</i> (&quot;lead into&quot;)||||||6|793|||||||||||||
introduce|dedaltun|dedaltun|verb|un verb|un-usbat|||From <i>dedaltun</i> (&quot;introduction&quot;)||||||8|794|||||||||||||
perception|nouprut|nouprut|noun|noun|notbat|||From <i>nou</i> (&quot;know&quot;) + <i>prut</i> (&quot;perception&quot;)||||||7|795|||||||||||||
rain|ral|ral|noun|noun|notbat|||From Old Mampulan||||||3|796|||||||||||||
rain|ralun|ralun|verb|un verb|un-usbat|||From noun <i>ral</i> (&quot;rain&quot;)||||||5|797|||||||||||||
drop|bren|bren|noun|noun|notbat|||From Old Mampulan||||||4|798|||||||||||||
raindrop|ralbren|ralbren|noun|noun|notbat|||From <i>ral</i> (&quot;rain&quot;) + <i>bren</i> (&quot;drop&quot;)||||||7|799|||||||||||||
snow|naun|naun|noun|noun|notbat|||From Old Bear Language||||||4|800|||||||||||||
rudder|himo|himo|noun|noun|notbat|||From Old Bear Language||||||4|801|||||||||||||
steer|souhimorun|souhimorun|verb|run verb|run-usbat|steer a ship||From <i>sou</i> (&quot;rain&quot;) + <i>himo</i> (&quot;rudder&quot;)||||||10|802|||||||||||||
collaboration|mêihata|me^ihata|noun|noun|notbat|||From <i>mei</i> (&quot;with&quot;) + <i>hata</i> (&quot;work&quot;)||||||8|803|||||||||||||
be raised|ikun|ikun|verb|un verb|un-usbat|||From Old Mampulan||||be brought up, grow||4|804|||||||||||||
be brought up|ikun|ikun|verb|un verb|un-usbat|||From Old Mampulan||||be raised, grow||4|805|||||||||||||
grow|ikun|ikun|verb|un verb|un-usbat|grow up||From Old Mampulan||||be raised, be brought up||4|806|||||||||||||
education|turik|turik|noun|noun|notbat|||From <i>tur</i> (&quot;teach&quot;) + <i>ik</i> (&quot;growing up&quot;)||||||5|807|||||||||||||
cause|intin|intin|noun|noun|notbat|||From Old Mampulan <i>hintein</i>||||||5|808|||||||||||||
the|pa|pa|article|article|horbat|||Ultimately probably from <i>pat</i> (&quot;this&quot;)||||||2|809|||||||||||||
a|ing|iq|article|article|horbat|||From <i>i</i> (&quot;one&quot;)||||||2|810|||||||||||||
not|ant|ant|adverb|adverb|qanusbat|||From Old Mampulan||||||3|811|||||||||||||
if|el|el|conjunction|conjunction|bintbat|||From Old Mampulan||||||2|812|||||||||||||
then|zen|zen|adverb|adverb|qanusbat|||From Old Mampulan||||||3|813|||||||||||||
border|wasa|wasa|noun|noun|notbat|||From Old Mampulan||||||4|814|||||||||||||
limit|shen|xen|noun|noun|notbat|||From Old Mampulan||||||3|815|||||||||||||
time limit|founshen|founxen|noun|noun|notbat|||From <i>foun</i> (&quot;time&quot;) + <i>shen</i> (&quot;limit&quot;)||||saitshen||7|816|||||||||||||
time limit|saitshen|saitxen|noun|noun|notbat|||From Eagle Language <i>sait</i> (&quot;time&quot;) + <i>shen</i> (&quot;limit&quot;)||||founshen||7|817|||||||||||||
because|min|min|conjunction|conjunction|bintbat|||mo + intin||||||3|818|||||||||||||
bay|bait|bait|noun|noun|notbat|||From Old Mampulan||||||4|819|||||||||||||
news|pir|pir|noun|noun|notbat|||From Old Mampulan||||||3|820|||||||||||||
breaking news|sitpir|sitpir|noun|noun|notbat|||From <i>sit</i> (&quot;fast&quot;) + <i>pir</i> (&quot;news&quot;)||||||6|821|||||||||||||
challenge|ros|ros|noun|noun|notbat|||From Old Mampulan||||||3|822|||||||||||||
challenge|rosun|rosun|verb|un verb|un-usbat|||From noun <i>ros</i> (&quot;challenge&quot;)||||||5|823|||||||||||||
provocation|rosbak|rosbak|noun|noun|notbat|||From <i>ros</i> (&quot;challenge&quot;) + <i>bak</i> (&quot;emission, occurance&quot;)||||||6|824|||||||||||||
bow|bogan|bogan|noun|noun|notbat|||From Old Mampulan||||||5|825|||||||||||||
rainbow|ralklon|ralklon|noun|noun|notbat|||From <i>ral</i> (&quot;rain&quot;) + <i>klon</i> (&quot;color&quot;)||||||7|826|||||||||||||
journey|teil|teil|noun|noun|notbat|||From Old Turtule Mampulan||||||4|827|||||||||||||
perimeter|shuras|xuras|noun|noun|notbat|||From <i>shur</i> (&quot;around&quot;) + <i>-as</i> (&quot;nominalizing suffix&quot;)||||||5|828|||||||||||||
circumference|blainshuras|blainxuras|noun|noun|notbat|||From <i>blain</i> (&quot;circle&quot;) + <i>shuras</i> (&quot;perimeter&quot;)||||||10|829|||||||||||||
return|nutun|nutun|verb|un verb|un-usbat|||From Old Mampulan||||||5|830|||||||||||||
act|us|us|noun|noun|notbat|||From Old Mampulan||||||2|831|||||||||||||
act|usun|usun|verb|un verb|un-usbat|||From <i>us</i> (&quot;act&quot;)||||||4|832|||||||||||||
action|usas|usas|noun|noun|notbat|||From <i>usun</i> (&quot;act&quot;) + <i>-as</i> (&quot;nominalizing suffix&quot;)||||||4|833|||||||||||||
revenge|nutusunas|nutusunas|noun|noun|notbat|||From <i>nutun</i> (&quot;return&quot;) + <i>usunas</i> (&quot;action&quot;)||||||9|834|||||||||||||
center|dit|dit|noun|noun|notbat|||From Old Mampulan <i>deit</i>||||||3|835|||||||||||||
off-center|aldit|aldit|noun|noun|notbat|||From <i>al</i> (&quot;off-&quot;) + <i>dit</i> (&quot;center&quot;)||||||5|836|||||||||||||
forest|poun|poun|noun|noun|notbat|||From Old Mampulan||||||4|837|||||||||||||
home|bāy|ba-y|noun|noun|notbat|||From Old Mampulan <i>bahi</i>||||||4|838|||||||||||||
comic|komik|komik|noun|noun|notbat|||From Human English Language <i>comic</i>||||||5|839|||||||||||||
sample|airkūn|airku-n|noun|noun|notbat|||From <i>air</i> (&quot;out&quot;) +  <i>ku-nun</i> (&quot;take&quot;)||||||7|840|||||||||||||
each|lut|lut|adjective|special adjective||||From Old Mampulan||||||3|841|||||||||||||
-|ba|ba|-|particle||question marker||From Old Mampulan||||||2|842|||||||||||||
people|wanson|wanson|noun|noun|notbat|||plural of <i>wan</i> (&quot;person&quot;)||||||6|843|||||||||||||
past|watfoun|watfoun|noun|noun|notbat|The period of time that has already happened.||From <i>watun</i> (&quot;pass&quot;) + <i>foun</i> (&quot;time&quot;)||||||7|844|||||||||||||
past|watsait|watsait|noun|noun|notbat|The period of time that has already happened.||From <i>watun</i> (&quot;pass&quot;) + Eagle Language <i>sait</i> (&quot;time&quot;)||||||7|845|||||||||||||
story|kit|kit|noun|noun|notbat|||From Old Mampulan||||||3|846|||||||||||||
history|watkit|watkit|noun|noun|notbat|The aggregate of past events.||From Old Mampulan <i>watkit</i>, which came from <i>wat</i> (&quot;to pass&quot;) + <i>kit</i> (&quot;story&quot;)||||||6|847|||||||||||||
historian|watkitwan|watkitwan|noun|noun|notbat|||From Old Mampulan <i>watkit</i> + <i>wan</i> (&quot;person&quot;)||||||9|848|||||||||||||
art|brin|brin|noun|noun|notbat|||From Old Mampulan||||||4|849|||||||||||||
artist|brinwan|brinwan|noun|noun|notbat|||From <i>brin</i> (&quot;art&quot;) + <i>wan</i> (&quot;person&quot;)||||||7|850|||||||||||||
announce|horun|horun|verb|run verb|run-usbat|||From Old Mampulan||||||5|851|||||||||||||
information|maino|maino|noun|noun|notbat|||From <i>main</i> (&quot;feel&quot;) + <i>ho</i> (&quot;announce&quot;).||||||5|852|||||||||||||
inform|mainorun|mainorun|verb|run verb|run-usbat|||From <i>maino</i> (&quot;information&quot;)||||||8|853|||||||||||||
inform|dunun|dunun|verb|un verb|run-usbat|||From Old Mampulan||||||5|854|||||||||||||
side|sor|sor|noun|noun|notbat|||From Old Mampulan||||||3|855|||||||||||||
front|bin|bin|noun|noun|notbat|||From Old Mampulan||||||3|856|||||||||||||
back|pus|pus|noun|noun|notbat|||From Old Mampulan||||||3|857|||||||||||||
opposite|faiprit|faiprit|noun|noun|notbat|||From <i>fai</i> (&quot;&quot;) + <i>prit</i> (&quot;&quot;).|||||対+向|7|858|||||||||||||
up|shoun|xoun|noun|noun|notbat|||From Old Mampulan||||inter-||4|859|||||||||||||
down|doun|doun|noun|noun|notbat|||From Old Mampulan||||||4|860|||||||||||||
left|dar|dar|noun|noun|notbat|||From Old Mampulan||||||3|861|||||||||||||
right|gain|gain|noun|noun|notbat|||From Old Mampulan||||||4|862|||||||||||||
left and right|dargain|dargain|noun|noun|notbat|||From Old Mampulan||Look left and right before crossing the road.|roun it lodun bifode dargain it lure^.|||7|863|||||||||||||
over|shounde|xounde|preposition|postposition|pusobat|||From <i>shoun</i> (&quot;up&quot;) + <i>de</i> (&quot;destination marker&quot;)||||||6|864|||||||||||||
above|shounkan|xounkan|preposition|postposition|pusobat|||From <i>shoun</i> (&quot;down&quot;) + <i>kan</i> (&quot;location marker&quot;)||||||7|865|||||||||||||
below|dounkan|dounkan|preposition|postposition|pusobat|||From <i>doun</i> (&quot;down&quot;) + <i>kan</i> (&quot;location marker&quot;)||||||7|866|||||||||||||
under|dounde|dounde|preposition|postposition|pusobat|||From <i>doun</i> (&quot;down&quot;) + <i>de</i> (&quot;destination marker&quot;)||||||6|867|||||||||||||
between|duikan|duikan|preposition|postposition|pusobat|||From <i>du dit kan</i> (&quot;in the middle of two&quot;) change to duikan||||||6|868|||||||||||||
beside|sorkan|sorkan|preposition|postposition|pusobat|||From <i>sor</i> (&quot;side&quot;) + <i>kan</i> (&quot;location marker&quot;)||||||6|869|||||||||||||
on|se|se|preposition|postposition|pusobat|||From <i>sa</i> (&quot;of&quot;) + <i>de</i> (&quot;destination marker&quot;)||||||2|870|||||||||||||
in front of|binde|binde|preposition|postposition|pusobat|||From <i>bin</i> (&quot;front&quot;) + <i>de</i> (&quot;destination marker&quot;)||||||5|871|||||||||||||
behind|pusde|pusde|preposition|postposition|pusobat|||From <i>pus</i> (&quot;back&quot;) + <i>de</i> (&quot;destination marker&quot;)||||||5|872|||||||||||||
opposite|pritde|pritde|preposition|postposition|pusobat|||From <i>prit</i> (&quot;opposite&quot;) + <i>de</i> (&quot;destination marker&quot;)||||||6|873|||||||||||||
into|ditde|ditde|preposition|postposition|pusobat|inside in||From <i>dit</i> (&quot;inside&quot;) + <i>de</i> (&quot;destination marker&quot;)||||||5|874|||||||||||||
by|fiude|fiude|preposition|postposition|pusobat|||From <i>fiu</i> (&quot;next&quot;) + <i>de</i> (&quot;destination marker&quot;)||||||5|875|||||||||||||
across|tesde|tesde|preposition|postposition|pusobat|||From <i>tes</i> (&quot;other&quot;) + <i>de</i> (&quot;destination marker&quot;)||||||5|876|||||||||||||
before|bifode|bifode|preposition|postposition|pusobat|||From <i>bin</i> (&quot;front&quot;) + <i>foun</i> (&quot;time&quot;) + <i>de</i> (&quot;destination marker&quot;)||Look left and right before crossing the road.|roun is lodun bifode dargain is lure^.|||6|877|||||||||||||
after|pufode|pufode|preposition|postposition|pusobat|||From <i>pus</i> (&quot;back&quot;) + <i>foun</i> (&quot;time&quot;) + <i>de</i> (&quot;destination marker&quot;)||||||6|878|||||||||||||
next to|fiude|fiude|preposition|postposition|pusobat|||From <i>fiu</i> (&quot;next&quot;) + <i>de</i> (&quot;destination marker&quot;)||||||5|879|||||||||||||
inside|lop|lop|noun|noun|notbat|||From Old Mampulan||||||3|880|||||||||||||
outside|nul|nul|noun|noun|notbat|||From Old Mampulan||||||3|881|||||||||||||
inside|lopde|lopde|preposition|postposition|pusobat|||From Old Mampulan||John waited inside the room.|Jon’i past lopde alara.|||5|882|||||||||||||
outside|nulde|nulde|preposition|postposition|pusobat|||From Old Mampulan||||||5|883|||||||||||||
cross|lodun|lodun|verb|un verb|un-usbat|cross (over or across something)||From Old Mampulan||Look left and right before crossing the road.|Roun is lodun bifode dargain is lure^.|||5|884|||||||||||||
too|lor|lor|adverb|adverb|qanusbat|also||From Old Mampulan||||||3|885|||||||||||||
too|hit|hit|adverb|adverb|qanusbat|excessively||From Old Mampulan||||||3|886|||||||||||||
also|lor|lor|adverb|adverb|qanusbat|too||From Old Mampulan||||||3|887|||||||||||||
fit|tekun|tekun|verb|un verb|un-usbat|||From Old Mampulan||||||5|888|||||||||||||
so|re|re|conjunction|conjunction|bintbat|With the result that; for that reason||From Old Mampulan||||||2|889|||||||||||||
but|par|par|conjunction|conjunction|bintbat|||From Old Mampulan||||||3|890|||||||||||||
some|ba|ba|pronoun|pronoun||||From Old Mampulan||I love apples. I'll take some.|Ko'n mak sairu. Ba't ku-ni.|||2|891|||||||||||||
everyone|latwan|latwan|pronoun|pronoun||||From <i>lat</i> (&quot;all&quot;) + <i>wan</i> (&quot;person&quot;)||||||6|892|||||||||||||
everything|latbus|latbus|pronoun|pronoun||||From <i>lat</i> (&quot;all&quot;) + <i>bus</i> (&quot;thing&quot;)||||||6|893|||||||||||||
everywhere|latpein|latpein|pronoun|pronoun||||From <i>lat</i> (&quot;all&quot;) + <i>pein</i> (&quot;place&quot;)||||||7|894|||||||||||||
someone|bawan|bawan|pronoun|pronoun||||From <i>ba</i> (&quot;some&quot;) + <i>wan</i> (&quot;person&quot;)||||||5|895|||||||||||||
something|babus|babus|pronoun|pronoun||||From <i>ba</i> (&quot;some&quot;) + <i>bus</i> (&quot;thing&quot;)||||||5|896|||||||||||||
somewhere|bapein|bapein|pronoun|pronoun||||From <i>ba</i> (&quot;some&quot;) + <i>pein</i> (&quot;place&quot;)||||||6|897|||||||||||||
anyone|binwan|binwan|pronoun|pronoun||||From <i>bin</i> (&quot;next&quot;) + <i>wan</i> (&quot;person&quot;)||||||6|898|||||||||||||
anything|binbus|binbus|pronoun|pronoun||||From <i>bin</i> (&quot;next&quot;) + <i>bus</i> (&quot;thing&quot;)||||||6|899|||||||||||||
anywhere|binpein|binpein|pronoun|pronoun||||From <i>bin</i> (&quot;next&quot;) + <i>pein</i> (&quot;place&quot;)||||||7|900|||||||||||||
no one|manwan|manwan|pronoun|pronoun||||From <i>man</i> (&quot;absence of&quot;) + <i>wan</i> (&quot;person&quot;)||||||6|901|||||||||||||
nothing|manbus|manbus|pronoun|pronoun||||From <i>man</i> (&quot;absence of&quot;) + <i>bus</i> (&quot;thing&quot;)||||||6|902|||||||||||||
nowhere|manpein|manpein|pronoun|pronoun||||From <i>man</i> (&quot;absence of&quot;) + <i>pein</i> (&quot;place&quot;)||||||7|903|||||||||||||
everybody|latwan|latwan|pronoun|pronoun||||From <i>lat</i> (&quot;all&quot;) + <i>wan</i> (&quot;person&quot;)||||||6|904|||||||||||||
somebody|bawan|bawan|pronoun|pronoun||||From <i>ba</i> (&quot;some&quot;) + <i>wan</i> (&quot;person&quot;)||||||5|905|||||||||||||
anybody|binwan|binwan|pronoun|pronoun||||From <i>bin</i> (&quot;next&quot;) + <i>wan</i> (&quot;person&quot;)||||||6|906|||||||||||||
nobody|manwan|manwan|pronoun|pronoun||||From <i>man</i> (&quot;absence of&quot;) + <i>wan</i> (&quot;person&quot;)||||||6|907|||||||||||||
can|sanun|sanun|verb|un verb|un-usbat|||From Old Mampulan||||||5|908|||||||||||||
paper|krit|krit|noun|noun|notbat|||From Old Mampulan||||||4|909|||||||||||||
map|krityon|krityon|noun|noun|notbat|||From <i>krit</i> (&quot;paper&quot;) + <i>yon</i> (&quot;world&quot;)||||||7|910|||||||||||||
tribe|tabi|tabi|noun|noun|notbat|||From Old Mampulan||||||4|911|||||||||||||
house|prot|prot|noun|noun|notbat|||From Old Mampulan||||||4|912|||||||||||||
family|prottabi|prottabi|noun|noun|notbat|||From <i>prot</i> (&quot;house&quot;) + <i>tabi</i> (&quot;tribe&quot;)||||||8|913|||||||||||||
investigate|delun|delun|verb|un verb|un-usbat|||From <i>del</i> (&quot;investigation&quot;)||||||5|914|||||||||||||
investigation|del|del|noun|noun|notbat|||From Old Mampulan||||||3|915|||||||||||||
appraisal|delsar|delsar|noun|noun|notbat|||From <i>del</i> (&quot;investigation&quot;) + <i>sar</i> (&quot;fixed&quot;)||||||6|916|||||||||||||
appraise|delsarun|delsarun|verb|un verb|un-usbat|||From <i>delsar</i> (&quot;appraisal&quot;)||||||8|917|||||||||||||
leader|daltwan|daltwan|noun|noun|notbat|||From <i>dalt</i> (&quot;to lead&quot;) + <i>wan</i> (&quot;person&quot;)||||||7|918|||||||||||||
govern|balenun|balenun|noun|noun|notbat|||From <i>balon</i> (&quot;government&quot;)||||||7|919|||||||||||||
government|balen|balen|noun|noun|notbat|||From Old Mampulan||||||5|920|||||||||||||
health|heltas|heltas|noun|noun|notbat|||From <i>helutainas</i>, which is from <i>helu</i> (&quot;to save&quot;) + <i>tai</i> (&quot;body&quot;) + <i>-nas</i> (&quot;nominalizing suffix&quot;).||||||6|921|||||||||||||
truth|tail|tail|noun|noun|notbat|||From Old Mampulan||||||4|922|||||||||||||
look up to|namorun|namorun|verb|run verb|run-usbat|||From Old Mampulan||||||7|923|||||||||||||
faith|tailnamo|tailnamo|noun|noun|notbat|||From <i>tail</i> (&quot;&quot;) + <i>namo</i> (&quot;&quot;)||||||8|924|||||||||||||
latitude|râtido|ra^tido|noun|noun|notbat|||From <i>rati</i> (&quot;&quot;) + <i>do</i> (&quot;degree&quot;)||||||7|925|||||||||||||
longitude|ardo|ardo|noun|noun|notbat|||From <i>ar</i> (&quot;&quot;) + <i>do</i> (&quot;degree&quot;)||||||4|926|||||||||||||
alone|lating|latiq|adjective|ng adjective|q-sulaikibat|||From <i>lat</i> (&quot;all&quot;) + <i>i</i> (&quot;one&quot;)||||||5|927|||||||||||||
touch|sasun|sasun|verb|un verb|un-usbat|||From Old Mampulan||||||5|928|||||||||||||
fur|fos|fos|noun|noun|notbat|||From Old Mampulan||||||3|929|||||||||||||
seed|mot|mot|noun|noun|notbat|||From Old Mampulan||||||3|930|||||||||||||
confirmation|inobis|inobis|noun|noun|notbat|||From <i>ino</i> (&quot;&quot;) + <i>bis</i> (&quot;&quot;)||||||6|931|||||||||||||
confirm|inobisun|inobisun|verb|un verb|un-usbat|||From <i>inobis</i> (&quot;confirmation&quot;) ||||||8|932|||||||||||||
hit|dat|dat|noun|noun|notbat|||From Old Mampulan||||||3|933|||||||||||||
hit|datun|datun|verb|un verb|un-usbat|||From <i>dat</i> (&quot;hit&quot;) ||||||5|934|||||||||||||
direct|chokung|cokuq|adjective|ung adjective|uq-sulaikibat|||From Old Mampulan||||||5|935|||||||||||||
direct hit|chokdat|cokdat|noun|noun|notbat|||From <i>chok</i> (&quot;direct&quot;) + <i>dat</i> (&quot;hit&quot;)||||||6|936|||||||||||||
system|sanan|sanan|noun|noun|notbat|||From Old Mampulan||||||5|937|||||||||||||
system|samahâta|samaha^ta|noun|noun|notbat|||From <i>sama</i> (&quot;together&quot;) + <i>hatarun</i> (&quot;work&quot;)||||||9|938|||||||||||||
subsidence|deidoun|deidoun|noun|noun|notbat|||From <i>dei</i> (&quot;&quot;) + <i>doun</i> (&quot;&quot;)||||||7|939|||||||||||||
computer|kompiuter|kompiuter|noun|noun|notbat|||From Human Language <i>computer</i>||||||9|940|||||||||||||
music|ranan|ranan|noun|noun|notbat|||From Old Mampulan||||||5|941|||||||||||||
rule|fait|fait|noun|noun|notbat|||||||||4|942|||||||||||||
method|rounfait|rounfait|noun|noun|notbat|||From <i>roun</i> (&quot;way&quot;) + <i>fait</i> (&quot;rule&quot;)||||||8|943|||||||||||||
data|deita|deita|noun|noun|notbat|||From Human Language <i>data</i>||||||5|944|||||||||||||
order|chesmou|cesmou|noun|noun|notbat|(1) ordering food||From <i>ches</i> (&quot;&quot;) + <i>mou</i> (&quot;&quot;)||||||6|945|||||||||||||
order|jin|jin|noun|noun|notbat|(2) the arrangement or sequence of objects||From Old Mampulan||||||3|946|||||||||||||
food|kainbus|kainbus|noun|noun|notbat|||From <i>kainun</i> (&quot;eat&quot;) + <i>bus</i> (&quot;thing&quot;)||||||7|947|||||||||||||
understanding|urpiu|urpiu|noun|noun|notbat|||From <i>ur</i> (&quot;logic&quot;) + <i>piu</i> (&quot;explanation&quot;)||||||5|948|||||||||||||
arrival|gargai|gargai|noun|noun|notbat|(formal)||From <i>gar</i> (&quot;arrival&quot;) + <i>gai</i> (&quot;reach&quot;)||||||6|949|||||||||||||
vigilant|luroteng|luroteq|adjective|ng adjective|q-sulaikibat|||From <i>lur</i> (&quot;being on guard, alarm&quot;) + <i>to warn; to caution; to admonish</i> (&quot;ote&quot;)||||wary, alert, be alert, be wary, be vigilant||7|950|||||||||||||
step on|pitun|pitun|verb|un verb|un-usbat|||From <i>pit</i> (&quot;stepping on&quot;)||||||5|951|||||||||||||
prediction|yorin|yorin|noun|noun|notbat|||From <i>yo</i> (&quot;&quot;) + <i>rin</i> (&quot;&quot;)||||||5|952|||||||||||||
welfare|yôneltras|yo^neltras|noun|noun|notbat|(formal)||From <i>yong</i> (&quot;good&quot;) + <i>heltras</i> (&quot;health&quot;)||||||10|953|||||||||||||
theory|urtaut|urtaut|noun|noun|notbat|||From <i>ur</i> (&quot;logic&quot;) + <i>taut</i> (&quot;argument&quot;)||||||6|954|||||||||||||
law|lis|lis|noun|noun|notbat|||From Old Mampulan <i>lihisa</i> to <i>līs</i>||||||3|955|||||||||||||
rod|saun|saun|noun|noun|notbat|||From Old Mampulan <i>sahôn</i> to <i>sawon</i>||||||4|956|||||||||||||
bird|lir|lir|noun|noun|notbat|||From Old Mampulan||||||3|957|||||||||||||
underground|dounalt|dounalt|noun|noun|notbat|||From <i>doun</i> (&quot;under&quot;) + <i>alt</i> (&quot;ground&quot;)||||||7|958|||||||||||||
literature|mouga|mouga|noun|noun|notbat|||From <i>mou</i> (&quot;&quot;) + <i>ga</i> (&quot;&quot;)||||||5|959|||||||||||||
topic|gald|gald|noun|noun|notbat|||From Old Mampulan||||||4|960|||||||||||||
problem|mon'gald|mon'gald|noun|noun|notbat|||From <i>mon</i> (&quot;&quot;) + <i>gald</i> (&quot;topic&quot;)||||||8|961|||||||||||||
heat|gis|gis|noun|noun|notbat|||From Old Mampulan||||||3|962|||||||||||||
wave|wei|wei|noun|noun|notbat|||From Old Mampulan||||||3|963|||||||||||||
heat wave|giswei|giswei|noun|noun|notbat|||From <i>gis</i> (&quot;heat&quot;) + <i>wei</i> (&quot;wave&quot;)||||||6|964|||||||||||||
slide|kagarun|kagarun|verb|run verb|run-usbat|||From Old Mampulan||||||7|965|||||||||||||
increase|igarun|igarun|verb|run verb|run-usbat|(informal)||From Old Mampulan||||||6|966|||||||||||||
increase|igajarun|igajarun|verb|run verb|run-usbat|(formal)||From <i>iga</i> (&quot;increase&quot;) + <i>ja</i> (&quot;add&quot;)||||||8|967|||||||||||||
decrease|neisun|neisun|verb|un verb|un-usbat|(informal)||From Old Mampulan||||||6|968|||||||||||||
decrease|neisplunun|neisplunun|verb|un verb|un-usbat|(formal)||From <i>neis</i> (&quot;decrease&quot;) + <i>plun</i> (&quot;small&quot;)||||||10|969|||||||||||||
rail|kaut|kaut|noun|noun|notbat|||From unknown origin||||||4|970|||||||||||||
swim|natanun|natanun|verb|un verb|un-usbat|||From Old Mampulan||||||7|971|||||||||||||
internet|înternet|i^nternet|noun|noun|notbat|||From Human Language <i>Internet</i> (&quot;&quot;)||||||9|972|||||||||||||
ability|lotfortan|lotfortan|noun|noun|notbat|||From <i>lot</i> (&quot;&quot;) + <i>fortan</i> (&quot;strength&quot;)||||||9|973|||||||||||||
ability|sanas|sanas|noun|noun|notbat|||From <i>san</i> (&quot;can&quot;) + <i>-as</i> (&quot;nominalizing suffix&quot;)||||||5|974|||||||||||||
road|roun|roun|noun|noun|notbat|||From Old Mampulan||||||4|975|||||||||||||
iron|ain|ain|noun|noun|notbat|||From Old Mampulan||||||3|976|||||||||||||
railroad|ainroun|ainroun|noun|noun|notbat|||From <i>ain</i> (&quot;iron&quot;) + <i>roun</i> (&quot;road&quot;)||||||7|977|||||||||||||
breed|fandartarun|fandartarun|verb|run verb|run-usbat|||From <i>fan</i> (&quot;&quot;) + <i>darta</i> (&quot;&quot;)||||||11|978|||||||||||||
sleeve|kande|kande|noun|noun|notbat|||From Old Mampulan||||||5|979|||||||||||||
document|shokise|xokise|noun|noun|notbat|||From <i>sho</i> (&quot;&quot;) + <i>kise</i> (&quot;&quot;)||||||6|980|||||||||||||
danger|dega|dega|noun|noun|notbat|||From Old Mampulan||||||4|981|||||||||||||
dangerous|degang|degaq|adjective|ng adjective|q-sulaikibat|||From <i>dega</i> (&quot;danger&quot;)||||||5|982|||||||||||||
library|akapein|akapein|noun|noun|notbat|||From <i>aka</i> (&quot;book&quot;) + <i>pein</i> (&quot;place&quot;)||You are not allowed to drink in the library.|ro'n akapein kan ant paigtun irun.|akalokon||7|983|||||||||||||
library|liberlokon|liberlokon|noun|noun|notbat|||From Eagle Language <i>liber</i> (&quot;book&quot;) + Eagle Language <i>lokon</i> (&quot;place&quot;)||||akapein||10|984|||||||||||||
nature|ertan|ertan|noun|noun|notbat|||From Old Mampulan||||||5|985|||||||||||||
fact|tintail|tintail|noun|noun|notbat|||From <i>tin</i> (&quot;thing&quot;) + <i>tail</i> (&quot;truth&quot;)||||||7|986|||||||||||||
warm|retung|retuq|adjective|ung adjective|uq-sulaikibat|||From Old Mampulan||||||5|987|||||||||||||
temperature|retdo|retdo|noun|noun|notbat|||From <i>ret</i> (&quot;warm&quot;) + <i>do</i> (&quot;degree&quot;)||||||5|988|||||||||||||
air temperature|her sa retdo|her sa retdo|noun|noun|notbat|(formal)||her (air) + retdo (temperature)||||||12|989|||||||||||||
air temperature|herret|herret|noun|noun|notbat|shortened form||her (air) + ret (temperature)|||||気温|6|990|||||||||||||
recommendation|rekon|rekon|noun|noun|notbat|||From Old Mampulan||||||5|991|||||||||||||
response|gounlus|gounlus|noun|noun|notbat|||From <i>goun</i> (&quot;&quot;) + <i>lus</i> (&quot;&quot;)||||||7|992|||||||||||||
selection|mart|mart|noun|noun|notbat|||From Old Mampulan||||||4|993|||||||||||||
select|martun|martun|verb|un verb|un-usbat|||From <i>mart</i> (&quot;selection&quot;)||||||6|994|||||||||||||
brain|tair|tair|noun|noun|notbat|||From Old Mampulan||||||4|995|||||||||||||
memory|tairmaino|tairmaino|noun|noun|notbat|||From <i>tair</i> (&quot;brain&quot;) + <i>maino</i> (&quot;information&quot;)||||||9|996|||||||||||||
storage|airde'o|airde'o|noun|noun|notbat|||From <i>airdê'orun</i> (&quot;to store&quot;)||||||7|997|||||||||||||
version|sapan|sapan|noun|noun|notbat|||From Old Bear Mampulan||||||5|998|||||||||||||
humid|aung|auq|adjective|g adjective|g-sulaikibat|||From Old Mampulan||||||3|999|||||||||||||
humidity|aundo|aundo|noun|noun|notbat|||From <i>aun</i> (&quot;humid&quot;) + <i>do</i> (&quot;degree&quot;)|||||湿度|5|1000|||||||||||||
language|hionsalt|hionsalt|noun|noun|notbat|||From <i>hion</i> (&quot;tongue&quot;) + <i>saltun</i> (&quot;speak&quot;)||||||8|1001|||||||||||||
grammar|hionsaltlis|hionsaltlis|noun|noun|notbat|||From <i>hionsaltas</i> (&quot;language&quot;) + <i>lis</i> (&quot;law&quot;).||||||11|1002|||||||||||||
list|tet|tet|noun|noun|notbat|||From Old Turtle Mampulan||||||3|1003|||||||||||||
vocabulary|battet|battet|noun|noun|notbat|||From <i>bat</i> (&quot;word&quot;) + <i>tet</i> (&quot;list&quot;)||||||6|1004|||||||||||||
brace|pretun|pretun|verb|un verb|un-usbat|||From Old Mampulan||||||6|1005|||||||||||||
carry|butun|butun|verb|un verb|un-usbat|||From Old Mampulan||We need a person to carry this box.|Koi'n pat tast it butun tun na iq wan it kailu|||5|1006|||||||||||||
support|donbutas|donbutas|noun|noun|notbat|||From <i>doun</i> (&quot;down&quot;) + <i>butun</i> (&quot;carry&quot;)||||||8|1007|||||||||||||
support|donbutun|donbutun|verb|un verb|un-usbat|||From <i>dounbut</i> (&quot;support&quot;)||||||8|1008|||||||||||||
statement|wot|wot|noun|noun|notbat|||From Old Mampulan||||||3|1009|||||||||||||
state|wotun|wotun|verb|un verb|un-usbat|to state something||From <i>wot</i> (&quot;statement&quot;)||||||5|1010|||||||||||||
argument|donbôt|donbo^t|noun|noun|notbat|||From donbutwot, which came from <i>donbut</i> (&quot;support&quot;) + <i>wot</i> (&quot;statement&quot;). Simplifing to donbutot, then to donbuwot, then donbōt, then donbôt||||||7|1011|||||||||||||
argue|donbotun|donbotun|verb|un verb|un-usbat|donbutwotun||From <i>donbôt</i> (&quot;argument&quot;)||||||8|1012|||||||||||||
contract|mulyak|mulyak|noun|noun|notbat|||From <i>mul</i> (&quot;&quot;) + <i>yak</i> (&quot;&quot;)||||||6|1013|||||||||||||
emphasis|forttaus|forttaus|noun|noun|notbat|||From <i>fort</i> (&quot;strong&quot;) + <i>taus</i> (&quot;&quot;)||||||8|1014|||||||||||||
speed|sitdo|sitdo|noun|noun|notbat|||From <i>sit</i> (&quot;speed&quot;) + <i>do</i> (&quot;degree&quot;)|||||速度|5|1015|||||||||||||
high-speed|teisit|teisit|noun|noun|notbat|||From <i>tei</i> (&quot;high&quot;) + <i>sit</i> (&quot;speed&quot;)|||||高速|6|1016|||||||||||||
highway|teisitroun|teisitroun|noun|noun|notbat|||From <i>teisit</i> (&quot;high-speed&quot;) + <i>roun</i> (&quot;road&quot;)||||||10|1017|||||||||||||
source|reg|reg|noun|noun|notbat|person, place or thing from which something (information, goods, etc.) comes or is acquired.||From Old Mampulan||||||3|1018|||||||||||||
etymology|batregga|batregga|noun|noun|notbat|||From <i>bat</i> (&quot;word&quot;) + <i>reg</i> (&quot;source&quot;) + <i>ga</i> (&quot;study&quot;)||||||8|1019|||||||||||||
horn|noron|noron|noun|noun|notbat|animal horn||From Old Mampulan||||||5|1020|||||||||||||
village|barâng|bara^q|noun|noun|notbat|||From Old Mampulan||||||6|1021|||||||||||||
hill|romo|romo|noun|noun|notbat|||From Old Mampulan||||||4|1022|||||||||||||
valley|nortan|nortan|noun|noun|notbat|||From Old Mampulan||||||6|1023|||||||||||||
sweat|pawa|pawa|noun|noun|notbat|||From Old Mampulan||||||4|1024|||||||||||||
shadow|mus|mus|noun|noun|notbat|||From Old Mampulan||||||3|1025|||||||||||||
clap|tranun|tranun|verb|un verb|un-usbat|||From Old Mampulan||||||6|1026|||||||||||||
happiness|sail|sail|noun|noun|notbat|||From Old Mampulan||||||4|1027|||||||||||||
happy|sailung|sailuq|adjective|ung adjective|uq-sulaikibat|||From <i>sail</i> (&quot;happiness&quot;)||||||6|1028|||||||||||||
possession|kūnmai|ku-nmai|noun|noun|notbat|||From <i>ku-nun</i> (&quot;take&quot;) + <i>mairun</i> (&quot;have&quot;)||||||7|1029|||||||||||||
possess|kūnmairun|ku-nmairun|verb|run verb|run-usbat|||From <i>kūnmai</i> (&quot;possession&quot;)||||||10|1030|||||||||||||
record|sirun|sirun|verb|un verb|un-usbat|Note: un verb because root for is sir.||From Old Mampulan||||||5|1031|||||||||||||
enter|hairun|hairun|verb|run verb|run-usbat|||From Old Mampulan||||||6|1032|||||||||||||
exit|ourun|ourun|verb|run verb|run-usbat|||From Old Mampulan||||||5|1033|||||||||||||
exit|oubi|oubi|noun|noun|notbat|||From <i>ourun</i> (&quot;exit&quot;) + <i>bi</i> (&quot;mouth&quot;)||||||4|1034|||||||||||||
entrance|haibi|haibi|noun|noun|notbat|||From <i>hairun</i> (&quot;enter&quot;) + <i>bi</i> (&quot;mouth&quot;)||||entry||5|1035|||||||||||||
entry|haipein|haipein|noun|noun|notbat|entry (into a place)||From <i>hairun</i> (&quot;enter&quot;) + <i>bi</i> (&quot;place&quot;)||||||7|1036|||||||||||||
entry|sirhai|sirhai|noun|noun|notbat|entry (in a form)||From <i>sir</i> (&quot;record&quot;) + <i>hai</i> (&quot;enter&quot;)||||||6|1037|||||||||||||
entry|patija|patija|noun|noun|notbat|entry (into a club or organization) (participation)||From <i>pati</i> (&quot;&quot;) + <i>ja</i> (&quot;add&quot;)||||||6|1038|||||||||||||
entry|haibi|haibi|noun|noun|notbat|||From <i>hairun</i> (&quot;enter&quot;) + <i>bi</i> (&quot;mouth&quot;)||||entrance||5|1039|||||||||||||
steak|steik|steik|noun|noun|notbat|||From Human Language <i>steak</i>||||||5|1040|||||||||||||
employment|yodo|yodo|noun|noun|notbat|||From Old Mampulan||||||4|1041|||||||||||||
employ|yodorun|yodorun|verb|run verb|run-usbat|||From <i>employment</i> (&quot;yodo&quot;)||||||7|1042|||||||||||||
engineering|kuga|kuga|noun|noun|notbat|||From <i>ku</i> (&quot;&quot;) + <i>ga</i> (&quot;study&quot;)||||||4|1043|||||||||||||
engineer|kugawan|kugawan|noun|noun|notbat|||From <i>kuga</i> (&quot;engineering&quot;) + <i>wan</i> (&quot;person&quot;)||||||7|1044|||||||||||||
inter-|ist-|ist-|prefix|prefix|sorthorqi|||From Old Mampulan <i>histe</i>||||||4|1045|||||||||||||
interaction|istusunas|istusunas|noun|noun|notbat|||From <i>ist-</i> (&quot;inter&quot;) + <i>usunas</i> (&quot;action&quot;)||||||9|1046|||||||||||||
mixture|mik|mik|noun|noun|notbat|||From Old Mampulan||||mix (noun)||3|1047|||||||||||||
mix|mik|mik|noun|noun|notbat|||From Old Mampulan||||mixture||3|1048|||||||||||||
mix|mikun|mikun|verb|un verb|un-usbat|||From <i>mik</i> (&quot;mixture&quot;)||||||5|1049|||||||||||||
preference|bindeso|bindeso|noun|noun|notbat|||From <i>bindes</i> (&quot;in front of&quot;) + <i>orun</i> (&quot;put&quot;)||||||7|1050|||||||||||||
region|altuki|altuki|noun|noun|notbat|||From <i>alt</i> (&quot;earth&quot;) + <i>uki</i> (&quot;&quot;)||||||6|1051|||||||||||||
region|uki|uki|noun|noun|notbat|||From Old Mampulan||||||3|1052|||||||||||||
tradition|lakkonen|lakkonen|noun|noun|notbat|||From <i>lak</i> (&quot;&quot;) + <i>konen</i> (&quot;&quot;)||||||8|1053|||||||||||||
virus|bairus|bairus|noun|noun|notbat|||From Human Language <i>virus</i>||||||6|1054|||||||||||||
settlement|dast|dast|noun|noun|notbat|place||From Old Mampulan||||||4|1055|||||||||||||
effective|ostung|ostuq|adjective|ung adjective|uq-sulaikibat|||From <i>ost</i> (&quot;effect&quot;)|||||効|5|1056|||||||||||||
effectivity|ostshin|ostxin|noun|noun|notbat|||From <i>ost</i> (&quot;effect&quot;) +  <i>shin</i> (&quot;state of&quot;)||||||6|1057|||||||||||||
actor|uswan|uswan|noun|noun|notbat|||From <i>us</i> (&quot;act&quot;) +  <i>wan</i> (&quot;person&quot;)||||||5|1058|||||||||||||
out|air|air|adverb|adverb|qanusbat|||From Old Mampulan||The wolf went out of the den.|Woun ni desun wo air sora.|||3|1059|||||||||||||
empty|iltung|iltuq|adjective|ung adjective|uq-sulaikibat|||From Old Mampulan||||||5|1060|||||||||||||
evacuation|airiltas|airiltas|noun|noun|notbat|||From <i>air</i> (&quot;out&quot;) +  <i>iltung</i> (&quot;empty&quot;)||||||8|1061|||||||||||||
evacuate|airiltun|airiltun|verb|un verb|un-usbat|||From <i>airilt</i> (&quot;evacuation&quot;)||||||8|1062|||||||||||||
spill|biopun|biopun|verb|un verb|un-usbat|||From Old Mampulan||||||6|1063|||||||||||||
box|tast|tast|noun|noun|notbat|||From Old Mampulan||We need a person to carry this box.|Koi'n pat tast it butun tun na iq wan it kailu|||4|1064|||||||||||||
delivery|lort|lort|noun|noun|notbat|||From Old Mampulan||||||4|1065|||||||||||||
deliver|lortun|lortun|verb|un verb|un-usbat|||From <i>lort</i> (&quot;delivery&quot;)||||||6|1066|||||||||||||
definition|saisabas|saisabas|noun|noun|notbat|||From <i>sairun sabun</i> (&quot;love to say&quot;) + <i>-as</i> (&quot;nominalizing suffix&quot;)||||||8|1067|||||||||||||
define|saisabun|saisabun|verb|un verb|un-usbat|||From <i>saisab</i> (&quot;definition&quot;)||||||8|1068|||||||||||||
purpose|saisabgi|saisabgi|noun|noun|notbat|||From <i>saisab</i> (&quot;definition&quot;) + <i>girun</i> (&quot;give&quot;)||||||8|1069|||||||||||||
device|saisabgibus|saisabgibus|noun|noun|notbat|||From <i>saisabgi</i> (&quot;purpose&quot;) + <i>bus</i> (&quot;thing&quot;)||||||11|1070|||||||||||||
drama|drama|drama|noun|noun|notbat|||From Human Language <i>drama</i>||||||5|1071|||||||||||||
election|daltwanmart|daltwanmart|noun|noun|notbat|||From <i>daltwan</i> (&quot;leader&quot;) + <i></i> (&quot;selection&quot;)||||||11|1072|||||||||||||
engine|kugaki|kugaki|noun|noun|notbat|||From <i></i> (&quot;engineering&quot;) + <i></i> (&quot;machine&quot;)||||||6|1073|||||||||||||
guide|gērun|ge-run|verb|run verb|run-usbat|||From Old Mampulan||||||6|1074|||||||||||||
guide|gēwan|ge-wan|noun|noun|notbat|||From <i>gē</i> (&quot;guide&quot;) + <i>wan</i> (&quot;person&quot;)||||||6|1075|||||||||||||
guidance|gēshin|ge-xin|noun|noun|notbat|||From <i>gē</i> (&quot;guide&quot;) +<i>shin</i> (&quot;state of&quot;)||||||6|1076|||||||||||||
hotel|hotel|hotel|noun|noun|notbat|||From Human Language <i>hotel</i>||||||5|1077|||||||||||||
own|rulun|rulun|verb|un verb|un-usbat|||From Old Mampulan||||||5|1078|||||||||||||
owner|rulwan|rulwan|noun|noun|notbat|||From <i>rulun</i> (&quot;own&quot;) + <i>wan</i> (&quot;person&quot;)||||||6|1079|||||||||||||
near|serung|seruq|adjective|ung adjective|uq-sulaikibat|||From Old Mampulan||||||5|1080|||||||||||||
near|serde|serde|preposition|postposition|pusobat|||From Old Mampulan||||||5|1081|||||||||||||
close by|serde|serde|preposition|postposition|pusobat|||From Old Mampulan||||||5|1082|||||||||||||
nearby|serde|serde|preposition|postposition|pusobat|||From Old Mampulan||||||5|1083|||||||||||||
local|serpeing|serpeiq|adjective|g adjective|g-sulaikibat|||From <i>serung</i> (&quot;near&quot;) +  <i>pein</i> (&quot;place&quot;)||||||7|1084|||||||||||||
must|drun|drun|verb|un verb|un-usbat|||From Old Mampulan||||should, have to||4|1085|||||||||||||
should|drun|drun|verb|un verb|un-usbat|||From Old Mampulan||||must, have to||4|1086|||||||||||||
have to|drun|drun|verb|un verb|un-usbat|||From Old Mampulan||||should, must||4|1087|||||||||||||
example|kelt|kelt|noun|noun|notbat|||From Old Mampulan||||give an example||4|1088|||||||||||||
give an example|keltun|keltun|verb|un verb|un-usbat|||From <i>kelt</i> (&quot;example&quot;)||||example||6|1089|||||||||||||
silence|sailt|sailt|noun|noun|notbat|||From Old Mampulan||||silent, be silent||5|1090|||||||||||||
silent|sailtung|sailtuq|adjective|ung adjective|uq-sulaikibat|||From <i>sailt</i> (&quot;silence&quot;)||||silence, be silent||7|1091|||||||||||||
be silent|sailtun|sailtun|verb|un verb|un-usbat|||From <i>sailt</i> (&quot;silence&quot;)||||silence, silent||7|1092|||||||||||||
priority|hefigonas|hefigonas|noun|noun|notbat|||From <i>hefig</i> (&quot;importance&quot;) + <i>onas</i> (&quot;position&quot;)||||||9|1093|||||||||||||
stable|asurung|asuruq|adjective|ung adjective|uq-sulaikibat|||Related to Old Mampulan <i>surun</i> (&quot;stand&quot;)||||||6|1094|||||||||||||
establishment|asurnalt|asurnalt|noun|noun|notbat|||From Old Mampulan||||||8|1095|||||||||||||
establish|asurnaltun|asurnaltun|verb|un verb|un-usbat|||From <i>asurnalt</i> (&quot;establishment&quot;)||||||10|1096|||||||||||||
shield|kuton|kuton|noun|noun|notbat|||From Old Mampulan||||protect||5|1097|||||||||||||
shield|kutonun|kutonun|verb|un verb|un-usbat|||From <i>kuton</i> (&quot;shield&quot;)||||||7|1098|||||||||||||
protection|pro|pro|noun|noun|notbat|(informal)||From Old Mampulan||||shield||3|1099|||||||||||||
protect|prorun|prorun|verb|run verb|run-usbat|(informal)||From <i>pro</i> (&quot;protection&quot;)||||||6|1100|||||||||||||
protection|welt|welt|noun|noun|notbat|(formal)||From Wolf Mampulan <i>welte</i>||||||4|1101|||||||||||||
proposal|mitonal|mitonal|noun|noun|notbat|||From <i>mito</i> (&quot;suggestion&quot;) + <i>nal</i> (&quot;idea&quot;)||||||7|1102|||||||||||||
tension|sald|sald|noun|noun|notbat|||From Old Mampulan||||||4|1103|||||||||||||
stretch|saldun|saldun|verb|un verb|un-usbat|||From <i>sald</i> (&quot;tension&quot;)||||||6|1104|||||||||||||
search|sīkun|si-kun|verb|un verb|un-usbat|||From Old Mampulan||||||6|1105|||||||||||||
fear|pert|pert|noun|noun|notbat|||From Old Mampulan||||||4|1106|||||||||||||
anxiety|painpert|painpert|noun|noun|notbat|||From <i>pain</i> (&quot;heart&quot;) + <i>pert</i> (&quot;fear&quot;)||||||8|1107|||||||||||||
sphere|kulk|kulk|noun|noun|notbat|||From Old Mampulan|||||German Kugel|4|1108|||||||||||||
atmosphere|herkulk|herkulk|noun|noun|notbat|||From <i>her</i> (&quot;air&quot;) + <i>kulk</i> (&quot;sphere&quot;)||||||7|1109|||||||||||||
bath|glit|glit|noun|noun|notbat|||From Old Mampulan||||||4|1110|||||||||||||
take a bath|glitun|glitun|verb|un verb|un-usbat|||From <i>glit</i> (&quot;bath&quot;)||||||6|1111|||||||||||||
pure|junung|junuq|adjective|ng adjective|q-sulaikibat|||From Old Mampulan||||||5|1112|||||||||||||
choice|sen|sen|noun|noun|notbat|||From Old Mampulan||||||3|1113|||||||||||||
choose|senun|senun|verb|un verb|un-usbat|||From <i>sen</i> (&quot;choice&quot;)||||||5|1114|||||||||||||
candidate|daltwansen|daltwansen|noun|noun|notbat|A person who is running in an election.||From <i>daltwan</i> (&quot;leader&quot;) + <i>sen</i> (&quot;choice&quot;)||||||10|1115|||||||||||||
sky|imel|imel|noun|noun|notbat|||From Old Mampulan||||||4|1116|||||||||||||
climate|imeltaika|imeltaika|noun|noun|notbat|||From <i>imel</i> (&quot;sky&quot;) + <i>taika</i> (&quot;tend&quot;)||||||9|1117|||||||||||||
comparison|kaun|kaun|noun|noun|notbat|||From Old Mampulan||||||4|1118|||||||||||||
compare|kaunun|kaunun|verb|un verb|un-usbat|||From <i>kaun</i> (&quot;compare&quot;)||||||6|1119|||||||||||||
confusion|miktair|miktair|noun|noun|notbat|||From <i>mix</i> (&quot;mix&quot;) + <i>tair</i> (&quot;brain&quot;)||||||7|1120|||||||||||||
confused|miktairung|miktairuq|adjective|ung adjective|uq-sulaikibat|||From <i>miktair</i> (&quot;confusion&quot;)||||||9|1121|||||||||||||
confuse|miktairun|miktairun|verb|un verb|un-usbat|||From <i>miktair</i> (&quot;confusion&quot;)||||||9|1122|||||||||||||
construction|samatia|samatia|noun|noun|notbat|||From <i>samanak tiarun</i> (&quot;build together&quot;)||||||7|1123|||||||||||||
construct|samatiarun|samatiarun|verb|run verb|run-usbat|||From <i>samatiarun</i> (&quot;construction&quot;)||||||10|1124|||||||||||||
elevator|elebeitor|elebeitor|noun|noun|notbat|||From Human Language <i>elevator</i> (&quot;elevator&quot;)||||||9|1125|||||||||||||
emotion|main|main|noun|noun|notbat|||From Old Mampulan||||feeling||4|1126|||||||||||||
battlefield|trounpein|trounpein|noun|noun|notbat|||From <i>troun</i> (&quot;war&quot;) + <i>pein</i> (&quot;place&quot;)||||||9|1127|||||||||||||
employee|yodorawan|yodorawan|noun|noun|notbat|||From <i>yodora</i> (&quot;employed&quot;) past tense of <i>yodorun</i> (&quot;employ&quot;) + <i>wan</i> (&quot;person&quot;)||||||9|1128|||||||||||||
employer|yodowan|yodowan|noun|noun|notbat|||From <i>yodorun</i> (&quot;employ&quot;) + <i>wan</i> (&quot;person&quot;)||||||7|1129|||||||||||||
guest|kian|kian|noun|noun|notbat|||From Old Mampulan||||||4|1130|||||||||||||
height|teinas|teinas|noun|noun|notbat|||From <i>tei</i> (&quot;tall&quot;) + <i>-nas</i> (&quot;nominalizing suffix&quot;)||||||6|1131|||||||||||||
leadership|daltwanshin|daltwanxin|noun|noun|notbat|||From <i>daltwan</i> (&quot;leader&quot;) + <i>shin</i> (&quot;state of&quot;)||||||10|1132|||||||||||||
mall|mōl|mo-l|noun|noun|notbat|||From Human Language <i>mall</i> (&quot;mall&quot;)||||||4|1133|||||||||||||
manage|shaindaltun|xaindaltun|verb|un verb|un-usbat|||From <i>hand</i> (&quot;hand&quot;) + <i>lead</i> (&quot;lead&quot;)||||||10|1134|||||||||||||
management|shaindaltas|xaindaltas|noun|noun|notbat|||From <i>shaindaltun</i> (&quot;manage&quot;) + <i>-as</i> (&quot;nominalizing suffix&quot;)||||||10|1135|||||||||||||
manager|shaindaltwan|xaindaltwan|noun|noun|notbat|||From <i>shaindaltun</i> (&quot;manage&quot;)||||||11|1136|||||||||||||
run|shaindaltun|xaindaltun|verb|un verb|un-usbat|to control or manage; e.g. run a company, run the government ||||||||10|1137|||||||||||||
connection|bint|bint|noun|noun|notbat|||From Old Mampulan||||||4|1138|||||||||||||
connect|bintun|bintun|verb|un verb|un-usbat|||From <i>bint</i> (&quot;connection&quot;)||||||6|1139|||||||||||||
angle|lok|lok|noun|noun|notbat|||From Old Mampulan||||||3|1140|||||||||||||
corner|hair|hair|noun|noun|notbat|||From Old Mampulan||||||4|1141|||||||||||||
triangle|malok|malok|noun|noun|notbat|||From <i>ma</i> (&quot;three&quot;) + <i>lok</i> (&quot;angle&quot;)||||||5|1142|||||||||||||
delta|antakmalok|antakmalok|noun|noun|notbat|of a river||From <i>antak</i> (&quot;river&quot;) + <i>malok</i> (&quot;triangle&quot;)||||||10|1143|||||||||||||
north|hila|hila|noun|noun|notbat|||From Old Mampulan||||||4|1144|||||||||||||
south|timo|timo|noun|noun|notbat|||From Old Mampulan||||||4|1145|||||||||||||
east|kala|kala|noun|noun|notbat|||From Old Mampulan||||||4|1146|||||||||||||
west|raso|raso|noun|noun|notbat|||From Old Mampulan||||||4|1147|||||||||||||
territory|faitlan|faitlan|noun|noun|notbat|||From <i>fait</i> (&quot;rule&quot;) + <i>lan</i> (&quot;land&quot;)||||||7|1148|||||||||||||
coast|tikai|tikai|noun|noun|notbat|||From Old Mampulan||||||5|1149|||||||||||||
middle|dit|dit|noun|noun|notbat|||From Old Mampulan||||||3|1150|||||||||||||
desert|kuban|kuban|noun|noun|notbat|||From Old Mampulan||||||5|1151|||||||||||||
peak|meis|meis|noun|noun|notbat|of a mountain||From Old Mampulan||||||4|1152|||||||||||||
transportation|tesdebutas|tesdebutas|noun|noun|notbat|||From <i>tesde</i> (&quot;across&quot;) + <i>butun</i> (&quot;carry&quot;) + <i>-as</i> (&quot;nominalizing suffix&quot;)||||||10|1153|||||||||||||
transport|tesdebutun|tesdebutun|verb|un verb|un-usbat|||From <i>tesde</i> (&quot;across&quot;) + <i>butun</i> (&quot;carry&quot;)||||||10|1154|||||||||||||
charity|yogi|yogi|noun|noun|notbat|||From <i>yo</i> (&quot;good&quot;) + <i>girun</i> (&quot;give&quot;)||||||4|1155|||||||||||||
disaster|kalan|kalan|noun|noun|notbat|||From Old Mampulan||||||5|1156|||||||||||||
cousin|toran|toran|noun|noun|notbat|||From Old Mampulan||||||5|1157|||||||||||||
text|mou|mou|noun|noun|notbat|||From Old Mampulan <i>mohu</i>||||||3|1158|||||||||||||
edit|môwenun|mo^wenun|verb|un verb|un-usbat|To change a text, or a document||From <i>mou</i> (&quot;text&quot;) + <i>henun</i> (&quot;change&quot;)||||||8|1159|||||||||||||
editor|môwenwan|mo^wenwan|noun|noun|notbat|||From <i>môwenun</i> (&quot;edit&quot;)||||||9|1160|||||||||||||
rate|lion|lion|noun|noun|notbat|||From Old Mampulan||||||4|1161|||||||||||||
efficiency|ostlion|ostlion|noun|noun|notbat|||From <i>ost</i> (&quot;effective&quot;) + <i>lion</i> (&quot;rate&quot;)||||||7|1162|||||||||||||
efficient|ostliong|ostlioq|adjective|g adjective|g-sulaikibat|||From <i>ostlion</i> (&quot;efficiency&quot;)||||||7|1163|||||||||||||
excitement|sige|sige|noun|noun|notbat|||From Old Mampulan||||||4|1164|||||||||||||
excite|sigerun|sigerun|verb|run verb|run-usbat|||From <i>sige</i> (&quot;excitement&quot;)||||||7|1165|||||||||||||
extent|airsald|airsald|noun|noun|notbat|||From <i>air</i> (&quot;out&quot;) + <i>saldun</i> (&quot;stretch&quot;)||||||7|1166|||||||||||||
extend|airsaldun|airsaldun|verb|un verb|un-usbat|||From <i>airsald</i> (&quot;extent&quot;)||||||9|1167|||||||||||||
event|airbus|airbus|noun|noun|notbat|||From <i>air</i> (&quot;out&quot;) + <i>bus</i> (&quot;thing&quot;)||||||6|1168|||||||||||||
beginning|hiun|hiun|noun|noun|notbat|||From Old Mampulan||||||4|1169|||||||||||||
end|art|art|noun|noun|notbat|||From Old Mampulan||||||3|1170|||||||||||||
answer|lus|lus|noun|noun|notbat|||From Old Mampulan||||||3|1171|||||||||||||
answer|lusun|lusun|verb|un verb|un-usbat|||||||||5|1172|||||||||||||
outcome|binlus|binlus|noun|noun|notbat|||From <i>bin</i> (&quot;back&quot;) + <i>lus</i> (&quot;answer&quot;)||||result||6|1173|||||||||||||
result|binlus|binlus|noun|noun|notbat|||From <i>bin</i> (&quot;back&quot;) + <i>lus</i> (&quot;answer&quot;)||||outcome||6|1174|||||||||||||
consequence|artairbus|artairbus|noun|noun|notbat|||From <i>art</i> (&quot;end&quot;) + <i>airbus</i> (&quot;event&quot;)||||||9|1175|||||||||||||
permission|paigyanas|paigyanas|noun|noun|notbat|||From <i>paigun</i> (&quot;allow&quot;) + <i>yarun</i> (&quot;ya&quot;) + <i>-nas</i> (&quot;nominalizing suffix&quot;)||||||9|1176|||||||||||||
presentation|kinas|kinas|noun|noun|notbat|||From <i>kirun</i> (&quot;show&quot;) + <i>-nas</i> (&quot;nominalizing suffix&quot;)||||||5|1177|||||||||||||
present|kinasun|kinasun|verb|un verb|un-usbat|||From <i>kinasun</i> (&quot;presentation&quot;)||||||7|1178|||||||||||||
promotion|shounonas|xounonas|noun|noun|notbat|||From <i>shoun</i> (&quot;up&quot;) + <i>onas</i> (&quot;position&quot;)||||||8|1179|||||||||||||
bounce|boinun|boinun|verb|un verb|un-usbat|||Possibly of imitative origin||||||6|1180|||||||||||||
reflection|pusboin|pusboin|noun|noun|notbat|||From <i>pus</i> (&quot;back&quot;) + <i>boinun</i> (&quot;bounce&quot;)||||||7|1181|||||||||||||
exploration|sīkpron|si-kpron|noun|noun|notbat|`||From <i>sīk</i> (&quot;&quot;) + <i>pron</i> (&quot;&quot;)||||||8|1182|||||||||||||
quantity|sel|sel|noun|noun|notbat|||From Old Mampulan||||amount||3|1183|||||||||||||
amount|sel|sel|noun|noun|notbat|||From Old Mampulan||||quantity||3|1184|||||||||||||
space|akon|akon|noun|noun|notbat|||From Old Mampulan||||||4|1185|||||||||||||
distance|akonsel|akonsel|noun|noun|notbat|||From <i>akon</i> (&quot;space&quot;) + <i>sel</i> (&quot;amount&quot;)||||||7|1186|||||||||||||
distant|akonselung|akonseluq|adjective|ung adjective|uq-sulaikibat|||From <i>akonsel</i> (&quot;distance&quot;)||||||9|1187|||||||||||||
refrigerate|mignaltun|mignaltun|verb|un verb|un-usbat|||From <i>mignaltun</i> (&quot;become cold&quot;)||||||9|1188|||||||||||||
refrigeration|mignaltas|mignaltas|noun|noun|notbat|||From <i>mignaltun</i> (&quot;refrigerate&quot;) + <i>-as</i> (&quot;nominalizing suffix&quot;)||||||9|1189|||||||||||||
refrigerator|mignaltaski|mignaltaski|noun|noun|notbat|||From <i>mignaltas</i> (&quot;refrigeration&quot;) + <i>ki</i> (&quot;machine&quot;)||||||11|1190|||||||||||||
revenue|reditas|reditas|noun|noun|notbat|||From Eagle Language <i>redit</i> (&quot;return&quot;) + <i>-as</i> (&quot;nominalizing suffix&quot;)||||||7|1191|||||||||||||
session|zanas|zanas|noun|noun|notbat|||From <i>zarun</i> (&quot;sit&quot;) + <i>-nas</i> (&quot;nominalizing suffix&quot;)||||||5|1192|||||||||||||
singer|naikwan|naikwan|noun|noun|notbat|||From <i>naikun</i> (&quot;sing&quot;) + <i>wan</i> (&quot;person&quot;)||||||7|1193|||||||||||||
tennis|tenis|tenis|noun|noun|notbat|||From Human English Language <i>tennis</i>||||||5|1194|||||||||||||
basket|gakoun|gakoun|noun|noun|notbat|||From Raccoon Language||||||6|1195|||||||||||||
bonus|jabus|jabus|noun|noun|notbat|||From <i>jarun</i> (&quot;add&quot;) + <i>bus</i> (&quot;thing&quot;)||||||5|1196|||||||||||||
room|non|non|noun|noun|notbat|||From Old Mampulan||John waited inside the room.|Jon’i non lopde alara.|||3|1197|||||||||||||
room temperature|nonret|nonret|noun|noun|notbat|temperature of common room|tanang non sa ketdo|non + ret||||||6|1198|||||||||||||
cabinet|airde'onon|airde'onon|noun|noun|notbat|||From <i>airdê'orun</i> (&quot;store&quot;) + <i>non</i> (&quot;room&quot;)||||||10|1199|||||||||||||
childhood|loponshin|loponxin|noun|noun|notbat|||From <i>lopon</i> (&quot;child&quot;) + <i>shin</i> (&quot;state&quot;)||||||8|1200|||||||||||||
value|bal|bal|noun|noun|notbat|||From Old Mampulan||||||3|1201|||||||||||||
praise|balgirun|balgirun|verb|run verb|run-usbat|||From <i>bal</i> (&quot;value&quot;) + <i>girun</i> (&quot;give&quot;)||||||8|1202|||||||||||||
god|pangi|paqi|noun|noun|notbat|||From Pangil the Wolf Legend. Pangil is the first legend of Mampulan and early animals and humans treated him like a god.||||||4|1203|||||||||||||
to go to church|pangibalgirun|paqibalgirun|noun|noun|notbat|||From <i>pangi</i> (&quot;god&quot;) + <i>balgirun</i> (&quot;praise&quot;)||||||12|1204|||||||||||||
church|pangipein|paqipein|noun|noun|notbat|||From <i>pangi</i> (&quot;to go to church&quot;) + <i>pein</i> (&quot;place&quot;)||||||8|1205|||||||||||||
clothes|tamin|tamin|noun|noun|notbat|||From Old Mampulan||||||5|1206|||||||||||||
meal|kainfoun|kainfoun|noun|noun|notbat|||From <i>kainun</i> (&quot;eat&quot;) + <i>foun</i> (&quot;time&quot;)||||||8|1207|||||||||||||
meal|manduksait|mandusait|noun|noun|notbat|||From Eagle Languages <i>manduk</i> (&quot;eat&quot;) + <i>sait</i> (&quot;time&quot;)||||||9|1208|||||||||||||
breakfast|alokain|alokain|noun|noun|notbat|||From <i>alo</i> (&quot;morning&quot;) + <i>kainun</i> (&quot;eat&quot;)||||||7|1209|||||||||||||
lunch|hirtkain|hirtkain|noun|noun|notbat|||From <i>hirt</i> (&quot;afternoon&quot;) + <i>kainun</i> (&quot;eat&quot;)||||||8|1210|||||||||||||
dinner|kapikain|kapikain|noun|noun|notbat|||From <i>kapi</i> (&quot;night&quot;) + <i>kainun</i> (&quot;eat&quot;)||||||8|1211|||||||||||||
picture|dran|dran|noun|noun|notbat|||From Old Mampulan||||||4|1212|||||||||||||
draw|dransulun|dransulun|verb|un verb|un-usbat|||From <i>dran</i> (&quot;picture&quot;) + <i>sulun</i> (&quot;write&quot;)||||||9|1213|||||||||||||
drawing|dransul|dransul|noun|noun|notbat|||From <i>dransulun</i> (&quot;draw&quot;)||||||7|1214|||||||||||||
step|lam|lam|noun|noun|notbat|||From Fox Language||||||3|1215|||||||||||||
initiative|hiunlam|hiunlam|noun|noun|notbat|||From <i>hiunun</i> (&quot;begin&quot;) + <i>lam</i> (&quot;step&quot;)||||||7|1216|||||||||||||
rare|ching|ciq|adjective|g adjective|g-sulaikibat|||From Old Mampulan||||||3|1217|||||||||||||
judgment|panlon|panlon|noun|noun|notbat|||From <i>pan</i> (&quot;&quot;) + <i>lon</i> (&quot;&quot;)||||||6|1218|||||||||||||
core|kak|kak|noun|noun|notbat|||From Old Mampulan||||||3|1219|||||||||||||
determination|sar|sar|noun|noun|notbat|||From Old Mampulan||||||3|1220|||||||||||||
determine|sarun|sarun|verb|un verb|un-usbat|||From <i>sar</i> (&quot;determine&quot;)||||||5|1221|||||||||||||
measurement|gost|gost|noun|noun|notbat|the act or process of measuring||From Old Mampulan||||||4|1222|||||||||||||
measurement|gostsar|gostsar|noun|noun|notbat|(formal) the act or process of measuring||From <i>gost</i> (&quot;measure&quot;) + <i>sar</i>determine(&quot;&quot;)||||||7|1223|||||||||||||
measure|gostsarun|gostsarun|verb|un verb|un-usbat|||From <i>gostsar</i> (&quot;determination&quot;)||||||9|1224|||||||||||||
mode|raun|raun|noun|noun|notbat|||From Old Mampulan||||||4|1225|||||||||||||
mud|domin|domin|noun|noun|notbat|||From Old Mampulan||||||5|1226|||||||||||||
always|latfoun|latfoun|adverb|adverb|qanusbat|||From <i>lat</i> (&quot;all&quot;) + <i>foun</i> (&quot;time&quot;)||||||7|1227|||||||||||||
always|sien|sien|adverb|adverb|qanusbat|||From Old Mampulan||||||4|1228|||||||||||||
often|befoun|befoun|adverb|adverb|qanusbat|||From <i>be</i> (&quot;most&quot;) + <i>foun</i> (&quot;time&quot;)||||||6|1229|||||||||||||
sometimes|bafoun|bafoun|adverb|adverb|qanusbat|||From <i>ba</i> (&quot;some&quot;) + <i>foun</i> (&quot;time&quot;)||||||6|1230|||||||||||||
seldom|chinak|cinak|adverb|adverb|qanusbat|||From <i>ching</i> (&quot;rare&quot;) + <i>-ak</i> (&quot;adverb forming suffix&quot;)||||||5|1231|||||||||||||
never|nar|nar|adverb|adverb|qanusbat|||From Old Mampulan||||||3|1232|||||||||||||
everytime|maifoun|maifoun|adverb|adverb|qanusbat|||From <i>lat</i> (&quot;all&quot;) + <i>wan</i> (&quot;person&quot;)||||every time||7|1233|||||||||||||
every time|maifoun|maifoun|adverb|adverb|qanusbat|||From <i>lat</i> (&quot;all&quot;) + <i>wan</i> (&quot;person&quot;)||||everytime||7|1234|||||||||||||
far|yung|yuq|adjective|ng adjective|q-sulaikibat|||From Wolf Language||||igelung||3|1235|||||||||||||
far|igelung|igeluq|adjective|ung adjective|uq-sulaikibat|||From Eagle Language||||yung||6|1236|||||||||||||
earth|donbano|donbano|noun|noun|notbat|The planet||From <i>don</i> (&quot;earth&quot;) + <i>bano</i> (&quot;ball&quot;)||||||7|1237|||||||||||||
bear|budun|budun|verb|un verb|un-usbat|to give birth||Related to Old Mampulan <i>butun</i> (&quot;carry&quot;)||||||5|1238|||||||||||||
born|budaren|budaren|verb|un verb|un-usbat|passive past of bear. ||From <i>budun</i> (&quot;bear (v.)&quot;)||I was not born yesterday.||||7|1239|||||||||||||
sea|tiu|tiu|noun|noun|notbat|||From Fox Language||||||3|1240|||||||||||||
thought|rin|rin|noun|noun|notbat|an individual act or product of thinking||From Old Mampulan. Related to <i>rinun</i> (&quot;think&quot;)||||fenser||3|1241|||||||||||||
thought|fenser|fenser|noun|noun|notbat|(formal) an individual act or product of thinking||From Eagle Language.||||rin||6|1242|||||||||||||
bridge|plon|plon|noun|noun|notbat|A construction or natural feature that spans a divide.||From Old Mampulan||||||4|1243|||||||||||||
poetry|proun|proun|noun|noun|notbat|||From Old Mampulan||||||5|1244|||||||||||||
mister|youn|youn|noun|suffix||A typical title used after person's name, usually in a professional setting.||From <i>yo</i> (&quot;good&quot;) + <i>wan</i> (&quot;person&quot;)||||||4|1245|||||||||||||
miss|youn|youn|noun|suffix||A typical title used after person's name, usually in a professional setting.||From <i>yo</i> (&quot;good&quot;) + <i>wan</i> (&quot;person&quot;)||||||4|1246|||||||||||||
missus|youn|youn|noun|suffix||A typical title used after person's name, usually in a professional setting.||From <i>yo</i> (&quot;good&quot;) + <i>wan</i> (&quot;person&quot;)||||||4|1247|||||||||||||
mr.|youn|youn|noun|suffix||A typical title used after person's name, usually in a professional setting.||From <i>yo</i> (&quot;good&quot;) + <i>wan</i> (&quot;person&quot;)||||||4|1248|||||||||||||
ms.|youn|youn|noun|suffix||A typical title used after person's name, usually in a professional setting.||From <i>yo</i> (&quot;good&quot;) + <i>wan</i> (&quot;person&quot;)||||||4|1249|||||||||||||
mrs.|youn|youn|noun|suffix||A typical title used after person's name, usually in a professional setting.||From <i>yo</i> (&quot;good&quot;) + <i>wan</i> (&quot;person&quot;)||||||4|1250|||||||||||||
-|dalt|dalt|noun|suffix||A title used exclusively on the animal legends.||From <i>daltun</i> (&quot;lead&quot;)||||||4|1251|||||||||||||
pledge|fran|fran|noun|noun|notbat|||From Old Mampulan||||||4|1252|||||||||||||
cooperation|jenfortan|jenfortan|noun|noun|notbat|||From <i>jen</i> (&quot;&quot;) + <i>fortan</i> (&quot;&quot;)||||||9|1253|||||||||||||
hope|perân|pera^n|noun|noun|notbat|||From Old Mampulan||||||6|1254|||||||||||||
joy|mer|mer|noun|noun|notbat|||From Old Mampulan||||||3|1255|||||||||||||
sorrow|sain|sain|noun|noun|notbat|||From Old Mampulan||||||4|1256|||||||||||||
steal|nusun|nusun|verb|un verb|un-usbat|||From Old Mampulan||||||5|1257|||||||||||||
fee|bair|bair|noun|noun|notbat|||From Old Mampulan||||||4|1258|||||||||||||
free|manbairung|manbairuq|adjective|ung adjective|uq-sulaikibat|(formal) no charge||From <i>man</i> (&quot;absence of&quot;) + <i>bair</i> (&quot;fee&quot;)||||||9|1259|||||||||||||
free|gratung|gratuq|adjective|ung adjective|uq-sulaikibat|no charge||From Old Mampulan||||||6|1260|||||||||||||
be accustomed|biusorun|biusorun|verb|run verb|run-usbat|used to||From <i>biuso</i> (&quot;being accustomed&quot;)||||||8|1261|||||||||||||
thief|nuswan|nuswan|noun|noun|notbat|||From <i>nus</i> (&quot;steal&quot;) + <i>wan</i> (&quot;person&quot;)||||||6|1262|||||||||||||
bitter|baitung|baituq|adjective|ung adjective|uq-sulaikibat|||From Old Mampulan||||||6|1263|||||||||||||
game|laron|laron|noun|noun|notbat|||From Old Mampulan||||||5|1264|||||||||||||
goal|mas|mas|noun|noun|notbat|||From Old Mampulan||||||3|1265|||||||||||||
success|masunas|masunas|noun|noun|notbat|||From <i>mas</i> (&quot;goal&quot;) + <i>urun</i> (&quot;get&quot;) + <i>-nas</i> (&quot;nominalizing suffix&quot;)||||||7|1266|||||||||||||
race|kaitan|kaitan|noun|noun|notbat|to the finish line||From Old Mampulan||||||6|1267|||||||||||||
wonder|mirbin|mirbin|noun|noun|notbat|||From Old Mampulan||||||6|1268|||||||||||||
feast|winat|winat|noun|noun|notbat|||From Old Mampulan||||||5|1269|||||||||||||
feast|winatun|winatun|verb|un verb|un-usbat|||From <i>winat</i> (&quot;feast&quot;)||||||7|1270|||||||||||||
party|tipon|tipon|noun|noun|notbat|||From Old Mampulan||||||5|1271|||||||||||||
bottle|ampon|ampon|noun|noun|notbat|||From Old Mampulan||||||5|1272|||||||||||||
trouble|inot|inot|noun|noun|notbat|||From Old Mampulan||||||4|1273|||||||||||||
set up|seitun|seitun|verb|un verb|un-usbat|set up (the table)||From Old Mampulan||||||6|1274|||||||||||||
destiny|werdan|werdan|noun|noun|notbat|||From Old Mampulan||||||6|1275|||||||||||||
destiny|diunfor|dounfor|noun|noun|notbat|||From <i>diun</i> (&quot;&quot;) + <i>for</i> (&quot;&quot;)||||||7|1276|||||||||||||
warrior|trounwan|trounwan|noun|noun|notbat|||From <i>troun</i> (&quot;war&quot;) + <i>wan</i> (&quot;person&quot;)||||||8|1277|||||||||||||
now|nga|qa|adverb|adverb|qanusbat|||From Old Mampulan||||||2|1278|||||||||||||
ready|berung|beruq|adjective|ung adjective|uq-sulaikibat|||From Old Mampulan||||||5|1279|||||||||||||
departure|oubak|oubak|noun|noun|notbat|||From <i>ou</i> (&quot;exit&quot;) + <i>bak</i> (&quot;departure, discharge, emit&quot;)||||||5|1280|||||||||||||
depart|oubakun|oubakun|verb|un verb|un-usbat|||From <i>oubak</i> (&quot;departure&quot;)||||||7|1281|||||||||||||
star|tuin|tuin|noun|noun|notbat|||From Old Mampulan||||||4|1282|||||||||||||
voice|bon|bon|noun|noun|notbat|||From Old Mampulan||||||3|1283|||||||||||||
town|tro|tro|noun|noun|notbat|||From Old Mampulan||||||3|1284|||||||||||||
rub|franun|franun|verb|un verb|un-usbat|||From Old Mampulan||||||6|1285|||||||||||||
police|lisprowan|lisprowan|noun|noun|notbat|||From <i>lis</i> (&quot;law&quot;) + <i>pro</i> (&quot;protect&quot;) + <i>wan</i> (&quot;person&quot;)||||||9|1286|||||||||||||
possible|sang|saq|adjective|g adjective|g-sulaikibat|||<i>san</i> (&quot;&quot;)||||||3|1287|||||||||||||
possibility|sanshin|sanxin|noun|noun|notbat|||<i>san</i> (&quot;&quot;) + <i>shin</i> (&quot;&quot;)||||||6|1288|||||||||||||
transmission|shoundesōnas|xoundeso-nas|noun|noun|notbat|||From <i>shounde sōrun</i> (&quot;send over&quot;) + <i>-nas</i> (&quot;nominalizing suffix&quot;)||||||12|1289|||||||||||||
transmission|lakgai|lakgai|noun|noun|notbat|(formal)||From <i>lak</i> (&quot;&quot;) + <i>gai</i> (&quot;&quot;)||||||6|1290|||||||||||||
interruption|ditlon|ditlon|noun|noun|notbat|||From <i>dit</i> (&quot;center&quot;) + <i>lon</i> (&quot;&quot;)||||||6|1291|||||||||||||
signal|tailgo|tailgo|noun|noun|notbat|||From <i>tail</i> (&quot;&quot;) + <i>go</i> (&quot;&quot;)||||||6|1292|||||||||||||
identification|ites'hiras|iteshiras|noun|noun|notbat|||From <i>i</i> (&quot;one&quot;) + <i>tes</i> (&quot;other&quot;) + <i>hir</i> (&quot;same&quot;) + <i>-as</i> (&quot;nominalizing suffix&quot;)||||||9|1293|||||||||||||
trace|roupun|roupun|verb|un verb|un-usbat|||From Old Mampulan||||||6|1294|||||||||||||
finish|artun|artun|verb|un verb|un-usbat|||From Old Mampulan||||||5|1295|||||||||||||
accomplish|yo'artun|yo'artun|verb|un verb|un-usbat|||From <i>yo</i> (&quot;good&quot;) + <i>art</i> (&quot;finish&quot;)||||||8|1296|||||||||||||
designation|fingsar|fiqsar|noun|noun|notbat|||<i>fing</i> (&quot;&quot;) + <i>sar</i> (&quot;&quot;)||||||6|1297|||||||||||||
axis|kour|kour|noun|noun|notbat|||From Old Mampulan||||||4|1298|||||||||||||
elastic|boinshin|boinxin|noun|noun|notbat|||<i>boinun</i> (&quot;bounce&quot;) + <i>shin</i> (&quot;&quot;)||||||7|1299|||||||||||||
conservation|bauzon|bauzon|noun|noun|notbat|||<i>bau</i> (&quot;&quot;) + <i>zon</i> (&quot;&quot;)||||||6|1300|||||||||||||
laughter|lap|lap|noun|noun|notbat|||From Old Mampulan||||||3|1301|||||||||||||
laugh|lap|lap|noun|noun|notbat|||From Old Mampulan||||||3|1302|||||||||||||
smile|sulap|sulap|noun|noun|notbat|||From <i>sung</i> (&quot;small&quot;) + <i>lap</i> (&quot;&quot;)||||||5|1303|||||||||||||
laugh|lapun|lapun|verb|un verb|un-usbat|||From Old Mampulan||||||5|1304|||||||||||||
smile|sulapun|sulapun|verb|un verb|un-usbat|||From <i>sung</i> (&quot;small&quot;) + <i>lapun</i> (&quot;&quot;)||||||7|1305|||||||||||||
section|taist|taist|noun|noun|notbat|||From Old Mampulan||||||5|1306|||||||||||||
friend|fen|fen|noun|noun|notbat|||From Old Mampulan||||||3|1307|||||||||||||
friendship|fenshin|fenxin|noun|noun|notbat|||From <i>fen</i> (&quot;friend&quot;) + <i>-shin</i> (&quot;nominalizing suffix&quot;)||||||6|1308|||||||||||||
weather|imelti|imelti|noun|noun|notbat|||From <i>imel</i> (&quot;sky&quot;) + <i>ti</i> (&quot;air, mood&quot;)||||||6|1309|||||||||||||
fence|soun|soun|noun|noun|notbat|||From Old Mampulan||||||4|1310|||||||||||||
tale|aist|aist|noun|noun|notbat|||From Old Mampulan||||||4|1311|||||||||||||
king|ari|ari|noun|noun|notbat|||From Old Mampulan||||||3|1312|||||||||||||
queen|asān|asa-n|noun|noun|notbat|||From Old Mampulan||||||5|1313|||||||||||||
prince|lāri|la-ri|noun|noun|notbat|||From <i>la</i> (&quot;child&quot;) + <i>ari</i> (&quot;king&quot;)||||||5|1314|||||||||||||
princess|lāsān|la-sa-n|noun|noun|notbat|||From <i>la</i> (&quot;child&quot;) + <i>asān</i> (&quot;queen&quot;)||||||7|1315|||||||||||||
while|ak|ak|conjunction|conjunction|bintbat|||From Old Mampulan||I was cooking while she was reading.|Yo ni dokanan ak ko ni isanan.|||2|1316|||||||||||||
job|rasat|rasat|noun|noun|notbat|||From Raccoon Language rasat||||||5|1317|||||||||||||
party|sekan|sekan|noun|noun|notbat|(political) party||From Old Mampulan||||||5|1318|||||||||||||
public|ein|ein|noun|noun|notbat|||From Old Mampulan||||||3|1319|||||||||||||
be open to the public|eindosun|eindosun|verb|un verb|un-usbat|||<i>ein</i> (&quot;public&quot;) + <i>dos</i> (&quot;open&quot;)||The park will open to the public tomorrow.|Kanten ni buspusrou eindosi.|||8|1320|||||||||||||
open to the public|eindosung|eindosuq|adjective|g adjective|g-sulaikibat|||<i>ein</i> (&quot;public&quot;) + <i>dos</i> (&quot;open&quot;)||This park is open to the public.|Kanten ni eindosuq.|||8|1320|||||||||||||
airspace|herakon|herakon|noun|noun|notbat|||<i>her</i> (&quot;air&quot;) + <i>akon</i> (&quot;airspace&quot;)||||||7|1321|||||||||||||
captain|daltwan|daltwan|noun|noun|notbat|||||||||7|1322|||||||||||||
sea captain|pundalt|pundalt|noun|noun|notbat|||||||||7|1323|||||||||||||
decision|ketsar|ketsar|noun|noun|notbat|||<i>ket</i> (&quot;decide&quot;) + <i>sar</i> (&quot;determine&quot;)||||||6|1324|||||||||||||
regiment|rendui|rendui|noun|noun|notbat|||<i>ren</i> (&quot;connect&quot;) + <i>dui</i> (&quot;team&quot;)||||||6|1325|||||||||||||
battalion|dadui|dadui|noun|noun|notbat|||From <i>da</i> (&quot;big&quot;) + <i>dui</i> (&quot;team&quot;)||||||5|1326|||||||||||||
magic|naifait|naifait|noun|noun|notbat|||Ultimately from <i>naik</i> (&quot;song&quot;) + <i>fait</i> (&quot;rule&quot;)||||||7|1327|||||||||||||
surface|men|men|noun|noun|notbat|||From Old Mampulan||||||3|1328|||||||||||||
lick|dilun|dilun|verb|un verb|un-usbat|||From Old Mampulan||||||5|1329|||||||||||||
woman|naran|naran|noun|noun|notbat|||From Old Mampulan||||||5|1330|||||||||||||
procedure|lamjin|lamjin|noun|noun|notbat|||<i>lam</i> (&quot;step&quot;) + <i>jin</i> (&quot;order&quot;)||||||6|1331|||||||||||||
link|tokan|tokan|noun|noun|notbat|||From Old Mampulan||||||5|1332|||||||||||||
mail|bet|bet|noun|noun|notbat|||From Old Mampulan||||||3|1333|||||||||||||
fill|furun|furun|verb|run verb|run-usbat|||From Old Mampulan||||||5|1334|||||||||||||
formal|eindaing|eindaiq|adjective|g adjective|g-sulaikibat|||<i>ein</i> (&quot;public&quot;) + <i>dain</i> (&quot;style&quot;)||||||7|1335|||||||||||||
jump|janun|janun|verb|un verb|un-usbat|||From Old Mampulan||||||5|1336|||||||||||||
guy|kus|kus|noun|noun|notbat|||From Old Mampulan||||||3|1337|||||||||||||
plate|lar|lar|noun|noun|notbat|||From Old Mampulan||||||3|1338|||||||||||||
boil|soinun|soinun|verb|un verb|un-usbat|||From Old Mampulan||||||6|1339|||||||||||||
kick|kaitun|kaitun|verb|un verb|un-usbat|||From Old Mampulan||||||6|1340|||||||||||||
pitch|tapun|tapun|verb|un verb|un-usbat|(throw)||From Old Mampulan|||||tapon|5|1341|||||||||||||
remote|yukang|yukaq|adjective|g adjective|g-sulaikibat|||<i>yu kan</i> (&quot;in far&quot;)||||||5|1342|||||||||||||
total|jabinlus|jabinlus|noun|noun|notbat|||<i>ja</i> (&quot;add&quot;) + <i>binlus</i> (&quot;result&quot;)||||||8|1343|||||||||||||
abuse|haitngei|haitqei|noun|noun|notbat|||<i>hait</i> (&quot;bad&quot;) + <i>ngei</i> (&quot;use&quot;)||||||7|1344|||||||||||||
beat|pam|pamun|noun|noun|notbat|a hit or strike||From Old Mampulan||||||5|1345|||||||||||||
beat|pamun|pamun|verb|un verb|un-usbat|to hit or strike||From Old Mampulan||||||5|1346|||||||||||||
burn|sogun|sogun|verb|un verb|un-usbat|||From <i>sog</i> (&quot;burn&quot;)||||||5|1347|||||||||||||
sleep|hikun|hikun|verb|un verb|un-usbat|||From Old Mampulan||||||5|1348|||||||||||||
ratio|kaun|kaun|noun|noun|notbat|||From Old Mampulan||||||4|1349|||||||||||||
on second thought|apdung rin kan|apduq rin kan|phrase|phrase|tenson|||From <i>apdu</i> (&quot;second, after first&quot;) + <i>rin</i> (&quot;thought&quot;)  + <i>kan</i> (&quot;thought&quot;). Calque of Human Language phrase <i>on second thought</i>||||||13|1350|||||||||||||
essential|teng|teq|adjective|g adjective|g-sulaikibat|||From <i>ten</i> (&quot;to be&quot;)||||||3|1351|||||||||||||
listen|kinigun|kinigun|verb|un verb|un-usbat|||From Old Mampulan||||||7|1352|||||||||||||
burger|burger|burger|noun|noun|notbat|||From Human Language <i>burger</i>||||||6|1353|||||||||||||
pencil|re|re|noun|noun|notbat|||From Old Mampulan||||||2|1354|||||||||||||
bag|rust|rust|noun|noun|notbat|||From Old Mampulan||||||4|1355|||||||||||||
pen|pen|pen|noun|noun|notbat|||From Old Mampulan||||||3|1356|||||||||||||
spoon|supūn|supu-n|noun|noun|notbat|||From Human Language <i>spoon</i>||||||6|1357|||||||||||||
fundamental|manung|manuq|adjective|ung adjective|uq-sulaikibat|||From Old Mampulan||||||5|1358|||||||||||||
ordinal number|manbil|manbil|noun|noun|notbat|||From Old Mampulan||||||6|1359|||||||||||||
cardinal number|jinbil|jinbil|noun|noun|notbat|||From <i>jin</i> (&quot;order (sorting)&quot;) + <i>bil</i> (&quot;number&quot;)||||||6|1360|||||||||||||
deliberate|meiring|meiriq|adjective|g adjective|g-sulaikibat|||From <i>mei + ring</i> (&quot;with thought&quot;)||||||6|1361|||||||||||||
several|mitabilung|mitabiluq|adjective|ung adjective|uq-sulaikibat|||From <i>mita</i> (&quot;many&quot;) + <i>bil</i> (&quot;number&quot;)||||||9|1362|||||||||||||
deposit|airde'orun|airde'orun|verb|run verb|run-usbat|||From <i>airde</i> (&quot;away&quot;) + <i>orun</i> (&quot;put&quot;)||||||10|1363|||||||||||||
relate|wigun|wigun|verb|un verb|un-usbat|||From Old Mampulan||||||5|1364|||||||||||||
relation|wigtien|wigtien|noun|noun|notbat|||From <i>wig</i> (&quot;&quot;) + <i>tien</i> (&quot;&quot;)||||||7|1365|||||||||||||
restaurant|rêstoran|re^storan|noun|noun|notbat|||From Human Language <i>restaurant</i>||||||9|1366|||||||||||||
enough|kanalkung|kanalkuq|adjective|ung adjective|uq-sulaikibat|||From <i>kan + alkun</i> (&quot;at reach&quot;)||||||8|1367|||||||||||||
satisfaction|kanalkianas|kanalkianas|noun|noun|notbat|||From <i>kanalkung</i> (&quot;enough&quot;) + <i>yarun</i> (&quot;do&quot;) + <i>-nas</i> (&quot;nominalizing suffix&quot;). The y became an i.||||||11|1368|||||||||||||
part|dot|dot|noun|noun|notbat|||From Old Mampulan||||||3|1369|||||||||||||
sector|dotjein|dotjein|noun|noun|notbat|||From <i>dot</i> (&quot;part&quot;) + <i>jeinun</i> (&quot;cut&quot;)||||||7|1370|||||||||||||
seal|oston|oston|noun|noun|notbat|(1) A pinniped (Pinnipedia), particularly an earless seal (true seal) or eared seal.||||||||5|1371|||||||||||||
seal|fū|fu-|noun|noun|notbat|(2) A stamp used to impress a design on a soft substance such as wax.||||||||3|1372|||||||||||||
mark|het|het|noun|noun|notbat|(1) symbol||From Old Mampulan||||||3|1373|||||||||||||
signature|fūhet|fu-het|noun|noun|notbat|||From <i>fū</i> (&quot;seal, stamp&quot;) + <i>het</i> (&quot;mark,  symbol&quot;)||||||6|1374|||||||||||||
heavy|baung|bauq|adjective|g adjective|g-sulaikibat|||From <i>baun</i> (&quot;weight, heavy&quot;)||||||4|1375|||||||||||||
light|firtung|firtuq|adjective|ung adjective|uq-sulaikibat|(1) low weight||From Old Mampulan||||||6|1376|||||||||||||
weight|baun|baun|noun|noun|notbat|||From Old Mampulan <i>bahun</i>||||||4|1377|||||||||||||
important|meibaunas|meibaunas|noun|noun|notbat|Note that this is a g adjective because the word comes from <i>baun</i>||From <i>mei + baun</i> (&quot;with weight&quot;) + <i>-as</i> (&quot;nominalizing suffix&quot;)||||||9|1378|||||||||||||
important|meibaung|meibauq|adjective|g adjective|g-sulaikibat|Note that this is a g adjective because the word comes from <i>baun</i>||From <i>mei + baun</i> (&quot;with weight&quot;)||||||7|1379|||||||||||||
significance|meibaunngi|meibaunqi|noun|noun|notbat|||From <i>meibaun + ngi</i> (&quot;important meaning&quot;)||||||9|1380|||||||||||||
ride|moun|moun|noun|noun|notbat|||From Old Mampulan||||||4|1381|||||||||||||
ride|mounun|mounun|verb|un verb|un-usbat|To be transported in a vehicle; to travel as a passenger.||From <i>moun</i> (&quot;ride&quot;)||||||6|1382|||||||||||||
vehicle|mounbus|mounbus|noun|noun|notbat|||From <i>moun</i> (&quot;ride&quot;) + <i>bus</i> (&quot;thing&quot;)||||||7|1383|||||||||||||
volume|lamân|lama^n|noun|noun|notbat|||From Human Language <i>laman</i>||||||6|1384|||||||||||||
wife|asin|asin|noun|noun|notbat|||From Old Mampulan||||||4|1385|||||||||||||
chance|tas|tas|noun|noun|notbat|||From Old Mampulan||||||3|1386|||||||||||||
accident|tasairbus|tasairbus|noun|noun|notbat|||From <i>tas</i> (&quot;chance&quot;) + <i>airbus</i> (&quot;event&quot;)||||||9|1387|||||||||||||
airport|herosanila|herosanila|noun|noun|notbat|||Calque of Human Language word <i>air + port</i>||||||10|1388|||||||||||||
appoint|sepeinun|sepeinun|verb|un verb|un-usbat|||From <i>se + pein</i> (&quot;on + place&quot;)||||||8|1389|||||||||||||
appointment|sepeinas|sespeinas|noun|noun|notbat|||From <i>sepein</i> (&quot;appoint&quot;) + <i>-as</i> (&quot;nominalizing suffix&quot;)||||||9|1390|||||||||||||
assume|desairun|dessairun|verb|un verb|un-usbat|(1) to take to or upon oneself (as in assume resposibility)<br>Note that this is an un verb because the word comes from <i>des + sair</i>||From <i>de + sair</i> (&quot;to + self&quot;)||||||9|1391|||||||||||||
assumption|desairas|dessairas|noun|noun|notbat|||From <i>assume</i> (&quot;desairun&quot;) + <i>-as</i> (&quot;nominalizing suffix&quot;)||||||9|1392|||||||||||||
baseball|beisbol|beisbol|noun|noun|notbat|||From Human Language <i>baseball</i>||||||7|1393|||||||||||||
chapter|kaptan|kaptan|noun|noun|notbat|||From Old Mampulan||||||6|1394|||||||||||||
conversation|samabinas|samabinas|noun|noun|notbat|||From <i>samanak</i> (&quot;together&quot;) + <i>birun</i> (&quot;talk&quot;)||||||9|1395|||||||||||||
converse|samabirun|samabirun|verb|run verb|run-usbat|||From <i>samabinas</i> (&quot;conversation&quot;)||||||9|1396|||||||||||||
enthusiasm|kansailmain|kansailmain|noun|noun|notbat|||From <i>kan + sailung + main</i> (&quot;in + happy + feeling&quot;)||||||11|1397|||||||||||||
error|dail|dail|noun|noun|notbat|||From Old Mampulan|||||誤|4|1398|||||||||||||
farm|agupein|agupein|noun|noun|notbat|||From <i>agu</i> (&quot;farm-related&quot;) + <i>pein</i> (&quot;place&quot;)||||||7|1399|||||||||||||
farm|agurun|agurun|verb|run verb|run-usbat|||From <i>agu</i> (&quot;farm-related&quot;)||||||6|1400|||||||||||||
farmer|aguwan|aguwan|noun|noun|notbat|||From <i>agu</i> (&quot;farm-related&quot;) + <i>wan</i> (&quot;person&quot;)||||||6|1401|||||||||||||
gate|doro|doro|noun|noun|notbat|||From Old Mampulan||||||4|1402|||||||||||||
boy|lakîn|laki^n|noun|noun|notbat|||From Old Mampulan||||||6|1403|||||||||||||
girl|babân|baba^n|noun|noun|notbat|||From Old Mampulan||||||6|1404|||||||||||||
hall|daronon|daronon|noun|noun|notbat|||From <i>daro</i> (&quot;wide&quot;) + <i>non</i> (&quot;room&quot;)||||||7|1405|||||||||||||
institution|pran|pran|noun|noun|notbat|||From Old Mampulan||||||4|1406|||||||||||||
hospital|kâsinpran|ka^sinpran|noun|noun|notbat|||From <i>kasin</i> (&quot;disease&quot;) + <i>pran</i> (&quot;institution&quot;)||||||10|1407|||||||||||||
injury|laun|laun|noun|noun|notbat|||From Old Mampulan||||||4|1408|||||||||||||
instruction|gēsunou|ge-sunou|noun|noun|notbat|||guide order||||||8|1409|||||||||||||
maintenance|kardir|kardir|noun|noun|notbat|||From <i>kardun</i> (&quot;continue&quot;) + <i>hirung</i> (&quot;same&quot;). H was dropped||||||6|1410|||||||||||||
maintain|kardirun|kardirun|verb|un verb|un-usbat|note that this is an un verb because the word comes from <i>kardir</i>||||||||8|1411|||||||||||||
waterproof|yaiawon|yaiawon|noun|noun|notbat|||From <i>yai</i> (&quot;proof, resistant&quot;) + <i>awon</i> (&quot;water&quot;) ||||||7|1412|||||||||||||
soundproof|yairat|yairat|noun|noun|notbat|||From <i>yai</i> (&quot;proof, resistant&quot;) + <i>rat</i> (&quot;sound&quot;)||||||6|1413|||||||||||||
fireproof|yaihus|yaihus|noun|noun|notbat|||From <i>yai</i> (&quot;proof, resistant&quot;) + ||||||6|1414|||||||||||||
manufacture|busasun|busasun|verb|un verb|un-usbat|making things||From <i>bus</i> (&quot;thing&quot;) + <i>asun</i> (&quot;make&quot;)||||||7|1415|||||||||||||
manufacturer|busaswan|busaswan|noun|noun|notbat|One who manufactures||From <i>busasun</i> manufacture + <i>wan</i> (&quot;person&quot;)||||||8|1416|||||||||||||
poem|shonas|xonas|noun|noun|notbat|||From <i>sho</i> (&quot;write&quot;) + <i>-nas</i> (&quot;nominalizing suffix&quot;)||||||5|1417|||||||||||||
exist|airmitirun|airmitirun|verb|run verb|run-usbat|||From <i>air + mitirun</i> (&quot;out + appear&quot;)||||||10|1418|||||||||||||
existence|airmitinas|airmitinas|noun|noun|notbat|||From <i>air + mitirun</i> (&quot;out + appear&quot;) + <i>-nas</i> (&quot;nominalizing suffix&quot;)||||||10|1419|||||||||||||
presence|airmitinas|airmitinas|noun|noun|notbat|||From Old Mampulan||||||10|1420|||||||||||||
certificate of merit|dangaljō|daqaljo-|noun|noun|notbat|||From <i>ngin</i> (&quot;&quot;) + <i>jō</i> (&quot;&quot;)||||||8|1421|||||||||||||
receive|tagun|tagun|verb|un verb|un-usbat|||From Old Mampulan||||||5|1422|||||||||||||
reception|tagas|tagas|noun|noun|notbat|||From <i>tagun</i> (&quot;receive&quot;) + <i>-as</i> (&quot;nominalizing suffix&quot;)||||||5|1423|||||||||||||
replace|loisun|loisun|verb|un verb|un-usbat|||From Old Mampulan||||||6|1424|||||||||||||
replacement|loisas|loisas|noun|noun|notbat|||From Old Mampulan||||||6|1425|||||||||||||
revolution|iztian|iztian|noun|noun|notbat|turning around||From Old Mampulan||||||6|1426|||||||||||||
revolve|iztianun|iztianun|verb|un verb|un-usbat|||From <i>iztian</i> (&quot;revolution&quot;)||||||8|1427|||||||||||||
speech|suprâk|supra^k|noun|noun|notbat|||From Old Mampulan||||||7|1428|||||||||||||
warning|lurdun|lurdun|noun|noun|notbat|||From <i>lur</i> (&quot;&quot;) +  <i>dun</i> (&quot;&quot;)||||||6|1429|||||||||||||
warn|lurdunun|lurdunun|verb|un verb|un-usbat|||From Old Mampulan||||||8|1430|||||||||||||
warning|lurho|lurho|noun|noun|notbat|||From <i>lur</i> (&quot;&quot;) +  <i>dun</i> (&quot;&quot;)||||||5|1431|||||||||||||
winner|wenwan|wenwan|noun|noun|notbat|||From <i>wenun</i> (&quot;win&quot;) + <i>wan</i> (&quot;person&quot;)||||||6|1432|||||||||||||
worker|hatawan|hatawan|noun|noun|notbat|||From <i>hatarun</i> (&quot;work&quot;) + <i>wan</i> (&quot;person&quot;)||||||7|1433|||||||||||||
assistance|helu|helu|noun|noun|notbat|||From Old Mampulan||||||4|1434|||||||||||||
breath|wofan|wofan|noun|noun|notbat|||From Old Mampulan||||||5|1435|||||||||||||
breathe|wofanun|wofanun|verb|un verb|un-usbat|||From <i>wofan</i> (&quot;breath&quot;)||||||7|1436|||||||||||||
buyer|baiwan|baiwan|noun|noun|notbat|||From <i>bairun</i> (&quot;buy&quot;) + <i>wan</i> (&quot;person&quot;)||||||6|1437|||||||||||||
nail|parun|parun|verb|un verb|un-usbat|to fasten with or as if with a nail, to make something in fixed position.<br>Note that there is a similar verb <i>parun</i> which means <i>seem</i> but the aforementioned word is a run verb.||||||||5|1438|||||||||||||
conclusion|dounparas|dounparas|noun|noun|notbat|||From <i>doun + parun</i> (&quot;nail down&quot;) + <i>-as</i> (&quot;nominalizing suffix&quot;)||||||9|1439|||||||||||||
befriend|fennaltun|fennaltun|verb|un verb|un-usbat|||From <i>fen</i> (&quot;friend&quot;) + <i>naltun</i> (&quot;become&quot;)||||||9|1440|||||||||||||
contribution|dotginas|dotginas|noun|noun|notbat|||From <i>dot + girun</i> (&quot;part + give&quot;) + <i>-nas</i> (&quot;nominalizing suffix&quot;)||||||8|1441|||||||||||||
courage|alnan|alnan|noun|noun|notbat|||From Old Mampulan||||||5|1442|||||||||||||
retaliation|frounnutas|frounnutas|noun|noun|notbat|||From <i>return + fight</i> (&quot;froun nutun&quot;) + <i>-as</i> (&quot;nominalizing suffix&quot;)||||||10|1443|||||||||||||
retaliate|frounnutun|frounnutun|verb|un verb|un-usbat|||From <i>frounnutas</i> (&quot;retaliation&quot;)||||||10|1444|||||||||||||
retaliatory|frounnutung|frounnutuq|adjective|ung adjective|uq-sulaikibat|||From <i>frounnutas</i> (&quot;retaliation&quot;)||||||10|1445|||||||||||||
acquaintance|nouwan|nouwan|noun|noun|notbat|||From <i>nourun</i> (&quot;know&quot;) + <i>wan</i> (&quot;person&quot;)||||||6|1446|||||||||||||
penalty|kē|ke-|noun|noun|notbat|||From Old Mampulan||||||3|1447|||||||||||||
reaction|fegoun|fegoun|noun|noun|notbat|||From Old Mampulan||||||6|1448|||||||||||||
react|fegounun|fegounun|verb|un verb|un-usbat|||From Old Mampulan||||||8|1449|||||||||||||
salad|salata|salata|noun|noun|notbat|||From Human Language <i>salata</i>||||||6|1450|||||||||||||
test|ront|ront|noun|noun|notbat|||From Old Mampulan||||||4|1451|||||||||||||
test|rontus|rontus|verb|un verb|un-usbat|to test something||From Old Mampulan||||||6|1452|||||||||||||
knowledge|nounas|nounas|noun|noun|notbat|||From <i>nourun</i> (&quot;know&quot;) + <i>-nas</i> (&quot;nominalizing suffix&quot;)||||||6|1453|||||||||||||
examination|nounasrôntas|nounasro^ntas|noun|noun|notbat|||From <i>nounas</i> (&quot;knowledge&quot;) + <i>rontun</i> (&quot;test&quot;) + <i>-as</i> (&quot;nominalizing suffix&quot;)||||||13|1454|||||||||||||
exam|nounasrôntas|nounasro^ntas|noun|noun|notbat|||test + look|||||試験|13|1455|||||||||||||
examine|nounasrôntun|nounasro^ntun|verb|un verb|un-usbat|||||||||13|1456|||||||||||||
garbage|basôr|baso^r|noun|noun|notbat|||From Old Mampulan||||trash||6|1457|||||||||||||
bulk|hīt|hi-t|noun|noun|notbat|||From Old Mampulan||||||4|1458|||||||||||||
seller|getwan|getwan|noun|noun|notbat|||From <i>wurun</i> (&quot;sell&quot;) + <i>wan</i> (&quot;person&quot;)||||||6|1459|||||||||||||
grocer|hītgetwan|hi-tgetwan|noun|noun|notbat|||From <i>hīt + getwan</i> (&quot;bulk seller&quot;)||||||10|1460|||||||||||||
grocery|hītgetbus|hi-tgetbus|noun|noun|notbat|||From <i>hīt + get</i> (&quot;bulk sell&quot;) + <i>bus</i> (&quot;thing&quot;)||||||10|1461|||||||||||||
impression|ditdeset|ditdeset|noun|noun|notbat|||From <i>ditdes + het</i> (&quot;into + mark&quot;) to ditdes'het then becomes ditdeset||||||8|1462|||||||||||||
improvement|yonaltas|yonaltas|noun|noun|notbat|||From <i>yonaltun</i> (&quot;become good&quot;) + <i>-as</i> (&quot;nominalizing suffix&quot;)||||||8|1463|||||||||||||
improve|yonaltun|yonaltun|verb|un verb|un-usbat|||||||||8|1464|||||||||||||
independence|jaisunas|jaisunas|noun|noun|notbat|||From <i>jai</i> (&quot;self + stand&quot;)+ <i>jai</i> (&quot;self + stand&quot;) + <i>-nas</i> (&quot;nominalizing suffix&quot;)||||||8|1465|||||||||||||
insect|pau|pau|noun|noun|notbat|||From Old Mampulan||||||3|1466|||||||||||||
inspector|ditdeluwan|ditdeluwan|noun|noun|notbat|||From <i>ditdelurun</i> (&quot;inspect&quot;) + <i>wan</i> (&quot;person&quot;)||||||10|1467|||||||||||||
ladder|taikalam|taikalam|noun|noun|notbat|||From <i>taikarun + lam</i> (&quot;lean step&quot;)||||||8|1468|||||||||||||
hunger|reden|reden|noun|noun|notbat|||From Old Mampulan||||||5|1469|||||||||||||
intelligence|noulot|noulot|noun|noun|notbat|||From <i>nourun</i> (&quot;&quot;) + <i>lot</i> (&quot;&quot;)||||||6|1470|||||||||||||
surveillance|shoundewirun|xoundewirun|noun|noun|notbat|over + watch||From <i>shounde + wiruin</i> (&quot;over + watch&quot;)||||||11|1471|||||||||||||
spy|teirun|teirun|verb|run verb|run-usbat|||From Old Mampulan||||||6|1472|||||||||||||
spy|teiwan|teiwan|noun|noun|notbat|(1) One who spies||From <i>teirun</i> (&quot;spy&quot;) + <i>wan</i> (&quot;person&quot;)||||||6|1473|||||||||||||
inspect|ditdelurun|ditdelurun|verb|run verb|run-usbat|||From <i>ditde lurun</i> (&quot;into + look&quot;)||||||10|1474|||||||||||||
inspection|ditdelunas|ditdelunas|noun|noun|notbat|||From <i>ditdelurun</i> (&quot;inspect&quot;) + <i>-nas</i> (&quot;nominalizing suffix&quot;)||||||10|1475|||||||||||||
reconnaissance|ditdelubinas|ditdelubinas|noun|noun|notbat|||From <i>ditdelurun</i> (&quot;inspect&quot;) + <i>bin</i> (&quot;front&quot;) + <i>-nas</i> (&quot;nominalizing suffix&quot;)||||||12|1476|||||||||||||
exit|ourun|ourun|verb|run verb|run-usbat|||From Old Mampulan||||||5|1477|||||||||||||
exit|oron|oron|noun|noun|notbat|||From <i>ourun + roun</i> (&quot;exit + way&quot;)||||||4|1478|||||||||||||
straight|tretung|tretuq|adjective|ung adjective|uq-sulaikibat|||From Old Mampulan||||||6|1479|||||||||||||
row|tre|tre|noun|noun|notbat|||Possibly from <i>tretung</i> (&quot;straight&quot;)||||||3|1480|||||||||||||
civil|min|min|noun|noun|notbat|||From Old Mampulan||||||3|1481|||||||||||||
aviation|nabi'îmel|nabi'i^mel|noun|noun|notbat|||From <i>nabi</i> (&quot;&quot;) + <i>imel</i> (&quot;&quot;)||||||10|1482|||||||||||||
regulation|lernain|lernain|noun|noun|notbat|||From <i>ler</i> (&quot;&quot;) + <i>nain</i> (&quot;&quot;)||||||7|1483|||||||||||||
clarify|prainaltun|prainaltun|verb|un verb|un-usbat|||From <i>prai + nalt</i> (&quot;to become clear&quot;)||||||10|1484|||||||||||||
cabin|punnon|punnon|noun|noun|notbat|||From <i>pun + non</i>||||||6|1485|||||||||||||
member|in|in|noun|noun|notbat|||From Old Mampulan||||||2|1486|||||||||||||
structure|tia|tia|noun|noun|notbat|||From <i>tiarun</i> (&quot;build&quot;)||||||3|1487|||||||||||||
building|shimtia|ximtia|noun|noun|notbat|||From <i>shimun</i> (&quot;close&quot;) + <i>tia</i> (&quot;structure&quot;)||||||6|1488|||||||||||||
infrastructure|dountia|dountia|noun|noun|notbat|||From <i>doun + tia</i> (&quot;down + structure&quot;)||||||7|1489|||||||||||||
civil engineering|dountia kuga|dountia kuga|noun|noun|notbat|||From <i>dountia</i> (&quot;infrastructure&quot;) + <i>kuga</i> (&quot;engineering&quot;)||||||12|1490|||||||||||||
civil engineer|dountia kugawan|dountia kugawan|noun|noun|notbat|||From <i>dountia</i> (&quot;infrastructure&quot;) + <i>kugawan</i> (&quot;engineer&quot;)||||||15|1491|||||||||||||
menu|menu|menu|noun|noun|notbat|||From Human English <i>menu</i> (&quot;menu&quot;)||||||4|1492|||||||||||||
profession|altaga|altaga|noun|noun|notbat|||From <i>alta</i> (&quot;exclusive&quot;) + <i>ga</i> (&quot;study&quot;)||||||6|1493|||||||||||||
professional|altagang|altagaq|adjective|ng adjective|q-sulaikibat|||From <i>altaga</i> (&quot;profession&quot;)||||||7|1494|||||||||||||
professor|altagawan|altagawan|noun|noun|notbat|||From <i>altaga</i> (&quot;profession&quot;) + <i>wan</i> (&quot;person&quot;)||||||9|1495|||||||||||||
deal|freinun|freinun|verb|un verb|un-usbat|to treat, to handle||From Old Mampulan||||treat (v.), handle (v.)||7|1496|||||||||||||
that|nat|nat|conjunction|conjunction|bintbat|||From Old Mampulan||||||3|1497|||||||||||||
requirement|rekutun|rekutun|verb|un verb|un-usbat|||From Old Mampulan||||||7|1498|||||||||||||
design|setmas|setmas|noun|noun|notbat|||From <i>set</i> (&quot;&quot;) + <i>mas</i> (&quot;&quot;)||||||6|1499|||||||||||||
designer|setmaswan|setmaswan|noun|noun|notbat|||From Old Mampulan||||||9|1500|||||||||||||
environment|lounkion|lounkion|noun|noun|notbat|||From Old Mampulan||||||8|1501|||||||||||||
dam|dam|dam|noun|noun|notbat|||From Human Language <i>dam</i>||||||3|1502|||||||||||||
pipe|rōr|ro-r|noun|noun|notbat|||From Old Mampulan <i>rohor</i>||||||4|1503|||||||||||||
line|fur|fur|noun|noun|notbat|||From Old Mampulan <i>fuhor</i>||||||3|1504|||||||||||||
component|dotbus|dotbus|noun|noun|notbat|||From <i>dot</i> (&quot;part&quot;) + <i>bus</i> (&quot;thing&quot;)||||||6|1505|||||||||||||
hatred|radran|radran|noun|noun|notbat|||From Old Mampulan||||||6|1506|||||||||||||
hate|radranun|radranun|verb|un verb|un-usbat|||From Old Mampulan||||||8|1507|||||||||||||
chain|hist|hist|noun|noun|notbat|||From Old Mampulan||||||4|1508|||||||||||||
level|bril|bril|noun|noun|notbat|||From Old Mampulan||||||4|1509|||||||||||||
path|kamîn|kami^n|noun|noun|notbat|||From Old Mampulan||||||6|1510|||||||||||||
through|foude|foude|preposition|postposition|pusobat|||From <i>fou</i> (&quot;flow&quot;) + <i>de</i> (&quot;to&quot;)||||||5|1511|||||||||||||
vessel|basen|basen|noun|noun|notbat|||From Old Mampulan||||||5|1512|||||||||||||
switch|dipun|dipun|verb|un verb|un-usbat|||From Old Mampulan||||||5|1513|||||||||||||
motion|tounas|tounas|noun|noun|notbat|||From <i>tounun</i> (&quot;move&quot;) + <i>-as</i> (&quot;nominalizing suffix&quot;)||||||6|1514|||||||||||||
dynamic|kantounas|kantounas|noun|noun|notbat|||From <i>kan + tounas</i> (&quot;in motion&quot;)||||||9|1515|||||||||||||
tub|gat|gat|noun|noun|notbat|||From Old Mampulan||||||3|1516|||||||||||||
balance|laban|laban|noun|noun|notbat|||From Old Mampulan||||||5|1517|||||||||||||
aerial|herung|heruq|adjective|ung adjective|uq-sulaikibat|||From <i>her</i> (&quot;air&quot;)||||||5|1518|||||||||||||
aerate|herun|herun|verb|un verb|un-usbat|||From <i>her</i> (&quot;air&quot;)||||||5|1519|||||||||||||
aerobic|herbitung|herbituq|adjective|ung adjective|uq-sulaikibat|||From <i>her</i> (&quot;air&quot;) + <i>bit</i> (&quot;life&quot;)||||||8|1520|||||||||||||
aerodynamic|herkantounas|herkantounas|noun|noun|notbat|||From <i>her</i> (&quot;air&quot;) + <i>kantounas</i> (&quot;dynamic&quot;)||||||12|1521|||||||||||||
ambiguous|linnging|linqiq|adjective|ng adjective|q-sulaikibat|||From <i>lin</i> (&quot;both&quot;) + <i>ngi</i> (&quot;meaning&quot;)||||||6|1522|||||||||||||
ambivalent|linfemaing|linfemaiq|adjective|g adjective|g-sulaikibat|||From <i>lin</i> (&quot;both&quot;) + <i>fe</i> (&quot;against&quot;) + <i>maing</i> (&quot;feeling&quot;)||||||9|1523|||||||||||||
anthropology|tison'ga|tisonga|noun|noun|notbat|||From <i>tison</i> (&quot;human&quot;) + <i>ga</i> (&quot;study&quot;)||||||7|1524|||||||||||||
misanthrope|tisonsadranwan|tisonsadranwan|noun|noun|notbat|||From <i>tison</i> (&quot;human&quot;) + <i>sadranun</i> (&quot;hate&quot;) + <i>wan</i> (&quot;person&quot;)||||||14|1525|||||||||||||
philanthropy|burisai|burisai|noun|noun|notbat|||From <i>buri</i> (&quot;&quot;) + <i>sai</i> (&quot;&quot;)||||||7|1526|||||||||||||
aquatic|awong|awoq|adjective|g adjective|g-sulaikibat|||From <i>awon</i> (&quot;water&quot;)||||||4|1527|||||||||||||
aquarium|awon'gat|awongat|noun|noun|notbat|||From <i>awon</i> (&quot;water&quot;) + <i>gat</i> (&quot;tub&quot;)||||||7|1528|||||||||||||
aqueduct|awonroun|awonroun|noun|noun|notbat|||From <i>awon</i> (&quot;water&quot;) + <i>roun</i> (&quot;way&quot;)||||||8|1529|||||||||||||
biology|bit'ga|bitga|noun|noun|notbat|||From <i>bit</i> (&quot;life&quot;) + <i>ga</i> (&quot;study&quot;)||||||5|1530|||||||||||||
biography|bitsir|bitsir|noun|noun|notbat|||From <i>bit</i> (&quot;life&quot;) + <i>sir</i> (&quot;record/account&quot;)||||||6|1531|||||||||||||
contradiction|fesabas|fesabas|noun|noun|notbat|||From <i>fe</i> (&quot;against&quot;) + <i>sabun</i> (&quot;say&quot;) + <i>-as</i> (&quot;nominalizing suffix&quot;)||||||7|1532|||||||||||||
contravene|fesorun|fesorun|verb|run verb|run-usbat|||From <i>fe</i> (&quot;against&quot;) +  <i>sorun</i> (&quot;go&quot;)||||||7|1533|||||||||||||
contravention|fesonas|fesonas|noun|noun|notbat|||From <i>fe</i> (&quot;against&quot;) +  <i>sorun</i> (&quot;go&quot;) + <i>-nas</i> (&quot;nominalizing suffix&quot;)||||||7|1534|||||||||||||
counteract|fe'usun|fe'usun|verb|un verb|un-usbat|||From <i>fe</i> (&quot;against&quot;)||||||7|1535|||||||||||||
intuition|chokmain|cokmain|noun|noun|notbat|||From <i>chok</i> (&quot;&quot;) + <i>main</i> (&quot;&quot;)||||||7|1536|||||||||||||
intuitive|chokmaing|cokmaiq|adjective|g adjective|g-sulaikibat|||||||||7|1537|||||||||||||
counterintuitive|fechokmaing|fecokmaiq|adjective|g adjective|g-sulaikibat|||From <i>fe</i> (&quot;against&quot;) + <i>chokmaing</i> (&quot;intuitive&quot;)||||||9|1538|||||||||||||
contrary|kanfe|kanfe|noun|noun|notbat|||From <i>kan</i> (&quot;location marker&quot;) + <i>fe</i> (&quot;against&quot;)||||||5|1539|||||||||||||
couterbalance|felaban|felaban|noun|noun|notbat|||From <i>fe</i> (&quot;against&quot;) + <i>laban</i> (&quot;balance&quot;)||||||7|1540|||||||||||||
rope|wanon|wanon|noun|noun|notbat|||From Old Mampulan||||||5|1541|||||||||||||
tie|wanonun|wanonun|verb|un verb|un-usbat|||From <i>wanon</i> (&quot;rope&quot;)||||bind||7|1542|||||||||||||
tight|daisung|daisuq|adjective|ung adjective|uq-sulaikibat|||From Old Mampulan||||||6|1543|||||||||||||
restrain|daiswanonun|daiswanonun|verb|un verb|un-usbat|||From <i>daisung</i> (&quot;tight&quot;) + <i>wanonun</i> (&quot;tied&quot;)||||||11|1544|||||||||||||
absolute|antewânong|antewa^noq|adjective|g adjective|g-sulaikibat|||From <i>ante-</i> (&quot;without&quot;) + <i>wanonun</i> (&quot;tied&quot;)||||||10|1545|||||||||||||
unique|antewânoning|antewa^noniq|adjective|ng adjective|q-sulaikibat|||From <i>antewânong</i> (&quot;absolute&quot;) + <i>i</i> (&quot;one&quot;)||||||12|1546|||||||||||||
represent|airkirun|airkirun|verb|un verb|un-usbat|||From <i>air</i> (&quot;out&quot;) +  <i>kirun</i> (&quot;show&quot;)||||||8|1547|||||||||||||
description|sulairkinas|sulairkinas|noun|noun|notbat|||write + represent||||||11|1548|||||||||||||
describe|sulairkirun|sulairkirun|noun|noun|notbat|||write + represent||||||11|1549|||||||||||||
noun|notbat|notbat|noun|noun|notbat|||name + word||||||6|1550|||||||||||||
pronoun|sunotbat|sunotbat|noun|noun|notbat|||stand + noun||||||8|1551|||||||||||||
adjective|sulaikibat|sulaikibat|noun|noun|notbat|||description + word||||||10|1552|||||||||||||
determiner|sarbat|sarbat|noun|noun|notbat|||determine + word||||||6|1553|||||||||||||
verb|usbat|usbat|noun|noun|notbat|||act + word||||||5|1554|||||||||||||
adverb|nganusbat|qanusbat|noun|noun|notbat|||assistant + verb + word||||||8|1555|||||||||||||
preposition|binobat|binobat|noun|noun|notbat|||before + put + word||||||7|1556|||||||||||||
postposition|pusobat|pusobat|noun|noun|notbat|||after + put + word||||||7|1557|||||||||||||
conjunction|bintbat|bintbat|noun|noun|notbat|||connect + word||||||7|1558|||||||||||||
interjection|mainbat|mainbat|noun|noun|notbat|||feeling word||||||7|1559|||||||||||||
confinement|kofân|kofa^n|noun|noun|notbat|||From Old Mampulan||||||6|1560|||||||||||||
confine|kofanun|kofanun|verb|un verb|un-usbat|||From <i>kofân</i> (&quot;confine&quot;)||||||7|1561|||||||||||||
market|palis|palis|noun|noun|notbat|||From Old Mampulan|||||palengke -> palenque -> palisafe|5|1562|||||||||||||
supermarket|superpâlis|superpa^lis|noun|noun|notbat|||Human Language <i>super</i> + Mampulan Language <i>palis</i> (&quot;market&quot;)||||||11|1563|||||||||||||
hurry|kiurun|kiurun|verb|run verb|run-usbat|||From Old Mampulan|||||急|6|1564|||||||||||||
mess|drai|drai|noun|noun|notbat|||From Old Mampulan||||||4|1565|||||||||||||
put away|gardun|gardun|verb|un verb|un-usbat|||From Old Mampulan||||||6|1566|||||||||||||
floor|paso|paso|noun|noun|notbat|||From Old Mampulan||||||4|1567|||||||||||||
sweep|walun|walun|verb|un verb|un-usbat|||From Old Mampulan||||||5|1568|||||||||||||
tire|pakorun|pakorun|verb|run verb|run-usbat|||From Old Mampulan||||||7|1569|||||||||||||
tired|pakong|pakoq|adjective|ng adjective|q-sulaikibat|||From Old Mampulan||||||5|1570|||||||||||||
turnip|simas|simas|noun|noun|notbat|||From Old Mampulan||||||5|1571|||||||||||||
harvest|sand|sand|noun|noun|notbat|||From Old Mampulan||||||4|1572|||||||||||||
harvest|sandun|sandun|verb|un verb|un-usbat|||From <i>sand</i> (&quot;harvest&quot;)||||||6|1573|||||||||||||
compound|gōnak|go-nak|noun|noun|notbat|||From <i>gō</i> (&quot;&quot;) + <i>nak</i> (&quot;&quot;)||||||6|1574|||||||||||||
tower|tab|tab|noun|noun|notbat|||From Old Mampulan||||||3|1575|||||||||||||
altitude|teido|teido|noun|noun|notbat|||tei + do||||||5|1576|||||||||||||
true|marung|maruq|adjective|ung adjective|uq-sulaikibat|||From Old Mampulan||||||5|1577|||||||||||||
truename|marnot|marnot|noun|noun|notbat|The unique name of an entity, which can be used to control or manipulate that entity.||||||||6|1578|||||||||||||
true name|marnot|marnot|noun|noun|notbat|The unique name of an entity, which can be used to control or manipulate that entity.||||||||6|1579|||||||||||||
false|lesung|lesuq|adjective|ung adjective|uq-sulaikibat|||From Old Mampulan||||||5|1580|||||||||||||
maintain|kardir|kardir|noun|noun|notbat|||From <i>kardun</i> (&quot;keep&quot;) + <i>hirung</i> (&quot;same&quot;)||||||6|1581|||||||||||||
about|wide|wide|preposition|postposition|pusobat|with regard to||wig + de||||||4|1582|||||||||||||
about|ke|ke|adverb|adverb|qanusbat|around or close to||||||||2|1583|||||||||||||
worry|sousun|sousun|verb|un verb|un-usbat|||||||||6|1584|||||||||||||
without|ante|ante|preposition|postposition|pusobat|||ant + me||||||4|1585|||||||||||||
doubt|puin|puin|noun|noun|notbat|||||||||4|1586|||||||||||||
mortal|mordonkanung|mordonkanuq|adjective|ung adjective|uq-sulaikibat|||||||||11|1587|||||||||||||
immortal|antmôrdonkang|antmo^rdonkaq|adjective|ung adjective|uq-sulaikibat|||||||||13|1588|||||||||||||
trust|tailun|tailun|verb|un verb|un-usbat|||From Old Mampulan||||||6|1589|||||||||||||
comfort|frobor|frobor|noun|noun|notbat|||From Old Mampulan|||||Old English frofor|6|1590|||||||||||||
comfortable|froborung|froboruq|adjective|ung adjective|uq-sulaikibat|||From Old Mampulan||||||8|1591|||||||||||||
secret|seker|seker|noun|noun|notbat|||From Old Mampulan||||||5|1592|||||||||||||
share|maisun|maisun|verb|un verb|un-usbat|||From Old Mampulan||||||6|1593|||||||||||||
enemy|opoun|opoun|noun|noun|notbat|||From Old Mampulan||||||5|1594|||||||||||||
defeat|toulun|toulun|verb|un verb|un-usbat|||From Old Mampulan||||||6|1595|||||||||||||
whether|pag|pag|conjunction|conjunction|bintbat|||||||||3|1596|||||||||||||
yes|os|os|adverb|adverb|qanusbat|||||||||2|1597|||||||||||||
no|an|an|adverb|adverb|qanusbat|||From ant||||||2|1598|||||||||||||
scary|pertung|pertuq|adjective|ung adjective|uq-sulaikibat|||||||||6|1599|||||||||||||
beast|mast|mast|noun|noun|notbat||||||||獣|4|1600|||||||||||||
monster|sounbast|sounbast|noun|noun|notbat|||soun + bast||||||8|1601|||||||||||||
point|pon|pon|noun|noun|notbat|||||||||3|1602|||||||||||||
pointy|pong|poq|adjective|g adjective|g-sulaikibat|||||||||3|1603|||||||||||||
shave|shīrun|xi-run|verb|un verb|un-usbat|||||||||6|1604|||||||||||||
knife|sak|sak|noun|noun|notbat||||||||Old English seax|3|1605|||||||||||||
razor|shīrsak|xi-rsak|noun|noun|notbat|||From <i>shīrun</i> (&quot;dhave&quot;) + <i>sak</i> (&quot;knife&quot;)|||||Old English scieran|7|1606|||||||||||||
sharp|titang|titaq|adjective|g adjective|g-sulaikibat|||||||||5|1607|||||||||||||
occasionally|raganak|raganak|adverb|adverb|qanusbat||||||||偶|7|1608|||||||||||||
wear|chakurun|cakurun|verb|run verb|run-usbat|||||||||7|1609|||||||||||||
wear|zusun|zusun|verb|un verb|un-usbat|wear and tear||||||||5|1610|||||||||||||
live|sumun|sumun|verb|un verb|un-usbat|live in a place||From Old Mampulan||||||5|1611|||||||||||||
relive|saisumun|saisumun|verb|un verb|un-usbat|to live or experience something again||From <i>sai-</i> (&quot;again&quot;) + <i>sumun</i> (&quot;live&quot;)||I want to relive my experience in the beach.||||8|1612|||||||||||||
associate|ren'gōrun|rengo-run|verb|run verb|run-usbat|||||||||9|1613|||||||||||||
associate|ren'gōwan|rengo-wan|noun|noun|notbat|||||||||9|1614|||||||||||||
association|rengō|rengo-|noun|noun|notbat|||||||||6|1615|||||||||||||
length|lenas|lenas|noun|noun|notbat|||From <i>len</i> (&quot;length, long&quot;) + <i>-as</i> (&quot;nominalizing suffix&quot;)||||||5|1616|||||||||||||
width|lukonas|lukonas|noun|noun|notbat|||||||||7|1617|||||||||||||
depth|dīnas|di-nas|noun|noun|notbat|||||||||6|1618|||||||||||||
crime|tumi|tumi|noun|noun|notbat|||||||||4|1619|||||||||||||
criminal|tuming|tumiq|adjective|ng adjective|q-sulaikibat|||||||||5|1620|||||||||||||
criminal|tumiwan|tumiwan|noun|noun|notbat|||||||||7|1621|||||||||||||
process|gēairbus|ge-airbus|noun|noun|notbat|||<i>gērun</i> (&quot;guide&quot;) + <i>airbus</i> (&quot;event&quot;)||||||9|1622|||||||||||||
activity|kanusas|kanusas|noun|noun|notbat|||kan + usas||||||7|1623|||||||||||||
proclaim|nunun|nunun|verb|un verb|un-usbat|||<i>nun</i> (&quot;proclaim&quot;)||||||5|1624|||||||||||||
vow|proitun|proitun|verb|un verb|un-usbat|||||||||7|1625|||||||||||||
oath|nunproit|nunproit|noun|noun|notbat|||<i>nun</i> (&quot;proclaim&quot;) + <i>proit</i> (&quot;vow&quot;)||||||8|1626|||||||||||||
chestnut|fesnan|fesnan|noun|noun|notbat|||From Old Mampulan||||||6|1627|||||||||||||
chestnut tree|fesnan sa pu|fesnan sa pu|noun|noun|notbat|||From Old Mampulan||||||12|1628|||||||||||||
bypass|blainfou|blainfou|noun|noun|notbat|||<i>blain</i> (&quot;circle&quot;) + <i>fourun</i> (&quot;flow&quot;)||||||8|1629|||||||||||||
bypass|blainfourun|blainfourun|verb|run verb|run-usbat|||<i>blain</i> (&quot;circle&quot;) + <i>fourun</i> (&quot;flow&quot;)||||||11|1630|||||||||||||
firm|īrung|i-ruq|adjective|ung adjective|uq-sulaikibat|||From Old Mampulan||||||5|1631|||||||||||||
feign|toishun|toixun|verb|un verb|un-usbat|||From Old Mampulan <i>toyashun</i>||||||6|1632|||||||||||||
force|grast|grast|noun|noun|notbat|||From Old Mampulan||||||5|1633|||||||||||||
workforce|katagrâst|katagra^st|noun|noun|notbat|||<i>kata</i> (&quot;work&quot;) + <i>grast</i> (&quot;force&quot;)||||||10|1634|||||||||||||
insist|īrsurun|i-rsurun|verb|run verb|run-usbat|||<i>īrung</i> (&quot;firm&quot;) + <i>surun</i> (&quot;stand&quot;)||||||8|1635|||||||||||||
weakness|yina|yina|noun|noun|notbat|||From Old Mampulan|||||Hina|4|1636|||||||||||||
wedding|gasal|gasal|noun|noun|notbat|||From Old Mampulan|||||kasal|5|1637|||||||||||||
affair|mu|mu|noun|noun|notbat|||From Old Mampulan|||||務|2|1638|||||||||||||
ambition|gus'unas|gus'unas|noun|noun|notbat|||From Old Mampulan||||||8|1639|||||||||||||
simple|treing|treiq|adjective|g adjective|g-sulaikibat|||From Old Mampulan||||||5|1640|||||||||||||
analysis|treinnalt|treinnalt|noun|noun|notbat|||<i>trein + nalt</i> (&quot;become simple&quot;)||||||9|1641|||||||||||||
analyst|treinnaltwan|treinnaltwan|noun|noun|notbat|||<i>treinnalt</i> (&quot;&quot;) + <i>wan</i> (&quot;&quot;)||||||12|1642|||||||||||||
assignment|marttail|marttail|noun|noun|notbat|||<i>mart</i> (&quot;select&quot;) + <i>tail</i> (&quot;trust&quot;)||||||8|1643|||||||||||||
assign|marttailun|marttailun|verb|un verb|un-usbat|||<i>mart</i> (&quot;select&quot;) + <i>tail</i> (&quot;trust&quot;)||||||10|1644|||||||||||||
safety|ingan|iqan|noun|noun|notbat|not danger||From Old Mampulan|||||ingat!|4|1645|||||||||||||
safe|ingang|iqaq|adjective|g adjective|g-sulaikibat|||||||||4|1646|||||||||||||
dance|dai|dai|noun|noun|notbat|a sequence of rhythmic steps along with music for pleasure|iq hapin tun bandaq lam sa kintunjin kan ranan me na tounas|From Old Mampulan||||||3|1647|||||||||||||
dance|dayun|dayun|verb|un verb|un-usbat|to move in a sequence of rhythmic steps along with music for pleasure|hapin tun bandaq lam sa kintunjin kan ranan me tounun|<i>dai</i> (&quot;dance&quot;)||||||5|1648|||||||||||||
assist|helurun|helurun|verb|run verb|run-usbat|||From Old Mampulan||||||7|1649|||||||||||||
assistant|heluwan|heluwan|noun|noun|notbat|||From Old Mampulan||||||7|1650|||||||||||||
assistant|ngan-|qan-|prefix|prefix|sorthorqi|||From Old Mampulan||||||4|1651|||||||||||||
birthday|bitrou|bitrou|noun|noun|notbat|||From Old Mampulan||A birthday is the day of your birth.|Iq bitrou'n ros bit sa rou.|||6|1652|||||||||||||
celebration|hura|hura|noun|noun|notbat|||From Old Mampulan||||||4|1653|||||||||||||
celebrate|hurarun|hurarun|verb|run verb|run-usbat|||From Old Mampulan||||||7|1654|||||||||||||
fighter|frounwan|frounwan|noun|noun|notbat|||<i>froun</i> (&quot;fight&quot;) + <i>wan</i> (&quot;person&quot;)||||||8|1655|||||||||||||
championship|frounwansen|frounwansen|noun|noun|notbat|||<i>frounwan</i> (&quot;fighter&quot;) + <i>sen</i> (&quot;choice&quot;)||||||11|1656|||||||||||||
cheek|bakan|bakan|noun|noun|notbat|||From Old Mampulan||||||5|1657|||||||||||||
request|funt|funt|noun|noun|notbat|||From Old Mampulan||||||4|1658|||||||||||||
request|funtun|funtun|verb|run verb|run-usbat|||<i>funt</i> (&quot;request&quot;)||||||6|1659|||||||||||||
client|funtwan|funtwan|noun|noun|notbat|||From <i>fiun</i> (&quot;&quot;) + <i>wan</i> (&quot;person&quot;)||||||7|1660|||||||||||||
personality|wanshin|wanxin|noun|noun|notbat|||<i>wan</i> (&quot;person&quot;) + <i>shin</i> (&quot;&quot;)||||||6|1661|||||||||||||
easy|fasung|fasuq|adjective|ung adjective|uq-sulaikibat|easy||||||||5|1662|||||||||||||
hard|mosung|mosuq|adjective|ung adjective|uq-sulaikibat|difficult||From Old Mampulan||Math is hard.|bilga'n mosuq.|||5|1663|||||||||||||
hard|tikang|tikaq|adjective|ng adjective|q-sulaikibat|not easily penetrated : not easily yielding to pressure||From Old Mampulan||Diamonds are hard.|nounbato'n tikaq.|||5|1664|||||||||||||
diamond|nounbato|nounbato|noun|noun|notbat|||<i>nounun</i> (&quot;shine&quot;) + <i>bato</i> (&quot;stone&quot;)||||||8|1665|||||||||||||
dirt|dumût|dumu^t|noun|noun|notbat|||From Old Mampulan||||||6|1666|||||||||||||
parsley|perêi|pere^i|noun|noun|notbat|||From Old Mampulan|||||From Spanish perejil|6|1667|||||||||||||
fortune|diun|diun|noun|noun|notbat|||From Old Mampulan||||||4|1668|||||||||||||
ice|tiawon|tiawon|noun|noun|notbat|||From Old Mampulan <i>tikāwon</i>. <i>tika</i> (&quot;hard (not easily penetrated)&quot;) + <i>awon</i> (&quot;water&quot;). Word became <i>tigawon</i> to <i>ti'awon</i>.||||||6|1669|||||||||||||
shade|tind|tind|noun|noun|notbat|shade of color||From Old Mampulan|||||From tint|4|1670|||||||||||||
dark|kagung|kaguq|adjective|ung adjective|uq-sulaikibat|||From Old Mampulan||||||5|1671|||||||||||||
kind|tip|tip|noun|noun|notbat|the good kind||From Old Mampulan||||||3|1672|||||||||||||
funeral|fiunshaik|fiunxaik|noun|noun|notbat|||From <i>fiun</i> (&quot;&quot;) + <i>shaik</i> (&quot;&quot;)||||||8|1673|||||||||||||
hat|mi|mi|noun|noun|notbat|||From Old Mampulan||||||2|1674|||||||||||||
indicate|dekirun|dekirun|noun|noun|notbat|||From <i>de</i> (&quot;to&quot;) + <i>kirun</i> (&quot;show&quot;)||||||7|1675|||||||||||||
indication|dekinas|dekinas|noun|noun|notbat|||From <i>de</i> (&quot;to&quot;) + <i>kirun</i> (&quot;show&quot;) + <i>-nas</i> (&quot;nominalizing suffix&quot;)||||||7|1676|||||||||||||
intention|yamasas|yamasas|noun|noun|notbat|||From <i>yarun</i> (&quot;do&quot;) + <i>mas</i> (&quot;goal&quot;)||||||7|1677|||||||||||||
intend|yamasun|yamasun|verb|un verb|un-usbat|||From <i>yamasas</i> (&quot;intention&quot;)||||||7|1678|||||||||||||
leave behind|rusun|rusun|verb|un verb|un-usbat|||From Old Mampulan||||||5|1679|||||||||||||
artifact|rusbus|rusbus|noun|noun|notbat|||<i>rus</i> (&quot;leave behind&quot;) + <i>bus</i> (&quot;thing&quot;)||||||6|1680|||||||||||||
holy|soutung|soutuq|adjective|ung adjective|uq-sulaikibat|||From Old Mampulan||||||6|1681|||||||||||||
sacred|soutung|soutuq|adjective|ung adjective|uq-sulaikibat|||From Old Mampulan||||||6|1682|||||||||||||
desecrate|arsoutnaltun|arsoutnaltun|verb|un verb|un-usbat|||From <i>ar-</i> (&quot;away&quot;) + <i>soutnaltun</i> (&quot;to become sacred&quot;))||||||12|1683|||||||||||||
consecrate|soutnaltun|soutnaltun|verb|un verb|un-usbat|||From <i>soutnaltun</i> (&quot;to become sacred&quot;))||||||10|1684|||||||||||||
midnight|kapidit|kapidit|noun|noun|notbat|||<i>kapi</i> (&quot;night&quot;) + <i>dit</i> (&quot;middle&quot;)||||||7|1685|||||||||||||
discussion|widebinas|widebinas|noun|noun|notbat|||<i>wide</i> (&quot;about&quot;) + <i>birun</i> (&quot;talk&quot;)||||||9|1686|||||||||||||
discuss|widebirun|widebirun|verb|run verb|run-usbat|||<i>widebinas</i> (&quot;discussion&quot;)||||||9|1687|||||||||||||
bind|wanonun|wanonun|verb|un verb|un-usbat|||||||tie||7|1688|||||||||||||
negotiation|widebihirnginas|widebihirqinas|noun|noun|notbat|||<i>widebirun</i> (&quot;discuss&quot;) + <i>hirngirun</i> (&quot;agree&quot;)||||||14|1689|||||||||||||
negotiate|widebihirngirun|widebihirqirun|verb|run verb|run-usbat|||<i>widebirun</i> (&quot;discuss&quot;) + <i>hirngirun</i> (&quot;agree&quot;)||||||14|1690|||||||||||||
promise|yârinas|ya^rinas|noun|noun|notbat|||<i>yari</i> (&quot;will do&quot;) + <i>-nas</i> (&quot;nominalizing suffix&quot;)||||||8|1691|||||||||||||
obligation|wanonyârinas|wanonya^rinas|noun|noun|notbat|||<i>wanonun</i> (&quot;bind&quot;) + <i>yârinas</i> (&quot;promise&quot;)||||||13|1692|||||||||||||
passenger|watwan|watwan|noun|noun|notbat|||<i>watun</i> (&quot;pass&quot;) + <i>wan</i> (&quot;person&quot;)||||||6|1693|||||||||||||
flat|palang|palaq|adjective|ng adjective|q-sulaikibat|||From Old Mampulan||||||5|1694|||||||||||||
platform|palalet|palalet|noun|noun|notbat|||<i>palang</i> (&quot;flat&quot;) + <i>let</i> (&quot;form&quot;)||||||7|1695|||||||||||||
poet|shonaswan|xonaswan|noun|noun|notbat|||<i>shonas</i> (&quot;poet&quot;) + <i>wan</i> (&quot;person&quot;)||||||8|1696|||||||||||||
paint|rasan|rasan|noun|noun|notbat|||From Old Mampulan||||||5|1697|||||||||||||
paint|rasanun|rasanun|verb|un verb|un-usbat|||From Old Mampulan||||||7|1698|||||||||||||
dirty|wung|wuq|adjective|g adjective|g-sulaikibat|||From Old Mampulan||||||3|1699|||||||||||||
clean|lung|luq|adjective|g adjective|g-sulaikibat|||From Old Mampulan||||||3|1700|||||||||||||
pollution|wunrasanas|wunrasanas|noun|noun|notbat|||<i>wun</i> (&quot;dirty&quot;) + <i>rasan</i> (&quot;paint&quot;)||||||10|1701|||||||||||||
recognition|lunounas|lunounas|noun|noun|notbat|||<i>lurun</i> (&quot;see&quot;) + <i>nourun</i> (&quot;know&quot;)||||||8|1702|||||||||||||
recognize|lunounun|lunounun|noun|noun|notbat|||<i>lurun</i> (&quot;see&quot;) + <i>nourun</i> (&quot;know&quot;)||||||8|1703|||||||||||||
judge|partun|partun|verb|un verb|un-usbat|judge someone||From Old Mampulan||||||6|1704|||||||||||||
judge|partwan|partwan|noun|noun|notbat|judge the person||<i>partun</i> (&quot;judge&quot;) + <i>wan</i> (&quot;person&quot;)||||||7|1705|||||||||||||
judgement|partas|partas|noun|noun|notbat|||<i>partun</i> (&quot;judge&quot;) + <i>-as</i> (&quot;nominalizing suffix&quot;)||||||6|1706|||||||||||||
reputation|supartas|supartas|noun|noun|notbat|||<i>surun</i> (&quot;stand&quot;) + <i>partun</i> (&quot;judge&quot;)||||||8|1707|||||||||||||
speaker|saltwan|saltwan|noun|noun|notbat|||<i>saltun</i> (&quot;speak&quot;) + <i>wan</i> (&quot;person&quot;)||||||7|1708|||||||||||||
stranger|nulpeinwan|nulpeinwan|noun|noun|notbat|||<i>nul</i> (&quot;outside&quot;) + <i>pein</i> (&quot;place&quot;) + <i>wan</i> (&quot;person&quot;)||||||10|1709|||||||||||||
wing|fesan|fesan|noun|noun|notbat|||From Old Mampulan|||||Fether Middle English fither|5|1710|||||||||||||
feather|benggur|beqgur|noun|noun|notbat|||From Old Mampulan|||||Icelandic vængur|6|1711|||||||||||||
surgery|shainhata|xainhata|noun|noun|notbat|||<i>shain</i> (&quot;hand&quot;) + <i>hata</i> (&quot;work&quot;)||||||8|1712|||||||||||||
throat|keil|keil|noun|noun|notbat|||From Old Mampulan|||||German Kehle|4|1713|||||||||||||
uncle|cho|co|noun|noun|notbat|||From Old Mampulan|||||Filipino tiyo|2|1714|||||||||||||
young|yang|yaq|adjective|g adjective|g-sulaikibat|||From Old Mampulan||||||3|1715|||||||||||||
youth|yanas|yanas|noun|noun|notbat|||<i>yang</i> (&quot;young&quot;) + <i>-as</i> (&quot;nominalizing suffix&quot;)||||||5|1716|||||||||||||
film|filmu|filmu|noun|noun|notbat|||From Old Mampulan||||||5|1717|||||||||||||
money|fei|fei|noun|noun|notbat|||From Old Mampulan|||||From Old English feoh|3|1718|||||||||||||
business|hatabus|hatabus|noun|noun|notbat|||<i>hata</i> (&quot;work&quot;) + <i>bus</i> (&quot;thing&quot;)||||||7|1719|||||||||||||
field|kam|kam|noun|noun|notbat|||From Old Mampulan|||||From French camp or Spanish  campo|3|1720|||||||||||||
experience|foudesunas|foudesunas|noun|noun|notbat|||<i>foude</i> (&quot;through&quot;) + <i>surun</i> (&quot;stand&quot;) + <i>-nas</i> (&quot;nominalizing suffix&quot;)||||||10|1721|||||||||||||
experience|foudesurun|foudesurun|verb|run verb|run-usbat|||<i>foude</i> (&quot;through&quot;) + <i>surun</i> (&quot;stand&quot;)||||||10|1722|||||||||||||
economy|regshâindaltas|regxa^indaltas|noun|noun|notbat|||<i>reg</i> (&quot;source&quot;) + <i>shaindalt</i> (&quot;management&quot;)||||||14|1723|||||||||||||
focus|tutok|tutok|noun|noun|notbat|||From Old Mampulan|||||Tagalog Tutok|5|1724|||||||||||||
interest|detutok|detutok|noun|noun|notbat|||<i>de</i> (&quot;to&quot;) + <i>tutok</i> (&quot;focus&quot;)||||||7|1725|||||||||||||
radio|radiyo|radiyo|noun|noun|notbat|||From Old Mampulan||||||6|1726|||||||||||||
price|balonas|balonas|noun|noun|notbat|||<i>bal</i> (&quot;value&quot;) + <i>onas</i> (&quot;position&quot;)||||||7|1727|||||||||||||
wound|ter|ter|noun|noun|notbat|||From Old Mampulan|||||tear|3|1728|||||||||||||
size|danas|danas|noun|noun|notbat|||<i>dang</i> (&quot;big&quot;)+ <i>-nas</i> (&quot;nominalizing suffix&quot;)||||||5|1729|||||||||||||
card|kard|kard|noun|noun|notbat|||From Human Language <i>card</i>||||||4|1730|||||||||||||
mind|nant|nant|noun|noun|notbat|||From Old Mampulan||||||4|1731|||||||||||||
care|son|son|noun|noun|notbat|||From Old Mampulan||||||3|1732|||||||||||||
care|sonun|sonun|verb|un verb|un-usbat|||<i>son</i> (&quot;care&quot;)||||||5|1733|||||||||||||
group|krin|krin|noun|noun|notbat|||From Old Mampulan||||||4|1734|||||||||||||
approach|sortser|sortser|noun|noun|notbat|||From <i>sortser</i> (&quot;approach&quot;)||||||7|1735|||||||||||||
approach|sortserun|sortserun|verb|un verb|un-usbat|||From <i>sortser</i> (&quot;approach&quot;)||||||9|1736|||||||||||||
risk|plen|plen|noun|noun|notbat|||From Old Mampulan|||||From Old English pleoh|4|1737|||||||||||||
fat|tap|tap|noun|noun|notbat|||From Old Mampulan|||||Tagalog taba|3|1738|||||||||||||
key|kusin|kusin|noun|noun|notbat|||From Old Mampulan||||||5|1739|||||||||||||
train|sanairun|sanairun|verb|run verb|run-usbat|train someone||From Old Mampulan||||||8|1740|||||||||||||
training|sanainas|sanainas|noun|noun|notbat|||<i>sanairun</i> (&quot;train&quot;)+ <i>-nas</i> (&quot;nominalizing suffix&quot;)||||||8|1741|||||||||||||
top|teipon|teipon|noun|noun|notbat|||<i>teing</i> (&quot;high&quot;)+ <i>pon</i> (&quot;point&quot;)||||||6|1742|||||||||||||
top|pist|pist|noun|noun|notbat|||From Wolf Language|||||German Spitze|4|1743|||||||||||||
bottom|loupon|loupon|noun|noun|notbat|||<i>loung</i> (&quot;low&quot;)+ <i>pon</i> (&quot;point&quot;)||||||6|1744|||||||||||||
bottom|ont|ont|noun|noun|notbat|||From Wolf Language||||||3|1745|||||||||||||
deep|dīng|di-q|adjective|ng adjective|q-sulaikibat|||From Old Mampulan||||||4|1746|||||||||||||
research|dīga|di-ga|noun|noun|notbat|||<i>dī</i> (&quot;deep&quot;)+ <i>garun</i> (&quot;study&quot;)||||||5|1747|||||||||||||
fun|mius|mius|noun|noun|notbat|||From Old Mampulan||||||4|1748|||||||||||||
fun|miusung|miusuq|adjective|ung adjective|uq-sulaikibat|||From Old Mampulan||||||6|1749|||||||||||||
page|laur|laur|noun|noun|notbat|||From Old Mampulan||||||4|1750|||||||||||||
piece|pet|pet|noun|noun|notbat|||From Old Mampulan||||||3|1751|||||||||||||
garden|adân|ada^n|noun|noun|notbat|||From Old Mampulan||||||5|1752|||||||||||||
demand|tikatan|tikatan|noun|noun|notbat|||<i>tikang</i> (&quot;hard&quot;)+ <i>tanun</i> (&quot;ask&quot;)||||||7|1753|||||||||||||
demand|tikatanun|taikatanun|noun|noun|notbat|||<i>tikang</i> (&quot;hard&quot;)+ <i>tanun</i> (&quot;ask&quot;)||||||10|1754|||||||||||||
age|elt|elt|noun|noun|notbat|||From Old Mampulan|||||From old English eld|3|1755|||||||||||||
sense|main|main|noun|noun|notbat|||<i>main</i> (&quot;feeling&quot;)||||||4|1756|||||||||||||
web|saind|saind|noun|noun|notbat|||From Old Mampulan||||||5|1757|||||||||||||
boss|ado|ado|noun|noun|notbat|||From Old Mampulan||||||3|1758|||||||||||||
seat|sila|sila|noun|noun|notbat|||From Old Mampulan||||||4|1759|||||||||||||
avoid|ibinun|ibinun|verb|un verb|un-usbat|||From Old Mampulan||||||6|1760|||||||||||||
avoidable|ibinsang|ibinsaq|adjective|g adjective|g-sulaikibat|||<i>ibinun</i> (&quot;avoid&quot;) + <i>sang</i> (&quot;possible&quot;)||||||7|1761|||||||||||||
inevitable|anibinsang|anibinsaq|adjective|g adjective|g-sulaikibat|||<i>an-</i> (&quot;not&quot;) + <i>ibinunsang</i> (&quot;avoidable&quot;)||||||9|1762|||||||||||||
companion|samakainwan|samakainwan|noun|noun|notbat|||From <i>sama</i> (&quot;together&quot;) + <i>kainun</i> (&quot;eat&quot;) + <i>wan</i> (&quot;person&quot;). Originally for ones who you eat together with.||||||11|1763|||||||||||||
company|gefor|gefor|noun|noun|notbat|||From Old Mampulan||||||5|1764|||||||||||||
divide|itun|itun|verb|un verb|un-usbat|||From Old Mampulan||||||4|1765|||||||||||||
division|itas|itas|noun|noun|notbat|||From <i>itun</i> (&quot;divide&quot;) + <i>-as</i> (&quot;nominalizing suffix&quot;)||||||4|1766|||||||||||||
divisible|itsanung|itsanuq|adjective|ung adjective|uq-sulaikibat|||From <i>itun</i> (&quot;divide&quot;) + <i>sanun</i> (&quot;can&quot;)||||||7|1767|||||||||||||
indivisible|anitsanung|anitsanuq|adjective|ung adjective|uq-sulaikibat|||From <i>an-</i> (&quot;not&quot;) + <i>itsanun</i> (&quot;divisible&quot;)||||||9|1768|||||||||||||
divisive|ittekung|ittekuq|adjective|ung adjective|uq-sulaikibat|||From <i>itun</i> (&quot;divide&quot;) + <i>-tekung</i> (&quot;doing or tending to do something specified&quot;). Prone to cause division||||||7|1769|||||||||||||
travel|farun|farun|verb|un verb|un-usbat|||From Old Mampulan||||un verb, not run||5|1770|||||||||||||
equivalent|lamibrilung|lamibriluq|adjective|ung adjective|uq-sulaikibat|||From <i>laming</i> (&quot;equal&quot;) + <i>bril</i> (&quot;level&quot;)||||||10|1771|||||||||||||
reply|nutsabun|nutsabun|verb|un verb|un-usbat|||From <i>nutun</i> (&quot;return&quot;) + <i>sabun</i> (&quot;say&quot;)||||||8|1772|||||||||||||
skim|sūmun|su-mun|verb|un verb|un-usbat|||From Old Mampulan||||||6|1773|||||||||||||
turf|gason|gason|noun|noun|notbat|||From Old Mampulan|||||French gazon|5|1774|||||||||||||
smooth|glung|gluq|adjective|ng adjective|q-sulaikibat|||From Old Mampulan||||||4|1775|||||||||||||
rough|gaspang|gaspaq|adjective|ng adjective|q-sulaikibat|||From Old Mampulan|||||Tagalog gaspang|6|1776|||||||||||||
glide|glonun|glonun|verb|un verb|un-usbat|||From Old Mampulan||||||6|1777|||||||||||||
painless|ante'ârang|ante'a^raq|adjective|ng adjective|q-sulaikibat|||Without + paiun||||||10|1778|||||||||||||
for|win|win|preposition|postposition|pusobat|for you||From Old Mampulan||||||3|1779|||||||||||||
soothe|hūnung|hu-nuq|adjective|ung adjective|uq-sulaikibat|||From Old Mampulan||||||6|1780|||||||||||||
representative|mali|mali|noun|noun|notbat|||From Old Mampulan||||||4|1781|||||||||||||
sport|aga|aga|noun|noun|notbat|||From Old Mampulan||||||3|1782|||||||||||||
term|ard|ard|noun|noun|notbat|||Related to <i>art</i> (&quot;end&quot;)||||||3|1783|||||||||||||
midterm|ditard|ditard|noun|noun|notbat|||From <i>dit</i> (&quot;middle&quot;) + <i>ard</i> (&quot;term&quot;)||||||6|1784|||||||||||||
matter|mon'gald|mon'gald|noun|noun|notbat|problem or difficulty||From <i>mon</i> (&quot;&quot;) + <i>bril</i> (&quot;gald&quot;)||What is the matter?|mon'gald ni da te?|||8|1785|||||||||||||
break|krokun|krokun|verb|un verb|un-usbat|||From onomatopoetic origin||That stone is hard to break.|tos bato'n krokun mosuq tu!|||6|1786|||||||||||||
pump|bompun|bompun|verb|un verb|un-usbat|||From Old Mampulan||I can hear my heart pumping.|Ko'n kos pain ni bompun is sanu kinun.|||6|1787|||||||||||||
how old are you|ro ni da elt te|ro ni da elt te|phrase|phrase|tenson|||Literally <i>What age are you?</i>||||ro'n da elt te||15|1788|||||||||||||
how old are you|ro'n da elt te|ro'n da elt te|phrase|phrase|tenson|||Literally <i>What age are you?</i>||||ro ni da elt te||14|1789|||||||||||||
how old are you|ro ni dakoung tiun mairu|ro ni dakouq tiun mairu|phrase|phrase|tenson|||Literally <i>How may years do you have?</i>||||ro'n dakouq tiun mairu||23|1790|||||||||||||
how old are you|ro'n dakoung tiun mairu|ro'n dakouq tiun mairu|phrase|phrase|tenson|||Literally <i>How may years do you have?</i>||||ro ni dakouq tiun mairu||22|1791|||||||||||||
board|pitan|pitan|noun|noun|notbat|||From Old Mampulan||||||5|1792|||||||||||||
tall|teing|teiq|adjective|ng adjective|q-sulaikibat|||From Old Mampulan||That is a tall tree.|tos ni teiq pu tu.|||4|1793|||||||||||||
give up|frinun|frinun|verb|un verb|un-usbat|||From Old Mampulan||||||6|1794|||||||||||||
hemisphere|gitkulk|gitkulk|noun|noun|notbat|||From <i>git</i> (&quot;half&quot;) + <i>kulk</i> (&quot;sphere&quot;)||||||7|1795|||||||||||||
northern hemisphere|hilang gitkulk|hilaq gitkulk|noun|noun|notbat|||From <i>hilang</i> (&quot;north&quot;) + <i>gitkulk</i> (&quot;hemisphere&quot;)||||||13|1796|||||||||||||
southern hemisphere|timong gitkulk|timuq gitkulk|noun|noun|notbat|||From <i>timong</i> (&quot;south&quot;) + <i>gitkulk</i> (&quot;hemisphere&quot;)||||||13|1797|||||||||||||
blink|plasun|plasun|verb|un verb|un-usbat|||From Old Mampulan||||||6|1798|||||||||||||
anonymous|antenôt|anteno^t|noun|noun|notbat|||From <i>ante</i> (&quot;without&quot;) + <i>not</i> (&quot;name&quot;)||||||8|1799|||||||||||||
winter|won|won|noun|noun|notbat|||From Old Mampulan||||||3|1800|||||||||||||
spring|fas|fas|noun|noun|notbat|the season||From Old Mampulan||||||3|1801|||||||||||||
autumn|yen|yen|noun|noun|notbat|the season||From Old Mampulan||||||3|1802|||||||||||||
fall|yen|yen|noun|noun|notbat|the season||From Old Mampulan||||||3|1803|||||||||||||
summer|sal|sal|noun|noun|notbat|the season||From Old Mampulan||||||3|1804|||||||||||||
special|tokung|tokuq|adjective|ng adjective|q-sulaikibat|||not ung adjective because meaning carried by toku||||||5|1805|||||||||||||
separate|dourun|dourun|verb|un verb|un-usbat|||not run verb because meaning carried by dour||||||6|1806|||||||||||||
distinct|wodourung|wodouruq|adjective|ung adjective|uq-sulaikibat|||From <i>wo</i> (&quot;from&quot;) + <i>dourun</i> (&quot;separate&quot;)||||||8|1807|||||||||||||
feature|wodourlet|wodourlet|noun|noun|notbat|||distinct + Form||||||9|1808|||||||||||||
specialist|tokuwan|tokuwan|noun|noun|notbat|||From <i>tokung</i> (&quot;special&quot;) + <i>dourun</i> (&quot;separate&quot;)||||||7|1809|||||||||||||
peace|sib|sib|noun|noun|notbat|||From Old Mampulan|||||Old English sibb|3|1810|||||||||||||
access|hairoun|hairoun|noun|noun|notbat|||From <i>hairun</i> (&quot;enter&quot;) + <i>roun</i> (&quot;way&quot;)||||||7|1811|||||||||||||
range|ami|ami|noun|noun|notbat|range; a line or series of things, typically mountains||From Old Mampulan||||worenami||3|1812|||||||||||||
future|pusfoun|pusfoun|noun|noun|notbat|||From <i>pus</i> (&quot;front&quot;) + <i>roun</i> (&quot;time&quot;)||||||7|1813|||||||||||||
exercise|ani|ani|noun|noun|notbat|||From Old Mampulan||||||3|1814|||||||||||||
image|ano|ano|noun|noun|notbat|||From Old Mampulan||||||3|1815|||||||||||||
case|apa|apa|noun|noun|notbat|a box for holding something||From Old Mampulan||||||3|1816|||||||||||||
boat|pun|pun|noun|noun|notbat|||From Old Mampulan||||||3|1817|||||||||||||
cash|ayo|ayo|noun|noun|notbat|||From Old Mampulan||||||3|1818|||||||||||||
class|kun|kun|noun|noun|notbat|class (of students)||From Old Mampulan|||||組|3|1819|||||||||||||
register|sirreko|sirreko|noun|noun|notbat|To write into a register||From <i>sir</i> (&quot;record&quot;) + <i>reko</i> (&quot;record&quot;)|||||記録|7|1820|||||||||||||
register|sirrekorun|sirrekorun|verb|run verb|run-usbat|A formal recording of names, events, transactions, etc.||From <i>sir</i> (&quot;record&quot;) + <i>reko</i> (&quot;record&quot;)|||||記録|10|1821|||||||||||||
stage|baint|baint|noun|noun|notbat|||From Old Mampulan||||||5|1822|||||||||||||
stick|rot|rot|noun|noun|notbat|||From Old Mampulan||||||3|1823|||||||||||||
branch|eida|eida|noun|noun|notbat|||From Old Mampulan||||||4|1824|||||||||||||
title|bara|bara|noun|noun|notbat|||From Old Mampulan||||||4|1825|||||||||||||
minimum|besu|besu|noun|noun|notbat|||From <i>be</i> (&quot;most&quot;) + <i>sung</i> (&quot;small&quot;)||||||4|1826|||||||||||||
maximum|beda|beda|noun|noun|notbat|||From <i>be</i> (&quot;most&quot;) + <i>dang</i> (&quot;big&quot;)|||be + da|||4|1827|||||||||||||
crooked|waing|waiq|adjective|ng adjective|q-sulaikibat|||From Old Mampulan|||||Chinese, Japanese wai|4|1828|||||||||||||
manger|kain'gat|kaingat|noun|noun|notbat|||From <i>kainun</i> (&quot;eat&quot;) + <i>gat</i> (&quot;tub&quot;)||||||7|1829|||||||||||||
crib|flaf|flaf|noun|noun|notbat|||From Eagle Language||||||4|1830|||||||||||||
lord|mait|mait|noun|noun|notbat|||From Old Mampulan|||||french maître|4|1831|||||||||||||
option|bairt|bairt|noun|noun|notbat|||From Old Mampulan||||||5|1832|||||||||||||
pack|tais|tais|noun|noun|notbat|||From Old Mampulan||||||4|1833|||||||||||||
park|kanten|kanten|noun|noun|notbat|||From Old Mampulan||||||6|1834|||||||||||||
plan|part|part|noun|noun|notbat|||From Old Mampulan||||||4|1835|||||||||||||
tax|gos|gos|noun|noun|notbat|||From Old Mampulan||||||3|1836|||||||||||||
subject|bala|bala|noun|noun|notbat|||From Old Mampulan||||||4|1837|||||||||||||
stock|balo|balo|noun|noun|notbat|||From Old Mampulan||||||4|1838|||||||||||||
figure|bamin|bamin|noun|noun|notbat|||From Old Mampulan||||||5|1839|||||||||||||
model|bana|bana|noun|noun|notbat|||From Old Mampulan||||||4|1840|||||||||||||
program|program|program|noun|noun|notbat|||From Human Language <i>program</i>||||||7|1841|||||||||||||
material|busnai|busnai|noun|noun|notbat|||From <i>bus</i> (&quot;thing&quot;) + <i>nai</i> (&quot;matter, substance&quot;)|||||物質|6|1842|||||||||||||
question|bapon|bapon|noun|noun|notbat|||From Old Mampulan||||||5|1843|||||||||||||
wheat|ple|ple|noun|noun|notbat|||From Old Mampulan|||||french blé|3|1844|||||||||||||
dough|tou|tou|noun|noun|notbat|||From Old Mampulan|||||English dough|3|1845|||||||||||||
rock|wato|wato|noun|noun|notbat|||From Old Mampulan||||||4|1846|||||||||||||
object|bari|bari|noun|noun|notbat|||From Old Mampulan||||||4|1847|||||||||||||
scale|baro|baro|noun|noun|notbat|||From Old Mampulan||||||4|1848|||||||||||||
note|basa|basa|noun|noun|notbat|||From Old Mampulan||||||4|1849|||||||||||||
profit|basi|basi|noun|noun|notbat|||From Old Mampulan||||||4|1850|||||||||||||
rent|baso|baso|noun|noun|notbat|||From Old Mampulan||||||4|1851|||||||||||||
style|bata|bata|noun|noun|notbat|||From Old Mampulan||||||4|1852|||||||||||||
bank|yipon|yipon|noun|noun|notbat|||From Fox Language <i>yipon</i>||||||5|1853|||||||||||||
craft|bawa|bawa|noun|noun|notbat|||From Old Mampulan||||||4|1854|||||||||||||
standard|hunjun|hunjun|noun|noun|notbat|||From <i>hun</i> (&quot;&quot;) + <i>jun</i> (&quot;&quot;)|||||標準|6|1855|||||||||||||
bright|biang|biaq|adjective|ng adjective|q-sulaikibat|||From Old Mampulan||||||4|1856|||||||||||||
cattle|ises|ises|noun|noun|notbat|||From Fox Language <i>yistyefs</i>||||||4|1857|||||||||||||
low|mūrun|mu-run|verb|run verb|run-usbat|a cow's sound||From onomatopoetic origin||||||6|1858|||||||||||||
baby|bem|bem|noun|noun|notbat|||From Old Mampulan||||||3|1859|||||||||||||
wake up|nesun|nesun|verb|un verb|un-usbat|||From Old Mampulan||||||5|1860|||||||||||||
trade|baiget|baiget|noun|noun|notbat|||From <i>bairun</i> (&quot;buy&quot;) + <i>wurun</i> (&quot;sell&quot;)|||||売買|6|1861|||||||||||||
exchange|fairdip|dairdip|noun|noun|notbat|||From <i>fair</i> (&quot;&quot;) + <i>dip</i> (&quot;&quot;)|||||交換|7|1862|||||||||||||
depravity|rouko|rouko|noun|noun|notbat|||From <i>rouk</i> (&quot;&quot;) + <i>o</i> (&quot;&quot;)||||||5|1863|||||||||||||
cradle|baya|baya|noun|noun|notbat|||From Old Mampulan||||||4|1864|||||||||||||
stress|bayo|bayo|noun|noun|notbat|||From Old Mampulan||||||4|1865|||||||||||||
gain|ri|ri|noun|noun|notbat|||From Old Mampulan||||||2|1866|||||||||||||
advantage|bifori|bifori|noun|noun|notbat|||From <i>bifode</i> (&quot;before&quot;) + <i>ri</i> (&quot;gain&quot;)||||||6|1867|||||||||||||
bed|lita|lita|noun|noun|notbat|||From Old Mampulan||||||4|1868|||||||||||||
grass|gusa|gusa|noun|noun|notbat|||From Old Mampulan||||||4|1869|||||||||||||
wrap|sag|sag|noun|noun|notbat|||From Old Mampulan||||||3|1870|||||||||||||
gift|kif|kif|noun|noun|notbat|||From Old Mampulan||||||3|1871|||||||||||||
screen|bila|bila|noun|noun|notbat|||From Old Mampulan||||||4|1872|||||||||||||
view|sil|sil|noun|noun|notbat|||From Old Mampulan|||||German Sicht|3|1873|||||||||||||
item|bika|bika|noun|noun|notbat|||From Old Mampulan||||||4|1874|||||||||||||
discipline|bima|bima|noun|noun|notbat|||From Old Mampulan||||||4|1875|||||||||||||
forever|latfounak|latfounak|adverb|adverb|qanusbat|||From <i>lat</i> (&quot;all&quot;) + <i>foun</i> (&quot;time&quot;)||||||9|1876|||||||||||||
pray|laisun|laisun|verb|un verb|un-usbat|||From Old Mampulan||||||6|1877|||||||||||||
out of one's hands|airshain|airxain|phrase|phrase|notbat|out of one's control||From <i>air</i> (&quot;out&quot;) + <i>shain</i> (&quot;hand&quot;)||I tried to tell him but it's out of my hands.|Kon' yo't subu tirun par lon' airshain.|||7|1878|||||||||||||
benefit|ri'ngen|riqen|noun|noun|notbat|||From <i>ri</i> (&quot;&quot;) + <i>ngen</i> (&quot;&quot;)|||||利益|5|1879|||||||||||||
pressure|bran|bran|noun|noun|notbat|||From Old Mampulan||||||4|1880|||||||||||||
frame|bigan|biga|noun|noun|notbat|||From Old Mampulan||||||4|1881|||||||||||||
issue|bami|bami|noun|noun|notbat|||From Old Mampulan||||||4|1882|||||||||||||
cycle|bigon|bigon|noun|noun|notbat|||From Old Mampulan||||||5|1883|||||||||||||
review|bikon|bikon|noun|noun|notbat|||From Old Mampulan||||||5|1884|||||||||||||
account|bilo|bilo|noun|noun|notbat|||From Old Mampulan||||||4|1885|||||||||||||
medium|bimi|bimi|noun|noun|notbat|||From Old Mampulan||||||4|1886|||||||||||||
bit|bimo|bimo|noun|noun|notbat|||From Old Mampulan||||||4|1887|||||||||||||
impact|bini|bini|noun|noun|notbat|||From Old Mampulan||||||4|1888|||||||||||||
shape|bino|bino|noun|noun|notbat|||From Old Mampulan||||||4|1889|||||||||||||
tool|lif|lif|noun|noun|notbat|||From Old Mampulan||||||3|1890|||||||||||||
therefore|dor|dor|conjunction|conjunction|bintbat|||From Old Mampulan||||||3|1891|||||||||||||
address|sumpein|sumpein|noun|noun|notbat|Location||From <i>sum</i> (&quot;live&quot;) + <i>pein</i> (&quot;place&quot;)||||||7|1892|||||||||||||
forget|ortun|ortun|verb|un verb|un-usbat|||From Old Mampulan||||||5|1893|||||||||||||
oblivion|ortanas|ortanas|noun|noun|notbat|||From <i>orta</i> (&quot;past tense of <i>ortun</i> forget &quot;) + <i>-nas</i> (&quot;nominalizing suffix&quot;)|||||忘却|7|1894|||||||||||||
lack|ket|ket|noun|noun|notbat|||From Old Mampulan||||||3|1895|||||||||||||
shame|fira|fira|noun|noun|notbat|||From Old Mampulan||||||4|1896|||||||||||||
shelter|firi|firi|noun|noun|notbat|||From Old Mampulan||||||4|1897|||||||||||||
tackle|firkun|firkun|verb|un verb|un-usbat|||From Old Mampulan||||||6|1898|||||||||||||
bell|kal|kal|noun|noun|notbat|||From Old Mampulan||||||3|1899|||||||||||||
main|shu|xu|noun|noun|notbat|||From Old Mampulan|||||主|2|1900|||||||||||||
average|pâlabrot|pa^labrot|noun|noun|notbat|||From <i>pala</i> (&quot;&quot;) + <i>brot</i> (&quot;&quot;)|||||平均|9|1901|||||||||||||
career|hâtaroun|ha^taroun|noun|noun|notbat|||From <i>hatarun</i> (&quot;work&quot;) + <i>roun</i> (&quot;road&quot;)||||||9|1902|||||||||||||
culture|gonounas|gonounas|noun|noun|notbat|||From <i>gorun</i> (&quot;grow&quot;) + <i>nourun</i> (&quot;know&quot;)  + <i>-nas</i> (&quot;nominalizing suffix&quot;)||The Mampulan culture for animals has always been about overcoming differences for better understanding.|Tounbus de Mampulan gonounas ni piyoq urpiu tun cak it xoundewenun latfoun te.|||8|1903|||||||||||||
pot|biro|biro|noun|noun|notbat|||From Old Mampulan||||||4|1904|||||||||||||
sign|bisa|bisa|noun|noun|notbat|||From Old Mampulan||||||4|1905|||||||||||||
task|bisin|bisin|noun|noun|notbat|||From Old Mampulan||||||5|1906|||||||||||||
post|tris|tris|noun|noun|notbat|||From Old Mampulan||||||4|1907|||||||||||||
spot|boko|boko|noun|noun|notbat|||From Old Mampulan||||||4|1908|||||||||||||
gear|bur|bur|noun|noun|notbat|||From Old Mampulan||||||3|1909|||||||||||||
trip|bupa|bupa|noun|noun|notbat|||From Old Mampulan||||||4|1910|||||||||||||
condition|rasakēn|rasake-n|noun|noun|notbat|a premise upon which the fulfillment of an agreement depends||From Old Mampulan|||||条件|8|1911|||||||||||||
condition|jōpano|jo-pano|noun|noun|notbat|state of being||From <i>jō</i> (&quot;&quot;) + <i>pano</i> (&quot;&quot;)|||||状態|7|1912|||||||||||||
contact|sortsas|sortsas|noun|noun|notbat|||From <i>sort</i> (&quot;&quot;) + <i>sas</i> (&quot;&quot;)|||||接触|7|1913|||||||||||||
legend|alam|alam|noun|noun|notbat|||From Old Mampulan|||||alamat|4|1914|||||||||||||
few|loutung|loutuq|adjective|adjective|uq-sulaikibat|||From Old Mampulan||||||6|1915|||||||||||||
human|kina|kina|noun|noun|notbat|||From Old Mampulan||||||4|1916|||||||||||||
credit|yayin|yayin|noun|noun|notbat|Reliance on the truth of something said or done||From Fox Language yaiyin||I give credit to what he said.||||5|1917|||||||||||||
credit|rekonesan|rekonesan|noun|noun|notbat|recognition; admiration||From Eagle Language||I give you credit for owning up to your mistake.||||9|1918|||||||||||||
flavor|sap|sap|noun|noun|notbat|||From Old Mampulan||||||3|1919|||||||||||||
net|zami|zami|noun|noun|notbat|||From Old Mampulan||||||4|1920|||||||||||||
network|zami|zami|noun|noun|notbat|||From Old Mampulan|||||ami|4|1921|||||||||||||
square|hirkorsor|hirkorsor|noun|noun|notbat|||From <i>hirung</i> (&quot;same&quot;) + <i>kor</i> (&quot;four&quot;) + <i>sor</i> (&quot;side&quot;)||||||9|1922|||||||||||||
nominate|fingnei|fiqnei|noun|noun|notbat|||From <i>fing</i> (&quot;same&quot;) + <i>kor</i> (&quot;mei&quot;) |||||指名|6|1923|||||||||||||
already|ad|ad|adverb|adverb|qanusbat|||From Old Mampulan||||||2|1924|||||||||||||
whisper|flosun|flosun|verb|un verb|un-usbat|||From Old Mampulan||||||6|1925|||||||||||||
only|ing|iq|adjective|ng adjective|q-sulaikibat|||From <i>i</i> (&quot;one&quot;)||||||2|1926|||||||||||||
only|inak|inak|adverb|adverb|qanusbat|||From <i>i</i> (&quot;one&quot;)||||||4|1927|||||||||||||
sure|inong|inoq|adjective|ng adjective|q-sulaikibat|||From Old Mampulan||||||4|1928|||||||||||||
just|inak|inak|adverb|adverb|qanusbat|only||From <i>i</i> (&quot;one&quot;)||||||4|1929|||||||||||||
used to|biusorun|biusorun|verb|run verb|run-usbat|||From Old Mampulan||||||8|1930|||||||||||||
accustomed to|biusorun|biusorun|verb|run verb|run-usbat|||From Old Mampulan||||||8|1931|||||||||||||
overcome|shoundewenun|xoundewenun|verb|un verb|un-usbat|||From over + win||The Mampulan culture for animals has always been about overcoming differences for better understanding.|Tounbus de Mampulan gonounas ni piyoq urpiu tun cak it xoundewenun latfoun te.|||11|1932|||||||||||||
open up|lunorun|lunorun|verb|run verb|run-usbat|reveal||From Old Mampulan||||||7|1933|||||||||||||
reveal|doslurun|doslurun|verb|run verb|run-usbat|||From <i>dosun</i> (&quot;open&quot;) + <i>lurun</i> (&quot;see&quot;) ||||||8|1934|||||||||||||
confident|pangilatailung|paqilatailuq|adjective|ung adjective|uq-sulaikibat|||From <i>pangilang</i> (&quot;strong&quot;) + <i>tailun</i> (&quot;trust&quot;) ||||||12|1935|||||||||||||
confidence|pangilatail|paqilatail|noun|noun|notbat|||From <i>pangilang</i> (&quot;strong&quot;) + <i>tailun</i> (&quot;trust&quot;) ||||||10|1936|||||||||||||
reassure|saipangilatailun|saipaqilatailun|verb|un verb|un-usbat|||From <i>sai-</i> (&quot;again&quot;) + <i>pangilatail</i> (&quot;confidence&quot;) ||||||15|1937|||||||||||||
wide|darong|daroq|adjective|ng adjective|q-sulaikibat|||From Old Mampulan||||||5|1938|||||||||||||
indeed|tail kan|tail kan|adverb|adverb|qanusbat|in fact, actually||From <i>tail</i> (&quot;truth&quot;) + <i>kan</i> (&quot;in&quot;) ||||||8|1939|||||||||||||
apologize|sangun|saqun|verb|un verb|un-usbat|||From Old Mampulan||||||5|1940|||||||||||||
calm|rui|rui|noun|noun|notbat|||From Old Mampulan|||||German Ruhig|3|1941|||||||||||||
remain|mentun|mentun|verb|un verb|un-usbat|||From Old Mampulan||||||6|1942|||||||||||||
attempt|esei|esei|noun|noun|notbat|||From Eagle Language <i>eseyirun</i> (&quot;try&quot;)||||eseyirun||4|1943|||||||||||||
attempt|eseirun|eseirun|verb|run verb|run-usbat|||From Eagle Language <i>eseyirun</i> (&quot;try&quot;)||||eseyirun||7|1944|||||||||||||
neighbor|serwan|serwan|noun|noun|notbat|||From <i>serung</i>(&qnearby) + <i>wan</i> (person)||||||6|1945|||||||||||||
plastic|plastik|plastik|noun|noun|notbat|||From Human Language plastic||||||7|1946|||||||||||||
staff|sora|sora|noun|noun|notbat|||From Old Mampulan||||||4|1947|||||||||||||
skin|buko|buko|noun|noun|notbat|||From Old Mampulan||||||4|1948|||||||||||||
factor|bumi|bumi|noun|noun|notbat|||From Old Mampulan||||||4|1949|||||||||||||
glass|bumo|bumo|noun|noun|notbat|||From Old Mampulan||||||4|1950|||||||||||||
joint|buna|buna|noun|noun|notbat|||From Old Mampulan||||||4|1951|||||||||||||
dish|buma|buma|noun|noun|notbat|||From Old Mampulan||||||4|1952|||||||||||||
coercion|fortyau|fortyau|noun|noun|notbat|||From <i>fort</i> (&quot;strong&quot;) + <i>yau</i> (&quot;need, request&quot;) |||||強要|7|1953|||||||||||||
coerce|fortyaurun|fortyaurun|noun|noun|notbat|||From <i>fort</i> (&quot;strong&quot;) + <i>yau</i> (&quot;need, request&quot;) |||||強要|10|1954|||||||||||||
attach|jonun|jonun|verb|un verb|un-usbat|||From Old Mampulan||||||5|1955|||||||||||||
date|jonrou|jonrou|noun|noun|notbat|calendar date||From <i>jonun</i> (&quot;attach&quot;) + <i>rou</i> (&quot;day&quot;). The word came from a practice originated by the raccoons who attach the day and time of transactions for easier tracking.||||||6|1956|||||||||||||
flower|blon|blon|noun|noun|notbat|||From Old Mampulan||||||4|1957|||||||||||||
storm|sonton|sonton|noun|noun|notbat|||From Old Mampulan||||||6|1958|||||||||||||
self|jai|jai|noun|noun|notbat|||From Old Mampulan||||||3|1959|||||||||||||
bat|pani|pani|noun|noun|notbat|||From Old Mampulan||||||4|1960|||||||||||||
brick|maton|maton|noun|noun|notbat|||From Old Mampulan|||||matonne from Italian|5|1961|||||||||||||
foreign|frem|frem|noun|noun|notbat|||From Old Mampulan|||||Old English fremde|4|1962|||||||||||||
intense|risung|risuq|adjective|ung adjective|uq-sulaikibat|||From Old Mampulan|||||激|5|1963|||||||||||||
intensify|rischenun|riscenun|verb|un verb|un-usbat|||From <i>ris</i> (&quot;intense&quot;) + <i>chen</i> (&quot;-ify&quot;)|||||激化|8|1964|||||||||||||
point|songanun|soqanun|verb|un verb|un-usbat|point at someone||From <i>songan</i> (&quot;finger&quot;)||||||7|1965|||||||||||||
attachment|jonas|jonas|noun|noun|notbat|||From <i>jonun</i> (&quot;attach&quot;) + <i>-as</i> (&quot;nominalizing suffix&quot;)||||||5|1966|||||||||||||
wheel|gulon|gulon|noun|noun|notbat|||From Old Mampulan|||||Tagalog gulong|5|1967|||||||||||||
moment|saldan|saldan|noun|noun|notbat|a small period of time||From Old Mampulan||||||6|1968|||||||||||||
temporary|saldansar|saldansar|noun|noun|notbat|||From <i>saldan</i> (&quot;moment&quot;) + <i>sar</i> (&quot;determination&quot;)||||||9|1969|||||||||||||
finance|feishaindaltas|feixaindaltas|noun|noun|notbat|||<i>fei</i> (&quot;money&quot;) + <i>shaindalt</i> (&quot;management&quot;)||||||13|1970|||||||||||||
silly|lautung|lautuq|adjective|ung adjective|uq-sulaikibat|||From Old Mampulan||||||6|1971|||||||||||||
letter|tik|tik|noun|noun|notbat|(of the alphabet)||From Old Mampulan|||||Tagalog titik|3|1972|||||||||||||
spell|tikjinun|tikjinun|verb|un verb|un-usbat|||From <i>tik</i> (&quot;letter&quot;) + <i>jin</i> (&quot;order&quot;)||||||8|1973|||||||||||||
spell|dromou|dromou|noun|noun|notbat|enchantment||From <i>dro</i> (&quot;&quot;) + <i>mou</i> (&quot;&quot;)||||||6|1974|||||||||||||
tear|pūnun|pu-nun|verb|un verb|un-usbat|||From Old Mampulan||||||6|1975|||||||||||||
tear|nada|nada|noun|noun|notbat|tear from eye||From Old Mampulan|||||Namida|4|1976|||||||||||||
offset|pritlaban|pritlaban|noun|noun|notbat|||From <i>prit</i> (&quot;opposite&quot;) + <i>laban</i> (&quot;balance&quot;)||||||9|1977|||||||||||||
desire|gus'hili|gushili|noun|noun|notbat|||From <i>gusun</i> (&quot;want&quot;) + <i>hili</i> (&quot;wish&quot;)||||||7|1978|||||||||||||
reading comprehension|dokpiu|dokpiu|noun|noun|notbat|||From <i>dokun</i> (&quot;read&quot;) + <i>piu</i> (&quot;comprehension&quot;)|||||読解|6|1979|||||||||||||
listening comprehension|kinpiu|kinpiu|noun|noun|notbat|||From <i>kinun</i> (&quot;listen&quot;) + <i>piu</i> (&quot;comprehension&quot;)|||||聴解 |6|1980|||||||||||||
musical instrument|rananki|rananki|noun|noun|notbat|||From <i>ranan</i> (&quot;music&quot;) + <i>ki</i> (&quot;&quot;)|||||music + 器|7|1981|||||||||||||
city|mit|mit|noun|noun|notbat|||From Old Mampulan|||||牛|3|1982|||||||||||||
capital|hormit|hormit|noun|noun|notbat|capital city||From <i>hor</i> (&quot;head&quot;) + <i>mit</i> (&quot;city&quot;)||||||6|1983|||||||||||||
fund|sur|sur|noun|noun|notbat|||From Old Mampulan||||||3|1984|||||||||||||
origin|hon|hon|noun|noun|notbat|||From Old Mampulan||||||3|1985|||||||||||||
capital|surhon|surhon|noun|noun|notbat|||From <i>sur</i> (&quot;fund&quot;) + <i>hon</i> (&quot;origin&quot;)||||||6|1986|||||||||||||
shot|ut|ut|noun|noun|notbat|||From Old Mampulan||||||2|1987|||||||||||||
shoot|utun|utun|verb|un verb|un-usbat|||From <i>ut</i> (&quot;shot&quot;)||||||4|1988|||||||||||||
brush|frus|frus|noun|noun|notbat|||From Fox Language||||||4|1989|||||||||||||
lateral|sorung|soruq|adjective|ung adjective|uq-sulaikibat|||From <i>sor</i> (&quot;side&quot;)||||||5|1990|||||||||||||
button|trunki|trunki|noun|noun|notbat|||From <i></i> (&quot;push&quot;) + <i></i> (&quot;tool&quot;)||||||6|1991|||||||||||||
click|klekun|klekun|noun|noun|notbat|||From <i></i> (&quot;&quot;) + <i></i> (&quot;&quot;)|||||click|6|1992|||||||||||||
seismic|donkuing|donkuiq|adjective|g adjective|g-sulaikibat|||From <i>donkuin</i> (&quot;earthquake&quot;)||||||7|1993|||||||||||||
general|kanlat|kanlat|noun|noun|notbat|||From <i>kan</i> (&quot;in&quot;) + <i>all</i> (&quot;lat&quot;)||||||6|1994|||||||||||||
alternative|tesseng|tesseq|adjective|g adjective|g-sulaikibat|||From <i>tes</i> (&quot;other&quot;) + <i>choice</i> (&quot;sen&quot;)||||||6|1995|||||||||||||
couple|rowa|rowa|noun|noun|notbat|||From Raccoon Language <i>rowa</i> (&quot;&quot;)||||||4|1996|||||||||||||
debate|tautfroun|tautfroun|noun|noun|notbat|||From <i>taut</i> (&quot;&quot;) + <i>froun</i> (&quot;fight&quot;)||||contest|論 + fight|9|1997|||||||||||||
theme|mougald|mougald|noun|noun|notbat|||From <i>mou</i> (&quot;&quot;) + <i>gald</i> (&quot;topic&quot;)|||||文題|7|1998|||||||||||||
track|ito|ito|noun|noun|notbat|||From Old Mampulan||||||3|1999|||||||||||||
notice|pansun|pansun|verb|un verb|un-usbat|||From Wolf Language <i>pfanzun</i> (&quot;to notice&quot;)||||||6|2000|||||||||||||
base|man|man|noun|noun|notbat|||From Old Mampulan|||||基盤|3|2001|||||||||||||
master|shuwan|xuwan|noun|noun|notbat|||From <i>shu</i> (&quot;&quot;) + <i>wan</i> (&quot;&quot;)|||||主人|5|2002|||||||||||||
traffic|buno|buno||||||From <i></i> (&quot;&quot;) + <i></i> (&quot;&quot;)||||||4|2003|||||||||||||
appeal|aplir|aplir|noun|noun|notbat|an earnest plea or request||From Eagle Language <i>âplirun</i> (&quot;to call&quot;)||||||5|2004|||||||||||||
appeal|aplirun|aplirun|verb|un verb|un-usbat|||From Eagle Language <i>âplirun</i> (&quot;to call&quot;)||||||7|2005|||||||||||||
chart|bupo|bupo||||||From <i></i> (&quot;&quot;) + <i></i> (&quot;&quot;)||||||4|2006|||||||||||||
ideal|urring|urriq|adjective|g adjective|g-sulaikibat|||From <i></i> (&quot;&quot;) + <i></i> (&quot;&quot;)|||||理想|5|2007|||||||||||||
kitchen|kainbusnon|kainbusnon|noun|noun|notbat|||From <i>kainbus</i> (&quot;food&quot;) + <i>non</i> (&quot;room&quot;)||||||10|2008|||||||||||||
current|kansaldang|kansaldaq|adjective|g adjective|g-sulaikibat|||From <i>kan</i> (&quot;in&quot;) + <i>saldan</i> (&quot;moment&quot;)||||||9|2009|||||||||||||
currently|kansaldanak|kansaldanak|adverb|adverb|qanusbat|||From <i>kansaldang</i> (&quot;current&quot;) + <i>ak</i> (&quot;adverb&quot;)||||||11|2010|||||||||||||
concurrent|hirkansaldang|hirkansaldaq|adjective|g adjective|g-sulaikibat|||From <i>hirung</i> (&quot;same&quot;) + <i>kansaldan</i> (&quot;current&quot;)||||||12|2011|||||||||||||
concurrently|hirkansaldanak|hirkansaldanak|adverb|adverb|qanusbat|||From <i>hirkansaldang</i> (&quot;concurrent&quot;) + <i>ak</i> (&quot;adverb&quot;)||||||14|2012|||||||||||||
season|taid|taid|noun|noun|notbat|||From Fox Language||||||4|2013|||||||||||||
spirit|sōl|so-l|noun|noun|notbat|||From Fox Language||||||4|2014|||||||||||||
street|etris|etris|noun|noun|notbat|||From Raccoon Language <i>etris</i> (&quot;path&quot;)||||||5|2015|||||||||||||
probability|inolion|inolion|noun|noun|notbat|||From <i>ino</i> (&quot;&quot;) + <i>lion</i> (&quot;&quot;)|||||確率|7|2016|||||||||||||
probable|inoliong|inolioq|adjective|g adjective|g-sulaikibat|likely to be true||From <i>inolion</i> (&quot;probability&quot;)||||||7|2017|||||||||||||
waist|sint|sint|noun|noun|notbat|||From Fox Language||||||4|2018|||||||||||||
belt|sintaki|sintaki|noun|noun|notbat|||From <i>sint</i> (&quot;waist&quot;) + <i>harun</i> (&quot;hold&quot;) + <i>ki</i> (&quot;machine&quot;). The h was dropped.|||||cinturón|7|2019|||||||||||||
luck|diun|diun|noun|noun|notbat|||From <i></i> (&quot;&quot;) + <i></i> (&quot;&quot;)||||||4|2020|||||||||||||
team|afan|afan|noun|noun|notbat|||From Fox Language||||||4|2021|||||||||||||
trick|tron|tron|noun|noun|notbat|||From Fox Language||||||4|2022|||||||||||||
beach|serton|serton|noun|noun|notbat|||From Turtle Language||||||6|2023|||||||||||||
blank|but|but|noun|noun|notbat|||From <i>buting</i> (&quot;white&quot;)||||||3|2024|||||||||||||
catch|hulun|hulun|verb|un verb|un-usbat|||From Old Mampulan|||||捕|5|2025|||||||||||||
crew|dawa|dawa|noun|noun|notbat|||From <i></i> (&quot;&quot;) + <i></i> (&quot;&quot;)||||||4|2026|||||||||||||
detail|dawo|dawo|noun|noun|notbat|||From <i></i> (&quot;&quot;) + <i></i> (&quot;&quot;)||||||4|2027|||||||||||||
gold|gon|gon|noun|noun|notbat|||From Old Mampulan|||||金|3|2028|||||||||||||
interview|dayo|dayo|noun|noun|notbat|||From <i></i> (&quot;&quot;) + <i></i> (&quot;&quot;)||||||4|2029|||||||||||||
kid|diba|diba|noun|noun|notbat|||From <i></i> (&quot;&quot;) + <i></i> (&quot;&quot;)||||||4|2030|||||||||||||
match|dibi|dibi|noun|noun|notbat|||From <i></i> (&quot;&quot;) + <i></i> (&quot;&quot;)||||||4|2031|||||||||||||
mission|dibo|dibo|noun|noun|notbat|||From <i></i> (&quot;&quot;) + <i></i> (&quot;&quot;)||||||4|2032|||||||||||||
pain|ara|ara|noun|noun|notbat|||From Old Mampulan||||||3|2033|||||||||||||
pleasure|hapin|hapin|noun|noun|notbat|||From Old Mampulan|||||happiness|5|2034|||||||||||||
duty|tesh|tex|noun|noun|notbat|||From Old Mampulan||||||3|2035|||||||||||||
chore|prottesh|prottex|noun|noun|notbat|||From <i>prot</i> (&quot;house&quot;) + <i>tesh</i> (&quot;duty&quot;)||||||7|2036|||||||||||||
dot|tun|tun|noun|noun|notbat|||From Old Mampulan||||||3|2037|||||||||||||
score|tunbil|tunbil|noun|noun|notbat|||From <i>tun</i> (&quot;dot&quot;) + <i>bil</i> (&quot;number&quot;)||||||6|2038|||||||||||||
twirl|ikot|ikot|noun|noun|notbat|||From Wolf Language|||||Tagalog Ikot|4|2039|||||||||||||
screw|iko|iko|noun|noun|notbat|||From <i>ikot</i> (&quot;twirl&quot;)||||||3|2040|||||||||||||
screw|ikorun|ikorun|verb|run verb|run-usbat|||From <i>ikot</i> (&quot;twirl&quot;)||||||6|2041|||||||||||||
shower|sural|sural|noun|noun|notbat|brief precipitation||From <i>sung</i> (&quot;small&quot;) + <i>ral</i> (&quot;rain&quot;)||||||5|2042|||||||||||||
shower|glitki|glitki|noun|noun|notbat|device for bathing||From <i>glitun</i> (&quot;take a bath&quot;) + <i>ki</i> (&quot;device&quot;)||||||6|2043|||||||||||||
shower|kiwan|kiwan|noun|noun|notbat|person who shows||From <i>glitun</i> (&quot;take a bath&quot;) + <i>ki</i> (&quot;device&quot;)||||||5|2044|||||||||||||
picket|pontris|pontris|noun|noun|notbat|||From <i>pon</i> (&quot;point&quot;) + <i>tris</i> (&quot;post&quot;)||||||7|2045|||||||||||||
backlash|libadat|libadat|noun|noun|notbat|||From <i>liba</i> (&quot;reverse, backward&quot;) + <i>dat</i> (&quot;hit&quot;)|||||反+hit|7|2046|||||||||||||
lawn|gosan|gosan|noun|noun|notbat|||Related to <i>gusa</i> (&quot;grass&quot;)||||||5|2047|||||||||||||
get off|kitun|kitun|verb|run verb|run-usbat|moving away from being on top of something to not||From Fox Language||||||5|2048|||||||||||||
suit|sūt|su-t|noun|noun|notbat|||From Human Language||||||4|2049|||||||||||||
tone|soron|soron|noun|noun|notbat|||From Fox Language||||||5|2050|||||||||||||
agent|zai|zai|noun|noun|notbat|chemical agent||From <i></i> (&quot;&quot;) + <i></i> (&quot;&quot;)|||||剤|3|2051|||||||||||||
block|katan|katan|noun|noun|notbat|||From Old Mampulan||||||5|2052|||||||||||||
bone|gait|gait|noun|noun|notbat|||From Old Mampulan|||||骨|4|2053|||||||||||||
calendar|jonroutet|jonroutet|noun|noun|notbat|||From <i></i> (&quot;date&quot;) + <i></i> (&quot;list&quot;)||||||9|2054|||||||||||||
arrange|jinestun|jinestun|verb|un verb|un-usbat|||From <i>jin</i> (&quot;order&quot;) + <i>estun</i> (&quot;set&quot;)||||||8|2055|||||||||||||
arranger|jinestwan|jinestwan|noun|noun|notbat|||From <i>jinestun</i> (&quot;arrange&quot;) + <i>wan</i> (&quot;person&quot;)||||||9|2056|||||||||||||
arrangement|jinestas|jinestas|noun|noun|notbat|||From <i>jinestun</i> (&quot;arrange&quot;) + <i>-as</i> (&quot;nominalizing suffix&quot;)||||||8|2057|||||||||||||
rearrange|saijinestun|saijinestun|verb|un verb|un-usbat|||From <i>sai-</i> (&quot;again&quot;) + <i>jinestun</i> (&quot;arrange&quot;)||||||11|2058|||||||||||||
rearranger|saijinestwan|saijinestwan|noun|noun|notbat|||From <i>saijinestun</i> (&quot;rearrange&quot;) + <i>wan</i> (&quot;person&quot;)||||||12|2059|||||||||||||
change course|kamînhenun|kami^nhenun|verb|un verb|un-usbat|||From <i>kami^n</i> (&quot;path&quot;) + <i>henun</i> (&quot;change&quot;)|||||change + path|11|2060|||||||||||||
veer|kamînhenun|kami^nhenun|verb|un verb|un-usbat|||From <i>kami^n</i> (&quot;path&quot;) + <i>henun</i> (&quot;change&quot;)|||||change + path|11|2061|||||||||||||
vein|eder|eder|noun|noun|notbat|||From Turtle Language|||||Old English edre|4|2062|||||||||||||
walker|tiuwan|tiuwan|noun|noun|notbat|||From <i>tiurun</i> (&quot;walk&quot;) + <i>wan</i> (&quot;person&quot;)||||||6|2063|||||||||||||
hyena|kapitiuwan|kapitiuwan|noun|noun|notbat|||From <i>kapi</i> (&quot;night&quot;) + <i>tiuwan</i> (&quot;walker&quot;)|||||night + walker|10|2064|||||||||||||
proof|zain|zain|noun|noun|notbat|||From Old Mampulan||||||4|2065|||||||||||||
guarantee|prozain|prozain|noun|noun|notbat|||From <i>pro</i> (&quot;protection&quot;) + <i>zain</i> (&quot;proof&quot;)|||||保証|7|2066|||||||||||||
lie|mes|mes|noun|noun|notbat|||From Old Mampulan||||||3|2067|||||||||||||
liar|meswan|meswan|noun|noun|notbat|||From <i>mes</i> (&quot;lie (not truth)&quot;) + <i>wan</i> (&quot;person&quot;)||||||6|2068|||||||||||||
bite|kamo|kamo|noun|noun|notbat|||From Old Mampulan||||||4|2069|||||||||||||
bite|kamorun|kamorun|verb|run verb|run-usbat|||From Old Mampulan||Keep in mind that foxes can bite.|Nant kan hare^ nat tuman'i kamorun sanu.|||7|2070|||||||||||||
log|busa|busa|noun|noun|notbat|||From <i></i> (&quot;&quot;) + <i></i> (&quot;&quot;)||||||4|2071|||||||||||||
mother|amâi|ama^i|noun|noun|notbat|||From Old Mampulan|||||母|5|2072|||||||||||||
father|apâi|apa^i|noun|noun|notbat|||From Old Mampulan||||||5|2073|||||||||||||
brother|onin|onin|noun|noun|notbat|||From Old Mampulan||||||4|2074|||||||||||||
sister|iman|iman|noun|noun|notbat|||From Old Mampulan||||||4|2075|||||||||||||
relative|tabitokan|tabitokan|noun|noun|notbat|someone in the same family.||From <i></i> (&quot;tribe&quot;) + <i></i> (&quot;link&quot;)||||||9|2076|||||||||||||
relative|shiunfaing|xiunfaiq|adjective|ng adjective|q-sulaikibat|||From shiun + fai|||||相対|8|2077|||||||||||||
principle|gianur|gianur|noun|noun|notbat|||From <i>gian</i> (&quot;&quot;) + <i>ur</i> (&quot;&quot;)|||||原理|6|2078|||||||||||||
sale|buto|buto|noun|noun|notbat|||From <i></i> (&quot;&quot;) + <i></i> (&quot;&quot;)||||||4|2079|||||||||||||
cry|yakun|yakun|verb|un verb|un-usbat|||From Old Mampulan||||||5|2080|||||||||||||
concern|kuno|kuno|noun|noun|notbat|||From Old Mampulan||||||4|2081|||||||||||||
degree|do|do|noun|noun|notbat|||From Old Mampulan|||||Japanese 度|2|2082|||||||||||||
layer|lai|lai|noun|noun|notbat|||From Old Mampulan|||||層|3|2083|||||||||||||
cover|kab|kab|noun|noun|notbat|||From Old Mampulan||||||3|2084|||||||||||||
cover|kabun|kabun|verb|un verb|un-usbat|||From Old Mampulan||||||5|2085|||||||||||||
cap|kop|kop|noun|noun|notbat|||From <i>kab</i> (&quot;cover&quot;)||||||3|2086|||||||||||||
coat|kout|kout|noun|noun|notbat|an outer garment worn on the upper body and varying in length and style according to fashion and use||From Human Language <i>coat</i> (&quot;coat&quot;)||||||4|2087|||||||||||||
coat|so|so|noun|noun|notbat|a layer (often of paint)||From Old Mampulan||||||2|2088|||||||||||||
coat|sorun|sorun|noun|run verb|run-usbat|a layer (often of paint)<br>Not to be confused with the verb that means to go||From Old Mampulan||||||5|2089|||||||||||||
coat|rasanun|rasanun|verb|un verb|un-usbat|to cover with paint||From Old Mampulan||||||7|2090|||||||||||||
swimming|natanas|natanas|noun|noun|notbat|||From <i>natanun</i> (&quot;to swim&quot;) + <i>-as</i> (&quot;nominalizing suffix&quot;)||||||7|2091|||||||||||||
meeting|anas|anas|noun|noun|notbat|||From <i>arun</i> (&quot;to meet&quot;) + <i>-nas</i> (&quot;nominalizing suffix&quot;)||||||4|2092|||||||||||||
sweet|drang|draq|adjective|g adjective|g-sulaikibat|||From Old Mampulan||||||4|2093|||||||||||||
doctor|īwan|i-wan|noun|noun|notbat|||From Old Mampulan|||||医者|5|2094|||||||||||||
implementation|tailso|tailso|noun|noun|notbat|||From Old Mampulan|||||実行|6|2095|||||||||||||
implement|tailsorun|tailsorun|verb|run verb|run-usbat|||From Old Mampulan|||||実行|9|2096|||||||||||||
contest|tautfroun|tautfroun|noun|noun|notbat|competition||From <i>taut</i> (&quot;&quot;) + <i>froun</i> (&quot;fight&quot;)||||||9|2097|||||||||||||
profile|nullet|nullet|noun|noun|notbat|||nul + let|||||外形|6|2098|||||||||||||
army|wal|wal|noun|noun|notbat|||From Old Mampulan|||||軍|3|2099|||||||||||||
court|dipo|dipo||||||From Old Mampulan||||||4|2100|||||||||||||
cup|kut|kut|noun|noun|notbat|||From Old Mampulan||||||3|2101|||||||||||||
hook|kagan|kagan|noun|noun|notbat|||From Wolf Language||||||5|2102|||||||||||||
bother|derenun|derenun|verb|un verb|un-usbat|to annoy||From Old Mampulan||||||7|2103|||||||||||||
dimension|dupa|dupa|noun|noun|notbat|||From <i></i> (&quot;measurement&quot;) + <i>froun</i> (&quot;&quot;)||||||4|2104|||||||||||||
treat|tuanun|tuanun|verb|un verb|un-usbat|medically treat|||||||治|6|2105|||||||||||||
treat|baldun|baldun|verb|un verb|un-usbat|to treat someone, pay for someone's drink or meal||From Old Mampulan||||handle, deal|奢|6|2106|||||||||||||
treat|freinun|freinun|verb|un verb|un-usbat|to handle, to deal with||From Old Mampulan||||handle, deal||7|2107|||||||||||||
handle|freinun|freinun|verb|un verb|un-usbat|to treat, to deal||From Old Mampulan||||treat (v.), deal (v.)||7|2108|||||||||||||
handle|shena|xena|noun|noun|notbat|||shain hand + harun hold. Reduced from shainha to shaina to shena.||||||4|2109|||||||||||||
vast|gālung|ga-lunq|adjective|ung adjective|uq-sulaikibat|||From Old Mampulan||||||7|2110|||||||||||||
countercurrent|libanagan|libanagan|noun|noun|notbat|||From Old Mampulan|||||逆流|9|2111|||||||||||||
chip|kot|kot|noun|noun|notbat|A small piece broken from a larger piece of solid material||From Old Mampulan||||||3|2112|||||||||||||
chip|cip|cip|noun|noun|notbat|computer chip||From Old Mampulan||||||3|2113|||||||||||||
flame|luhar|luhar|noun|noun|notbat|||||||||5|2114|||||||||||||
spark|lukar|lukar|noun|noun|notbat|||||||||5|2115|||||||||||||
towel|wodan|wodan|noun|noun|notbat|||From Old Mampulan||||||5|2116|||||||||||||
bet|wokanun|wokanun|noun|noun|notbat|||From Old Mampulan||||||7|2117|||||||||||||
breast|wokin|wokin|noun|noun|notbat|||From Old Mampulan||||||5|2118|||||||||||||
bunch|tolin|tolin|noun|noun|notbat|||From Old Mampulan||||||5|2119|||||||||||||
league|wosin|wosin|noun|noun|notbat|||From Old Mampulan||||||5|2120|||||||||||||
dust|wonon|wonon|noun|noun|notbat|||From Old Mampulan||||||5|2121|||||||||||||
pin|kadan|kadan|noun|noun|notbat|||From Old Mampulan||||||5|2122|||||||||||||
habit|woron|woron|noun|noun|notbat|||From Old Mampulan||||||5|2123|||||||||||||
lip|kanra|kanra|noun|noun|notbat|||From Old Mampulan||||||5|2124|||||||||||||
mate|kanrin|kanrin|noun|noun|notbat|||From Old Mampulan||||||6|2125|||||||||||||
nerve|kansa|kansa|noun|noun|notbat|||From Old Mampulan||||||5|2126|||||||||||||
pride|itain|itain|noun|noun|notbat|||From Old Mampulan||||||5|2127|||||||||||||
proud|itaing|itaiq|adjective|g adjective|g-sulaikibat|||From Old Mampulan||||||5|2128|||||||||||||
toe|danjin|danjin|noun|noun|notbat|||From Old Mampulan||||||6|2129|||||||||||||
manner|tandan|tandan|noun|noun|notbat|||From Old Mampulan||||||6|2130|||||||||||||
roof|kanwo|kanwo|noun|noun|notbat|||From Old Mampulan||||||5|2131|||||||||||||
sail|danda|danda|noun|noun|notbat|||From Old Mampulan||||||5|2132|||||||||||||
scheme|dandin|dandin|noun|noun|notbat|||From Old Mampulan||||||6|2133|||||||||||||
excuse|kinla|kinla|noun|noun|notbat|||From Old Mampulan||||||5|2134|||||||||||||
tough|sanring|sanriq|adjective|g adjective|g-sulaikibat|||From Old Mampulan||||||6|2135|||||||||||||
brown|sanronung|sanronuq|adjective|ung adjective|uq-sulaikibat|||From Old Mampulan||||||8|2136|||||||||||||
display|sansan|sansan|noun|noun|notbat|||From Old Mampulan||||||6|2137|||||||||||||
code|tanrin|tanrin|noun|noun|notbat|||From Old Mampulan||||||6|2138|||||||||||||
curve|tanron|tanron|noun|noun|notbat|||From Old Mampulan||||||6|2139|||||||||||||
dress|tansan|tansan|noun|noun|notbat|||From Old Mampulan||||||6|2140|||||||||||||
ease|tansin|tansin|noun|noun|notbat|||From Old Mampulan||||||6|2141|||||||||||||
tip|tanlan|tanlan|noun|noun|notbat|||From Old Mampulan||||||6|2142|||||||||||||
gap|tendin|tendin|noun|noun|notbat|||From Old Mampulan||||||6|2143|||||||||||||
loan|tenlin|tenlin|noun|noun|notbat|||From Old Mampulan||||||6|2144|||||||||||||
mistake|tenlon|tenlon|noun|noun|notbat|||From Old Mampulan||||||6|2145|||||||||||||
package|tenron|tenron|noun|noun|notbat|||From Old Mampulan||||||6|2146|||||||||||||
sand|tentin|tentin|noun|noun|notbat|||From Old Mampulan||||||6|2147|||||||||||||
sentence|tenton|tenton|noun|noun|notbat|||From Old Mampulan||||||6|2148|||||||||||||
string|tenwin|tenwin|noun|noun|notbat|||From Old Mampulan||||||6|2149|||||||||||||
buddy|wolan|wolan|noun|noun|notbat|||From Old Mampulan||||||5|2150|||||||||||||
leather|tobo|tobo|noun|noun|notbat|||From Old Mampulan||||||4|2151|||||||||||||
rip|ipun|ipun|verb|un verb|un-usbat|||From Old Mampulan||||||4|2152|||||||||||||
tour|trer|trer|noun|noun|notbat|||From Old Mampulan||||||4|2153|||||||||||||
mirror|tankan|tankan|noun|noun|notbat|||From Old Mampulan||||||6|2154|||||||||||||
lecture|doto|doto|noun|noun|notbat|||From Old Mampulan||||||4|2155|||||||||||||
parking|tandin|tandin|noun|noun|notbat|||From Old Mampulan||||||6|2156|||||||||||||
respect|tandon|tandon|noun|noun|notbat|||From Old Mampulan||||||6|2157|||||||||||||
status|trend|trend|noun|noun|notbat|||From Old Mampulan||||||5|2158|||||||||||||
stuff|trent|trent|noun|noun|notbat|||From Old Mampulan||||||5|2159|||||||||||||
copy|trek|trek|noun|noun|notbat|||From Old Mampulan||||||4|2160|||||||||||||
quit|makun|makun|verb|un verb|un-usbat|||From Old Mampulan||||||5|2161|||||||||||||
routine|sutin|sutin|noun|noun|notbat|||From Old Mampulan||||||5|2162|||||||||||||
schedule|tankin|tankin|noun|noun|notbat|||From Old Mampulan||||||6|2163|||||||||||||
ruin|togi|togi|noun|noun|notbat|||From Old Mampulan||||||4|2164|||||||||||||
bench|treist|treist|noun|noun|notbat|||From Old Mampulan||||||6|2165|||||||||||||
pause|forun|forun|verb|run verb|run-usbat|||From Old Mampulan||||||5|2166|||||||||||||
phrase|tenson|tenson|noun|noun|notbat|||From Old Mampulan||||||6|2167|||||||||||||
bar|bā|ba-|noun|noun|notbat|||From Old Mampulan||||||3|2168|||||||||||||
stomach|tenwan|tenwan|noun|noun|notbat|||From Old Mampulan||||||6|2169|||||||||||||
blame|kalonun|kalonun|verb|un verb|un-usbat|||From Old Mampulan||||||7|2170|||||||||||||
relief|kiusai|kiusai|noun|noun|notbat|||From Old Mampulan||||||6|2171|||||||||||||
noise|fōrat|fo-rat|noun|noun|notbat|||From <i>fō</i> (&quot;annoying&quot;) + <i>rat</i> (&quot;noise&quot;)|||||騒音|6|2172|||||||||||||
damage|tankon|tankon|noun|noun|notbat|||From Old Mampulan||||||6|2173|||||||||||||
pair|tanlin|tanlin|noun|noun|notbat|||From Old Mampulan||||||6|2174|||||||||||||
savings|tanlon|tanlon|noun|noun|notbat|||From Old Mampulan||||||6|2175|||||||||||||
sugar|tanran|tanran|noun|noun|notbat|||From Old Mampulan||||||6|2176|||||||||||||
author|tanson|tanson|noun|noun|notbat|||From Old Mampulan||||||6|2177|||||||||||||
budget|tendan|tendan|noun|noun|notbat|||From Old Mampulan||||||6|2178|||||||||||||
discount|tendon|tendon|noun|noun|notbat|||From Old Mampulan||||||6|2179|||||||||||||
file|tenkan|tenkan|noun|noun|notbat|||From Old Mampulan||||||6|2180|||||||||||||
lesson|tenkin|tenkin|noun|noun|notbat|||From Old Mampulan||||||6|2181|||||||||||||
officer|tenkon|tenkon|noun|noun|notbat|||From Old Mampulan||||||6|2182|||||||||||||
phase|tenlan|tenlan|noun|noun|notbat|||From Old Mampulan||||||6|2183|||||||||||||
plenty|tensan|tensan|noun|noun|notbat|||From Old Mampulan||||||6|2184|||||||||||||
quarter|tenwon|tenwon|noun|noun|notbat|||From Old Mampulan||||||6|2185|||||||||||||
sort|tenrin|tenrin|noun|noun|notbat|||From Old Mampulan||||||6|2186|||||||||||||
background|karon|karon|noun|noun|notbat|||From Old Mampulan||||||5|2187|||||||||||||
fuel|kasan|kasan|noun|noun|notbat|||From Old Mampulan||||||5|2188|||||||||||||
glove|tenran|tenran|noun|noun|notbat|||From Old Mampulan||||||6|2189|||||||||||||
rest|resun|resun|verb|un verb|un-usbat|||From Old Mampulan||||||5|2190|||||||||||||
coach|wonan|wonan|noun|noun|notbat|||From Old Mampulan||||||5|2191|||||||||||||
rich|sandin|sandin|noun|noun|notbat|||From Old Mampulan||||||6|2192|||||||||||||
rich|sanding|sandiq|adjective|g adjective|g-sulaikibat|||From Old Mampulan||||||6|2193|||||||||||||
clue|kanin|kanin|noun|noun|notbat|||From Old Mampulan||||||5|2194|||||||||||||
spread|sanranun|sanranun|verb|un verb|un-usbat|||From Old Mampulan||||||8|2195|||||||||||||
fix|lamorun|lamorun|verb|run verb|run-usbat|||From Old Mampulan||||||7|2196|||||||||||||
guess|lato|lato|noun|noun|notbat|||From Old Mampulan||||||4|2197|||||||||||||
strip|liko|liko|noun|noun|notbat|||From Old Mampulan||||||4|2198|||||||||||||
dig|yailun|yailun|verb|un verb|un-usbat|||From Old Mampulan||||||6|2199|||||||||||||
partner|tis|tis|noun|noun|notbat|||From Old Mampulan||||||3|2200|||||||||||||
knee|isa|isa|noun|noun|notbat|||From Old Mampulan||||||3|2201|||||||||||||
kiss|chun|cun|noun|noun|notbat|||From Old Mampulan||||||3|2202|||||||||||||
load|toda|toda|noun|noun|notbat|||From Old Mampulan||||||4|2203|||||||||||||
punch|suntun|suntun|verb|un verb|un-usbat|||From Old Mampulan||||||6|2204|||||||||||||
resist|ferun|ferun|verb|run verb|run-usbat|||From Old Mampulan||||||5|2205|||||||||||||
twist|fuit|fuit|noun|noun|notbat|||From Old Mampulan||||||4|2206|||||||||||||
twist|fuitun|fuitun|verb|un verb|un-usbat|||From Old Mampulan||||||6|2207|||||||||||||
rush|lupa|lupa|noun|noun|notbat|||From Old Mampulan||||||4|2208|||||||||||||
dare|tārun|ta-run|verb|run verb|run-usbat|||From Old Mampulan||||||6|2209|||||||||||||
prolong|yenun|yenun|verb|un verb|un-usbat|||From Old Mampulan|||||延|5|2210|||||||||||||
delay|raityen|raityen|noun|noun|notbat|||From Old Mampulan|||||遅延|7|2211|||||||||||||
delay|raityenun|raityenun|verb|un verb|un-usbat|||From Old Mampulan|||||遅延|9|2212|||||||||||||
survey|shoundelu|xoundelu|noun|noun|notbat|||From <i>shounde</i> (&quot;over&quot;) + <i>lurun</i> (&quot;look&quot;)|||||look + over|8|2213|||||||||||||
battle|sutroun|sutroun|noun|noun|notbat|formal||From Old Mampulan|||||small + 戦|7|2214|||||||||||||
evening|kapi|kapi|noun|noun|notbat|||From Old Mampulan|||||晩|4|2215|||||||||||||
holiday|resrau|resrau|noun|noun|notbat|||From Old Mampulan|||||休日|6|2216|||||||||||||
occasion|pud|pud|noun|noun|notbat|||From Old Mampulan|||||際|3|2217|||||||||||||
comment|karan|karan|noun|noun|notbat|||From Old Mampulan||||||5|2218|||||||||||||
arrow|drin|drin|noun|noun|notbat|||From Old Mampulan|||||矢|4|2219|||||||||||||
specification|tokusar|tokusar|noun|noun|notbat|||From <i>toku</i> (&quot;special&quot;) + <i>sar</i> (&quot;determination&quot;)|||||特定|7|2220|||||||||||||
specific|tokusarung|tokusaruq|adjective|ung adjective|uq-sulaikibat|||From <i>tokusar</i> (&quot;specification&quot;)|||||特定|9|2221|||||||||||||
specify|tokusarun|tokusarun|verb|un verb|un-usbat|- To be clear, this word is an un verb||From <i>tokusar</i> (&quot;specification&quot;)|||||特定|9|2222|||||||||||||
bill|lisand|lisand|noun|noun|notbat|a proposal for a new law||From <i>lis</i> (&quot;&quot;) + <i>and</i> (&quot;&quot;)|||||法案|6|2223|||||||||||||
bill|sōjō|so-jo-|noun|noun|notbat|an invoice||From <i>sō</i> (&quot;&quot;) + <i>jō</i> (&quot;&quot;)|||||送状|6|2224|||||||||||||
extension|yenlen|yenlen|noun|noun|notbat|||From <i>yen</i> (&quot;&quot;) + <i>len</i> (&quot;&quot;)|||||延長|6|2225|||||||||||||
grade|gatiun|gatiun|noun|noun|notbat|study level in school||From <i>ga</i> (&quot;&quot;) + <i>tiun</i> (&quot;&quot;)|||||学年|6|2226|||||||||||||
grade|nakfor|nakfor|noun|noun|notbat|mark of accomplishment in school||From <i>nak</i> (&quot;&quot;) + <i>for</i> (&quot;&quot;)|||||成績|6|2227|||||||||||||
grade|taikanasa|taikanasa|noun|noun|notbat|the degree of inclination of a road or slope||From <i>taika</i> (&quot;&quot;) + <i>nasa</i> (&quot;&quot;)|||||傾斜|9|2228|||||||||||||
horror|ogan|ogan|noun|noun|notbat|||From Old Mampulan|||||O.E. ōga|4|2229|||||||||||||
host|shunun|xunun|verb|un verb|un-usbat|||From Old Mampulan||||||5|2230|||||||||||||
host|shunwan|xunwan|noun|noun|notbat|||From <i>shunun</i> (&quot;&quot;) + <i>wan</i> (&quot;&quot;)||||||6|2231|||||||||||||
patient|hayaing|hayaiq|adjective|ng adjective|q-sulaikibat|||From <i>harun</i> (&quot;hold&quot;) + <i>yai</i> (&quot;to bear&quot;)|||||hold + 耐|6|2232|||||||||||||
sight|ber|ber|noun|noun|notbat|a spectacle||From Eagle Language <i>berun</i> (&quot;to see&quot;)||||||3|2233|||||||||||||
tourism|berluras|berluras|noun|noun|notbat|||From <i>ber</i> (&quot;sight&quot;) + <i>lur</i> (&quot;see&quot;) + <i>-as</i> (&quot;nominalizing suffix&quot;)|||||観光|8|2234|||||||||||||
tourist|berlurwan|berlurwan|noun|noun|notbat|||From <i>ber</i> (&quot;sight&quot;) + <i>lur</i> (&quot;see&quot;) + <i>wan</i> (&quot;person&quot;)|||||観光客|9|2235|||||||||||||
reference|patider|patider|noun|noun|notbat|||From <i>pati</i> (&quot;&quot;) + <i>der</i> (&quot;&quot;)|||||参照|7|2236|||||||||||||
vacation|bulbin|bulbin|noun|noun|notbat|||From Fox Language||||||6|2237|||||||||||||
pattern|woton|woton|noun|noun|notbat|||From Old Mampulan||||||5|2238|||||||||||||
golf|golfu|golfu|noun|noun|notbat|||From Human Language <i>golf</i> (&quot;golf&quot;)||||||5|2239|||||||||||||
conference|kaiwin|kaiwin|noun|noun|notbat|||From Old Mampulan|||||会議|6|2240|||||||||||||
pace|istên|iste^n|noun|noun|notbat|||From Bear Language||||||6|2241|||||||||||||
cable|keibel|keibel|noun|noun|notbat|||From Human Language <i>cable</i> (&quot;cable&quot;)||||||6|2242|||||||||||||
salary|manī|mani-|noun|noun|notbat|||From Human Language <i>money</i>||||||5|2243|||||||||||||
panic|fomin|fomin|noun|noun|notbat|||From Old Mampulan||||||5|2244|||||||||||||
reward|fa|fa|noun|noun|notbat|||From Old Mampulan||||||2|2245|||||||||||||
cloud|gumo|gumo|noun|noun|notbat|||From Old Mampulan|||||雲|4|2246|||||||||||||
zone|geb|geb|noun|noun|notbat|||From Old Mampulan||||||3|2247|||||||||||||
slice|inis|inis|noun|noun|notbat|||From Old Mampulan||||||4|2248|||||||||||||
attack|sutun|sutun|verb|un verb|un-usbat|||From Old Mampulan|||||襲|5|2249|||||||||||||
necessary|kailung|kailuq|adjective|ung adjective|uq-sulaikibat|||From Old Mampulan||||||6|2250|||||||||||||
blade|plait|plait|noun|noun|notbat|||From Old Mampulan|||||刃|5|2251|||||||||||||
sword|tud|tud|noun|noun|notbat|||From Old Mampulan||||||3|2252|||||||||||||
parent|bumon|bumon|noun|noun|notbat|||From Old Mampulan||||||5|2253|||||||||||||
diet|mando|mando|noun|noun|notbat|||From Eagle Language <i>mando</i> (&quot;food&quot;)|||||food|5|2254|||||||||||||
jacket|jaket|jaket|noun|noun|notbat|||From Human English||||||5|2255|||||||||||||
closet|shimnon|ximnon|noun|noun|notbat|||From <i>shim</i> (&quot;close&quot;) + <i>non</i> (&quot;room&quot;)|||||closed + room|6|2256|||||||||||||
collar|kanon|kanon|noun|noun|notbat|||From Old Mampulan||||||5|2257|||||||||||||
candy|kendi|kendi|noun|noun|notbat|||From Human English||||||5|2258|||||||||||||
loyalty|loi|loi|noun|noun|notbat|||From Old Mampulan||||||3|2259|||||||||||||
loyal|loing|loiq|adjective|ng adjective|q-sulaikibat|||From Old Mampulan||||||4|2260|||||||||||||
allegiance|loikel|loikel|noun|noun|notbat|||From <i>loi</i> (&quot;loyalty&quot;) + <i>kel</i> (&quot;&quot;)|||||忠誠|6|2261|||||||||||||
anger|nu|nu|noun|noun|notbat|||From Old Mampulan||||||2|2262|||||||||||||
mortgage|pakfran|pakfran|noun|noun|notbat|||From <i>pakun</i> (&quot;to pay&quot;) + <i>fran</i> (&quot;pledge&quot;)|||||pay + pledge|7|2263|||||||||||||
illusion|keist|keist|noun|noun|notbat|||From Old Mampulan|||||幻|5|2264|||||||||||||
headache|horara|horara|noun|noun|notbat|||From <i>pakun</i> (&quot;to pay&quot;) + <i>fran</i> (&quot;pledge&quot;)|||||頭痛|6|2265|||||||||||||
aside|sorde|sorde|adverb|adverb|qanusbat|||From <i>sor</i> (&quot;side&quot;) + <i>de</i> (&quot;to&quot;)||||||5|2266|||||||||||||
draft|fūst|fu-st|noun|noun|notbat|wind. Aka draught||From Old Mampulan||||draught||5|2267|||||||||||||
draught|fūst|fu-st|noun|noun|notbat|wind. Aka draft||From Old Mampulan||||draft||5|2268|||||||||||||
experienced|foundesung|foundesuq|adjective|ng adjective|q-sulaikibat|||From <i>foundesunas</i> (&quot;experience&quot;)||||||9|2269|||||||||||||
expert|foundesuwan|foundesuwan|noun|noun|notbat|||From <i>foundesung</i> (&quot;experienced&quot;) + <i>wan</i> (&quot;person&quot;)||||||11|2270|||||||||||||
amateur|treiwan|treiwan|noun|noun|notbat|||From <i>treing</i> (&quot;simple&quot;) + <i>wan</i> (&quot;person&quot;)||||||7|2271|||||||||||||
invitation|imba|imba|noun|noun|notbat|||From Old Mampulan||||||4|2272|||||||||||||
invite|imbarun|imbarun|verb|run verb|run-usbat|||From Old Mampulan||||||7|2273|||||||||||||
camp|saran|saran|noun|noun|notbat|||From Old Mampulan|||||父|5|2274|||||||||||||
pool|pūl|pu-l|noun|noun|notbat|||From Old Mampulan||||||4|2275|||||||||||||
bore|anuirun|anuirun|verb|run verb|run-usbat|not interesting||From Eagle Language|||||French annui|7|2276|||||||||||||
boring|anuing|anuiq|adjective|ng adjective|q-sulaikibat|not interesting||From Eagle Language|||||French annui|5|2277|||||||||||||
bored|anuirang|anuiraq|adjective|ng adjective|q-sulaikibat|not interesting||From <i>anuing</i> (&quot;bore&quot;)|||||French annui|7|2278|||||||||||||
landscape|lansil|lansil|noun|noun|notbat|||From <i>land</i> (&quot;land&quot;) + <i>view</i> (&quot;view&quot;)||||||6|2279|||||||||||||
hunt|shastun|xastun|verb|un verb|un-usbat|||From Old Mampulan|||||狩|6|2280|||||||||||||
hunter|shastwan|xastwan|noun|noun|notbat|||From <i>land</i> (&quot;land&quot;) + <i>view</i> (&quot;view&quot;)|||||狩|7|2281|||||||||||||
bake|urnun|urnun|verb|un verb|un-usbat|||From Old Mampulan||||||5|2282|||||||||||||
potential|sanuyanas|sannas|noun|noun|notbat|||<i>sanu yarun</i> (&quot;can do&quot;) + <i>-nas</i> (&quot;nominalizing suffix&quot;)||||||6|2283|||||||||||||
country|saban|saban|noun|noun|notbat|||From Old Mampulan||||||5|2284|||||||||||||
nation|saban|saban|noun|noun|notbat|||From Old Mampulan||||||5|2285|||||||||||||
national|sabang|sabaq|adjective|g adjective|g-sulaikibat|||From Old Mampulan||||||5|2286|||||||||||||
drive|trosun|trosun|verb|un verb|un-usbat|||From Old Mampulan||||||6|2287|||||||||||||
driver|troswan|troswan|noun|noun|notbat|||From <i>trosun</i> (&quot;drive&quot;) + <i>wan</i> (&quot;person&quot;)||||||7|2288|||||||||||||
native|fosong|fosoq|adjective|g adjective|g-sulaikibat|||||||||5|2289|||||||||||||
fry|irsun|irsun|verb|un verb|un-usbat||||||||Old English hierstan|5|2290|||||||||||||
deep-fry|dīirsun|di-irsun|verb|un verb|un-usbat|||From <i>dīng</i> (&quot;deep&quot;) + <i>irsun</i> (&quot;fry&quot;)||||||8|2291|||||||||||||
fried chicken|irsang tikasa|irsaq tikasa|noun|noun|notbat|||From <i>irsang</i> (&quot;fried&quot;) + <i>tikasa</i> (&quot;chicken&quot;)||||||12|2292|||||||||||||
piccolo|pîkolo|pi^kolo|noun|noun|notbat|musical instrument||From Human English Language <i>guitar</i>||||||7|2293|||||||||||||
flute|flot|flot|noun|noun|notbat|musical instrument||From Human English Language <i>guitar</i>||||||4|2294|||||||||||||
oboe|ouboi|ouboi|noun|noun|notbat|musical instrument||From Human English Language <i>guitar</i>||||||5|2295|||||||||||||
clarinet|klârinet|kla^rinet|noun|noun|notbat|musical instrument||From Human English Language <i>guitar</i>||||||9|2296|||||||||||||
saxophone|sâksofoun|sa^ksofoun|noun|noun|notbat|musical instrument||From Human English Language <i>guitar</i>||||||10|2297|||||||||||||
bassoon|fagotto|fagotto|noun|noun|notbat|musical instrument||From Human English Language <i>guitar</i>||||||7|2298|||||||||||||
accordion|akordiyon|akordiyon|noun|noun|notbat|musical instrument||From Human English Language <i>accordion</i>||||||9|2299|||||||||||||
horn|horno|horno|noun|noun|notbat|musical instrument||From Human English Language <i>guitar</i>||||||5|2300|||||||||||||
cornet|kornêt|korne^t|noun|noun|notbat|musical instrument||From Human English Language <i>guitar</i>||||||7|2301|||||||||||||
trumpet|trumpet|trumpet|noun|noun|notbat|musical instrument||From Human English Language <i>guitar</i>||||||7|2302|||||||||||||
trombone|tromboun|tromboun|noun|noun|notbat|musical instrument||From Human English Language <i>guitar</i>||||||8|2303|||||||||||||
tuba|tūba|tu-ba|noun|noun|notbat|musical instrument||From Human English Language <i>guitar</i>||||||5|2304|||||||||||||
timpani|tîmpani|ti^mpani|noun|noun|notbat|musical instrument||From Human English Language <i>guitar</i>||||||8|2305|||||||||||||
glockenspiel|glokenshupīl|glokenxupi-l|noun|noun|notbat|musical instrument||From Human English Language <i>guitar</i>||||||12|2306|||||||||||||
xylophone|zailofoun|zailofoun|noun|noun|notbat|musical instrument||From Human English Language <i>guitar</i>||||||9|2307|||||||||||||
vibraphone|bâibrafoun|ba^ibrafoun|noun|noun|notbat|musical instrument||From Human English Language <i>guitar</i>||||||11|2308|||||||||||||
marimba|marimba|marimba|noun|noun|notbat|musical instrument||From Human English Language <i>guitar</i>||||||7|2309|||||||||||||
drum|dram|dram|noun|noun|notbat|musical instrument||From Human English Language <i>guitar</i>||||||4|2310|||||||||||||
cymbal|simbal|simbal|noun|noun|notbat|musical instrument||From Human English Language <i>guitar</i>||||||6|2311|||||||||||||
triangle|traiyanggol|traiyaqgol|noun|noun|notbat|musical instrument||From Human English Language <i>guitar</i>||||||10|2312|||||||||||||
clave|klabe|klabe|noun|noun|notbat|musical instrument||From Human English Language <i>guitar</i>||||||5|2313|||||||||||||
tambourine|tâmborin|ta^mborin|noun|noun|notbat|musical instrument||From Human English Language <i>guitar</i>||||||9|2314|||||||||||||
piano|piyano|piyano|noun|noun|notbat|musical instrument||From Human Language <i>piano</i>||||||6|2315|||||||||||||
organ|organ|organ|noun|noun|notbat|musical instrument||From Human English Language <i>guitar</i>||||||5|2316|||||||||||||
guitar|gitâr|gita^r|noun|noun|notbat|musical instrument||From Human English Language <i>guitar</i>||||||6|2317|||||||||||||
bass|bas|bas|noun|noun|notbat|musical instrument||From Human English Language <i>guitar</i>||||||3|2318|||||||||||||
violin|biolin|biolin|noun|noun|notbat|musical instrument||From Human English Language <i>guitar</i>||||||6|2319|||||||||||||
viola|biola|biola|noun|noun|notbat|musical instrument||From Human English Language <i>guitar</i>||||||5|2320|||||||||||||
cello|chelo|celo|noun|noun|notbat|musical instrument||From Human English Language <i>guitar</i>||||||4|2321|||||||||||||
violoncello|biolonchelo|bioloncelo|noun|noun|notbat|musical instrument||From Human English Language <i>guitar</i>||||||10|2322|||||||||||||
contrabass|kontrabas|kontrabas|noun|noun|notbat|musical instrument||From Human English Language <i>guitar</i>||||||9|2323|||||||||||||
double bass|kontrabas|kontrabas|noun|noun|notbat|musical instrument||From Human English Language <i>guitar</i>||||||9|2324|||||||||||||
null|nong|noq|adjective|ng adjective|q-sulaikibat|||From Old Mampulan||||||3|2325|||||||||||||
busy|ging|giq|adjective|ng adjective|q-sulaikibat|||From Old Mampulan||||||3|2326|||||||||||||
nice|lang|laq|adjective|ng adjective|q-sulaikibat|||From Old Mampulan||||||3|2327|||||||||||||
loud|mang|maq|adjective|ng adjective|q-sulaikibat|||From Old Mampulan||||||3|2328|||||||||||||
full|mung|muq|adjective|ng adjective|q-sulaikibat|||From Old Mampulan||||||3|2329|||||||||||||
ugly|zong|zoq|adjective|ng adjective|q-sulaikibat|||From Old Mampulan||||||3|2330|||||||||||||
first|aping|apiq|adjective|ng adjective|q-sulaikibat|||ap + i||||||4|2331|||||||||||||
initial|kanaping|kanapiq|adjective|ng adjective|q-sulaikibat|||From <i>kan</i> (&quot;location marker&quot;) + first||||||7|2332|||||||||||||
last|apartung|apartuq|adjective|ung adjective|uq-sulaikibat|||ap + art. Similar to how ordinal numbers are formed||||||7|2333|||||||||||||
final|kanapartung|kanapartuq|adjective|un verb|un-usbat|||From <i>kan</i> (&quot;location marker&quot;) + last||||||10|2334|||||||||||||
lake|wala|wala|noun|noun|notbat|||From Old Mampulan||||||4|2335|||||||||||||
den|desun|desun|noun|noun|notbat|||From Old Mampulan||||||5|2336|||||||||||||
majority|da'onas|da'onas|noun|noun|notbat|||From dang + onas||||||7|2337|||||||||||||
major|da'onasung|da'onasuq|adjective|ung adjective|uq-sulaikibat|||From dang + onas||||||9|2338|||||||||||||
minority|su'onas|su'onas|noun|noun|notbat|||From sung + onas||||||7|2339|||||||||||||
minor|su'onasung|su'onasuq|adjective|ung adjective|uq-sulaikibat|||From sung + onas||||||9|2340|||||||||||||
volume|ratsel|ratsel|noun|noun|notbat|sound volume||From <i>rat</i> (&quot;sound&quot;) + <i>sel</i> (&quot;amount&quot;)|||||音量|6|2341|||||||||||||
candle|fandan|fandan|noun|noun|notbat|||From Old Mampulan||||||6|2342|||||||||||||
clerk|klerk|klerk|noun|noun|notbat|||From Human Language <i>clerk</i> (&quot;clerk&quot;) ||||||5|2343|||||||||||||
concert|konsert|konsert|noun|noun|notbat|||From Human Language <i>concert</i> (&quot;concert&quot;) ||||||7|2344|||||||||||||
annual|tiung|tiuq|adjective|g adjective|g-sulaikibat|||From Old Mampulan|||||年|4|2345|||||||||||||
surprise|gake|gake|noun|noun|notbat|||From Old Mampulan|||||驚|4|2346|||||||||||||
sandwich|sanwich|sanwic|noun|noun|notbat|||From Human Language <i>sandwich</i> (&quot;sanwich&quot;) ||||||6|2347|||||||||||||
transition|lankasonin|lankasonin|noun|noun|notbat|||From Old Mampulan|||||遷移|10|2348|||||||||||||
weekend|satart|satart|noun|noun|notbat|||From <i>sat</i> (&quot;week&quot;) + <i>art</i> (&quot;end&quot;)||||||6|2349|||||||||||||
harm|launun|launun|verb|un verb|un-usbat|||From injury||||||6|2350|||||||||||||
joke|ti|ti|noun|noun|notbat|||From Old Mampulan||||||2|2351|||||||||||||
passage|tūroun|tu-roun|noun|noun|notbat|||From <i>tū</i> (&quot;to pass though&quot;) + <i>roun</i> (&quot;road&quot;)|||||通路|7|2352|||||||||||||
spray|pusun|pusun|verb|un verb|un-usbat|||From Old Mampulan||||||5|2353|||||||||||||
trash|basôr|baso^r|noun|noun|notbat|||From Old Mampulan||||garbage||6|2354|||||||||||||
bend|manirun|manirun|verb|run verb|run-usbat|||From Old Mampulan||||||7|2355|||||||||||||
hurt|ararun|ararun|verb|run verb|run-usbat|||From Old Mampulan|||||痛|6|2356|||||||||||||
hurt|ararang|araraq|adjective|ng adjective|q-sulaikibat|||From Old Mampulan|||||痛|6|2357|||||||||||||
illegal|anlisung|anlisuq|adjective|ung adjective|uq-sulaikibat|||From <i>an-</i> (&quot;not&quot;) + <i>lisung</i> (&quot;legal&quot;)|||||違法|7|2358|||||||||||||
scratch|kratun|kratun|verb|un verb|un-usbat|||From Old Mampulan|||||掻|6|2359|||||||||||||
hide|jisun|jisun|verb|un verb|un-usbat|||From Old Mampulan|||||隠|5|2360|||||||||||||
rural|luranhirung|luranhiruq|adjective|ung adjective|uq-sulaikibat|||From <i>luran</i> (&quot;countryside&quot;) + <i>-hir</i> (&quot;-like&quot;)|||||郷|10|2361|||||||||||||
urban|mithirung|mithiruq|adjective|ung adjective|uq-sulaikibat|||From <i>mit</i> (&quot;city&quot;) + <i>-hir</i> (&quot;-like&quot;)||||||8|2362|||||||||||||
urbanization|mithirchen|mithircen|noun|noun|notbat|||From <i>mithirung</i> (&quot;urban&quot;) + <i>chen</i> (&quot;-ization&quot;)||||||9|2363|||||||||||||
urbanize|mithirchenun|mithircenun|verb|un verb|un-usbat|||From <i>mithirchen</i> (&quot;urbanization&quot;)||||||11|2364|||||||||||||
duct|kondui|kondui|noun|noun|notbat||||||||onduit|6|2365|||||||||||||
still|ge|ge|adverb|special adverb|qanusbat|||Probably from grain meaning continue||||||2|2366|||||||||||||
per|lut|lut|preposition|postposition|pusobat|||||||||3|2367|||||||||||||
percent|luch|luc|noun|noun|notbat|||From <i>lut</i> (&quot;each&quot;) + <i>che</i> (&quot;hundred&quot;). Simplified over time.||||||3|2368|||||||||||||
vital|bitung|bituq|adjective|ung adjective|uq-sulaikibat|||||||||5|2369|||||||||||||
revitalization|saibitchen|saibitcen|noun|noun|notbat|||From <i>sai-</i> (&quot;re-&quot;) + <i>bitung</i> (&quot;vital&quot;) + <i>chen</i> (&quot;-ization&quot;)||||||9|2370|||||||||||||
revitalize|saibitchenun|saibitcenun|verb|un verb|un-usbat|||From <i>saibitchen</i> (&quot;revitalization&quot;)||||||11|2371|||||||||||||
pound|pūmun|pu-mun|verb|un verb|un-usbat|||From Old Mampulan||||||6|2372|||||||||||||
tank|trounbrun|trounbrun|noun|noun|notbat|armored fighting vehicle||troun + brun|||||戦車|9|2373|||||||||||||
bike|dugulon|dugulon|noun|noun|notbat|||two + wheel||||||7|2374|||||||||||||
bicycle|dugulon|dugulon|noun|noun|notbat|||two + wheel||||||7|2375|||||||||||||
monitor|lurdunwan|lurdunwan|noun|noun|notbat|||lurdunun + wan||||||9|2376|||||||||||||
monitor|lurdunki|lurdunki|noun|noun|notbat|||lurdunun + ki||||||8|2377|||||||||||||
nurse|duinprowan|duinprowan|noun|noun|notbat|||From <i>duin</i> (&quot;&quot;) + <i>pro</i> (&quot;protect&quot;) + <i>wan</i> (&quot;person&quot;)|||||看護|10|2378|||||||||||||
collection|ged|ged|noun|noun|notbat|||From Old Mampulan||||||3|2379|||||||||||||
collect|gedun|gedun|verb|un verb|un-usbat|||From Old Mampulan||||||5|2380|||||||||||||
clock|founmas|founmas|noun|noun|notbat|||From Old Mampulan|||||時計|7|2381|||||||||||||
commerce|kiya|kiya|noun|noun|notbat||||||||商業|4|2382|||||||||||||
commercial|kiyang|kiyaq|adjective|ng adjective|q-sulaikibat|||From Old Mampulan||||||5|2383|||||||||||||
prize|dangal|daqal|noun|noun|notbat|||From Old Mampulan||||||5|2384|||||||||||||
gas|titai|titai|noun|noun|notbat||||||||気体|5|2385|||||||||||||
award|dangal|daqal|noun|noun|notbat|||From Old Mampulan||||||5|2386|||||||||||||
fault|ked|ked|noun|noun|notbat|||Probably from <i>ket</i> (&quot;lack&quot;). From lack of preparation.||||||3|2387|||||||||||||
chaos|miktoun|miktoun|noun|noun|notbat|||mik + toun|||||混乱|7|2388|||||||||||||
plane|palamen|palamen|noun|noun|notbat|||pala + men|||||平面|7|2389|||||||||||||
shock|chonggek|coqgek|noun|noun|notbat|||chong + gek|||||衝撃|6|2390|||||||||||||
spite|aspain|aspain|noun|noun|notbat|||From Old Mampulan||||||6|2391|||||||||||||
tune|tūn|tu-n|noun|noun|notbat|||From Human Language <i>tune</i> (&quot;tune&quot;).||||||4|2392|||||||||||||
champion|kando|kando|noun|noun|notbat|||From Old Mampulan||||||5|2393|||||||||||||
channel|kanja|kanja|noun|noun|notbat|||From Old Mampulan||||||5|2394|||||||||||||
crack|kanjon|kanjon|noun|noun|notbat|||From Old Mampulan||||||6|2395|||||||||||||
alarm|foso|foso|noun|noun|notbat|||From Old Mampulan|||||警報|4|2396|||||||||||||
bicycle|foya|foya|noun|noun|notbat|||From Old Mampulan||||||4|2397|||||||||||||
blind|fuba|fuba|noun|noun|notbat|||From Old Mampulan||||||4|2398|||||||||||||
counter|fugi|fugi|noun|noun|notbat|||From Old Mampulan||||||4|2399|||||||||||||
grandfather|iba|iba|noun|noun|notbat|||From Old Mampulan||||||3|2400|||||||||||||
skirt|ina|ina|noun|noun|notbat|||From Old Mampulan||||||3|2401|||||||||||||
stroke|ipi|ipi|noun|noun|notbat|||From Old Mampulan||||||3|2402|||||||||||||
bid|iso|iso|noun|noun|notbat|||From Old Mampulan||||||3|2403|||||||||||||
boot|ita|ita|noun|noun|notbat|||From Old Mampulan||||||3|2404|||||||||||||
bug|pau|pau|noun|noun|notbat|insect||From Old Mampulan||||||3|2405|||||||||||||
bug|bag|bag|noun|noun|notbat|computer bug||From Human Language <i>bug</i> (&quot;bug&quot;).||||||3|2406|||||||||||||
beyond|yude|yude|preposition|postposition|pusobat|||From Old Mampulan||||||4|2407|||||||||||||
ticket|tiket|tiket|noun|noun|notbat|||From Human Language <i>ticket</i> (&quot;tiket&quot;).||||||5|2408|||||||||||||
fury|murton|murton|noun|noun|notbat|||From Old Mampulan||||||6|2409|||||||||||||
project|tren|tren|noun|noun|notbat|||From Old Mampulan||||||4|2410|||||||||||||
essay|trest|trest|noun|noun|notbat|||From Old Mampulan||||||5|2411|||||||||||||
remove|blipun|blipun|verb|un verb|un-usbat|||From Old Mampulan|||||Tanggal|6|2412|||||||||||||
worth|ent|ent|noun|noun|notbat|||From Old Mampulan||||||3|2413|||||||||||||
drag|lata|lata|noun|noun|notbat|||From Old Mampulan||||||4|2414|||||||||||||
raw|gorung|goruq|adjective|ng adjective|q-sulaikibat|||From Old Mampulan||||||5|2415|||||||||||||
soft|lamung|lamuq|adjective|ung adjective|uq-sulaikibat|||From Old Mampulan||||||5|2416|||||||||||||
solid|kontai|kontai|noun|noun|notbat|||From Old Mampulan|||||固体|6|2417|||||||||||||
ring|loun|loun|noun|noun|notbat|||From Old Mampulan||||||4|2418|||||||||||||
script|sulsho|sulxo|noun|noun|notbat|||From Old Mampulan|||||write + 書|5|2419|||||||||||||
common|tanang|tanaq|adjective|ng adjective|q-sulaikibat|||From Old Mampulan|||||共|5|2420|||||||||||||
civil war|loptroun|loptroun|noun|noun|notbat|||lop + troun|||||内戦|8|2421|||||||||||||
carpet|karpita|karpita|noun|noun|notbat|||From Human Medieval Latin Language <i>carpita</i> (&quot;carpet&quot;).||||||7|2422|||||||||||||
happening|apas|apas|noun|noun|notbat|||From <i>apun</i> (&quot;to happen&quot;) + <i>-as</i> (&quot;nominalizing suffix&quot;)||||||4|2423|||||||||||||
mushroom|masen|masen|noun|noun|notbat|||From Old Mampulan||||||5|2424|||||||||||||
incident|kanla|kanla|noun|noun|notbat|||From Old Mampulan|||||happen|5|2425|||||||||||||
jury|kanlo|kanlo|noun|noun|notbat|||From Old Mampulan||||||5|2426|||||||||||||
motor|motor|motor|noun|noun|notbat|||From Old Mampulan||||||5|2427|||||||||||||
resident|sumwan|sumwan|noun|noun|notbat|||From <i>sumun</i> (&quot;to live in a place&quot;) + <i>wan</i> (&quot;person&quot;)|||||住民|6|2428|||||||||||||
grand|bang|baq|adjective|ng adjective|q-sulaikibat|||From Old Mampulan||||||3|2429|||||||||||||
depend|ralairun|ralairun|verb|run verb|run-usbat|||From Old Mampulan||||||8|2430|||||||||||||
dependent|ralaing|ralaiq|adjective|ng adjective|q-sulaikibat|||From Old Mampulan|||||rely|6|2431|||||||||||||
independent|anralaing|anralaiq|adjective|ng adjective|q-sulaikibat|||From <i>an-</i> (&quot;not&quot;) + <i>ralaing</i> (&quot;depedent&quot;)||||||8|2432|||||||||||||
dependence|ralainas|ralainas|noun|noun|notbat|||From <i>ralaing</i> (&quot;dependent&quot;) + <i>-nas</i> (&quot;nominalizing suffix&quot;)||||||8|2433|||||||||||||
independence|anralainas|anralainas|noun|noun|notbat|||From <i>anralaing</i> (&quot;independent&quot;) + <i>-nas</i> (&quot;nominalizing suffix&quot;)||||||10|2434|||||||||||||
glad|joyung|joyuq|adjective|ung adjective|uq-sulaikibat|||From Old Mampulan||||||5|2435|||||||||||||
due|kelung|keluq|adjective|ung adjective|uq-sulaikibat|||Possibly with kailun||||||5|2436|||||||||||||
truck|trak|trak|noun|noun|notbat|||From Human English Language <i>truck</i>||||||4|2437|||||||||||||
suck|sikun|sikun|verb|un verb|un-usbat|||From Old Mampulan||||||5|2438|||||||||||||
resort|kanwa|kanwa|noun|noun|notbat|||From Old Mampulan||||||5|2439|||||||||||||
sock|danta|danta|noun|noun|notbat|||From Old Mampulan||||||5|2440|||||||||||||
evidence|zain|zain|noun|noun|notbat|||||||||4|2441|||||||||||||
witness|zainwan|zainwan|noun|noun|notbat|||From <i>zain</i> (&quot;evidence&quot;) + <i>wan</i> (&quot;person&quot;)|||||証人|7|2442|||||||||||||
sunlight|rauliu|rauliu|noun|noun|notbat|||From <i>rau</i> (&quot;sun&quot;) + <i>liu</i> (&quot;light&quot;)|||||日光|6|2443|||||||||||||
physical|taing|taiq|adjective|ng adjective|q-sulaikibat|||From Old Mampulan||||||4|2444|||||||||||||
physically|tainak|tainak|adverb|adverb|qanusbat|||From Old Mampulan||||||6|2445|||||||||||||
able|sang|saq|verb|||||From Old Mampulan||||||3|2446|||||||||||||
capable|sanyang|sanyaq|adjective|ng adjective|q-sulaikibat|||From Old Mampulan||||||6|2447|||||||||||||
incapable|ansanyang|ansanyaq|adjective|ng adjective|q-sulaikibat|||From <i>an-</i> (&quot;not&quot;) + <i>lsanyang</i> (&quot;capable&quot;)||||||8|2448|||||||||||||
equal|ekiung|ekiuq|adjective|ng adjective|q-sulaikibat|||From Old Mampulan||||||5|2449|||||||||||||
equality|ekiunas|eikunas|noun|noun|notbat|||From <i>ekiung</i> (&quot;equal&quot;) + <i>-nas</i> (&quot;nominalizing suffix&quot;)||||||7|2450|||||||||||||
direction|prit|prit|noun|noun|notbat|||From Old Mampulan||||||4|2451|||||||||||||
great|gandong|gandoq|adjective|ng adjective|q-sulaikibat|||From Old Mampulan||||||6|2452|||||||||||||
personal|wang|waq|adjective|g adjective|g-sulaikibat|||From Old Mampulan||||||3|2453|||||||||||||
command|sunou|sunou|noun|noun|notbat|||From Old Mampulan|||||命令|5|2454|||||||||||||
command|sunourun|sunourun|verb|run verb|run-usbat|||From Old Mampulan||||||8|2455|||||||||||||
hang|hatourun|hatourun|noun|noun|notbat|||From Old Mampulan||||||8|2456|||||||||||||
cost|tainun|tainun|verb|un verb|un-usbat|||From Old Mampulan||||||6|2457|||||||||||||
exact|teininong|teininoq|adjective|ng adjective|q-sulaikibat|||tein + ino|||||正確|8|2458|||||||||||||
might|torgon|torgon|noun|noun|notbat|the power, authority, or resources wielded||From Old Mampulan||||||6|2459|||||||||||||
mighty|torgong|torgoq|adjective|g adjective|g-sulaikibat|the power, authority, or resources wielded||||||||6|2460|||||||||||||
single|fing|fiq|adjective|ng adjective|q-sulaikibat|||From Old Mampulan||||||3|2461|||||||||||||
particular|teininofing|teininofiq|adjective|ng adjective|q-sulaikibat|||exact + single||||||10|2462|||||||||||||
natural|jaiteng|jaiteq|adjective|g adjective|g-sulaikibat|||self + to be||||||6|2463|||||||||||||
check|surirun|surirun|verb|run verb|run-usbat|||From Old Mampulan||||||7|2464|||||||||||||
item|buin|buin|noun|noun|notbat|||From Old Mampulan||||||4|2465|||||||||||||
individual|buinwan|kowan|noun|noun|notbat|||buin + wan|||||個人|5|2466|||||||||||||
guard|danwo|danwo||||||From Old Mampulan||||||5|2467|||||||||||||
international|kindi|kindi||||||From Old Mampulan|||||国際|5|2468|||||||||||||
cook|isun|isun|verb|un verb|un-usbat|||From Old Mampulan||||||4|2469|||||||||||||
northern part|hilabon|hilabon|noun|noun|notbat||||||||北部|7|2470|||||||||||||
southern part|timobon|timobon|noun|noun|notbat||||||||南部|7|2471|||||||||||||
western part|rasobon|rasobon|noun|noun|notbat||||||||西部|7|2472|||||||||||||
eastern part|kalabon|kalabon|noun|noun|notbat||| |||||東部|7|2473|||||||||||||
audit|obdel|obdel|noun|noun|notbat|||From ob + del|||||監査|5|2474|||||||||||||
macaron|makaron|makaron|noun|noun|notbat|||From Human language macaron||||||7|2475|||||||||||||
official|einreg|einreg|noun|noun|notbat|||ein+reg|||||公+source|6|2476|||||||||||||
golden|gong|goq|adjective|g adjective|g-sulaikibat|||gon||||||3|2477|||||||||||||
myself|sair|sair|pronoun|pronoun|sunotbat|||From Old Mampulan||||||4|2478|||||||||||||
yourself|sair|sair|pronoun|pronoun|sunotbat|||From Old Mampulan||||||4|2479|||||||||||||
himself|sair|sair|pronoun|pronoun|sunotbat|||From Old Mampulan||||||4|2480|||||||||||||
herself|sair|sair|pronoun|pronoun|sunotbat|||From Old Mampulan||||||4|2481|||||||||||||
itself|sair|sair|pronoun|pronoun|sunotbat|||From Old Mampulan||||||4|2482|||||||||||||
themselves|sair|sair|pronoun|pronoun|sunotbat|||From Old Mampulan||||||4|2483|||||||||||||
themselves|sair|sair|pronoun|pronoun|sunotbat|||From Old Mampulan||||||4|2484|||||||||||||
ourselves|sair|sair|pronoun|pronoun|sunotbat|||From Old Mampulan||||||4|2485|||||||||||||
oneself|sair|sair|pronoun|pronoun|sunotbat|||From Old Mampulan||||||4|2486|||||||||||||
thread|ita|ita|noun|noun|notbat|||From Old Mampulan||||||3|2487|||||||||||||
needle|kau|kau|noun|noun|notbat|||From Old Mampulan||||||3|2488|||||||||||||
jam|jam|jam|noun|noun|notbat|(food)||From Old Mampulan||||||3|2489|||||||||||||
doe|malain|lamain|noun|noun|notbat|||From Old Mampulan||||||6|2490|||||||||||||
ferocious|mōng|mo-q|adjective|ng adjective|q-sulaikibat|||From Old Mampulan|||||猛|4|2491|||||||||||||
first of all|bini|bini|adverb|adverb|qanusbat|||From Old Mampulan|||||front + one|4|2492|||||||||||||
wrath|ir|ir|noun|noun|notbat|||From Old Mampulan|||||ire (latin)|2|2493|||||||||||||
female|mar|mar|noun|noun|notbat|||From Old Mampulan|||||女|3|2494|||||||||||||
refuse|lonun|lonun|verb|un verb|un-usbat|||From Old Mampulan||||||5|2495|||||||||||||
progress|grainso|grainso|noun|noun|notbat|||From Old Mampulan|||||進行|7|2496|||||||||||||
purple|making|makiq|adjective|ng adjective|q-sulaikibat|||From Old Mampulan|||||murasaki|5|2497|||||||||||||
surround|krasun|krasun|verb|un verb|un-usbat|||From Old Mampulan||||||6|2498|||||||||||||
shine|nounun|nounun|verb|un verb|un-usbat|||From Old Mampulan||||||6|2499|||||||||||||
affect|ostun|ostun|verb|un verb|un-usbat|||From <i>ost</i> (&quot;effect&quot;)||||||5|2500|||||||||||||
supervisor|shoundeluwan|xoundeluwan|noun|noun|notbat||||||||over seer|11|2501|||||||||||||
payment|pakas|pakas|noun|noun|notbat|||pak +  <i>-as</i> (&quot;nominalizing suffix&quot;)||||||5|2502|||||||||||||
pension|tiunpakas|tiunpakas|noun|noun|notbat|||From Old Mampulan|||||year + payment|9|2503|||||||||||||
roll|tianun|tianun|verb|un verb|un-usbat|||From Old Mampulan||||||6|2504|||||||||||||
mention|widsab|widsab|noun|noun|notbat|||wide + sab|||||言及|6|2505|||||||||||||
mention|widsabun|widsabun|verb|un verb|un-usbat|||wide + sab|||||言及|8|2506|||||||||||||
brief|bung|buq|adjective|g adjective|g-sulaikibat|||From Old Mampulan||||||3|2507|||||||||||||
release|hosun|hosun|verb|un verb|un-usbat|||From Old Mampulan||||||5|2508|||||||||||||
brave|alnanung|alnanuq|adjective|ung adjective|uq-sulaikibat|||From Old Mampulan|||||勇|7|2509|||||||||||||
whole|latung|latuq|adjective|ung adjective|uq-sulaikibat|||From Old Mampulan|||||全|5|2510|||||||||||||
charge|pesun|pesun|verb|un verb|un-usbat|to charge into someone||From Old Mampulan||||||5|2511|||||||||||||
tap|tipun|tipun|verb|un verb|un-usbat|to strike lightly||From Old Mampulan||||||5|2512|||||||||||||
rise|laran|laran|noun|noun|notbat|||From Old Mampulan||||||5|2513|||||||||||||
impress|ditdesetun|ditdesetun|verb|un verb|un-usbat|||From <i>ditdeset</i> (&quot;impression&quot;)||||||10|2514|||||||||||||
dead|mordonang|mordonaq|adjective|ng adjective|q-sulaikibat|||From <i>mord</i> (&quot;impression&quot;)||||||8|2515|||||||||||||
stripe|mada|mada|noun|noun|notbat|||From Old Mampulan|||||縞|4|2516|||||||||||||
bamboo|kawa|kawa|noun|noun|notbat|||From Old Mampulan|||||竹|4|2517|||||||||||||
early|sedung|seduq|adjective|ng adjective|q-sulaikibat|||From Old Mampulan. Similar to <i>situng</i> (&quot;fast&quot;)||||||5|2518|||||||||||||
late|raitung|raituq|adjective|ung adjective|uq-sulaikibat|||From Old Mampulan||||||6|2519|||||||||||||
maybe|bit|bit|adverb|adverb|qanusbat|||From Old Mampulan||Maybe I will go today.|Ko'n nga sori bit.|||3|2520|||||||||||||
primary|isaserung|isaseruq|adjective|ung adjective|uq-sulaikibat|||From Eagle Mampulan <i>isaser</i>||||||8|2521|||||||||||||
weapon|watki|watki|noun|noun|notbat|||From <i>wat</i> (&quot;&quot;) + <i>ki</i> (&quot;&quot;)|||||武器|5|2522|||||||||||||
soul|ibain|ibain|noun|noun|notbat|||Possibly from pain (heart)||||||5|2523|||||||||||||
nasty|husing|husiq|adjective|ng adjective|q-sulaikibat|||From hus (&quot;fire&quot;) in “harsh, destructive” sense||||||5|2524|||||||||||||
ordinary|joung|jouq|adjective|ng adjective|q-sulaikibat|||From Old Mampulan|||||jou|4|2525|||||||||||||
respond|delusun|delusun|verb|un verb|un-usbat|||delusun (answer to)||||||7|2526|||||||||||||
spiritual|ibaing|ibaiq|adjective|g adjective|g-sulaikibat|||From ibain||||||5|2527|||||||||||||
adult|grawan|grawan|noun|noun|notbat|||From gora (grown) + wan (person)||||||6|2528|||||||||||||
estimate|balpartun|balpartun|verb|un verb|un-usbat|||From <i>bal</i> (&quot;value&quot;) + <i>partun</i> (&quot;to judge&quot;)|||||value + judge|9|2529|||||||||||||
dear|tesung|tesuq|adjective|ung adjective|uq-sulaikibat|||teing + sairun reduced.||||||5|2530|||||||||||||
lawyer|liswan|liswan|noun|noun|notbat|||From Old Mampulan|||||law + person|6|2531|||||||||||||
crazy|morkang|morkaq|adjective|ng adjective|q-sulaikibat|||From Old Mampulan||||||6|2532|||||||||||||
hire|gihatarun|gihatarun|verb|run verb|run-usbat|||give + work||||||9|2533|||||||||||||
valuable|yo'entung|yo'entuq|adjective|ung adjective|uq-sulaikibat|||<i>yong</i> (&quot;good&quot;) + <i>ent</i> (&quot;worth&quot;)||||||8|2534|||||||||||||
creative|nannalung|nannaluq|adjective|ung adjective|uq-sulaikibat|||<i>nant</i> (&quot;mind&quot;) + <i>nal</i> (&quot;idea&quot;). The t sound dropped for easier pronunciation||||||8|2535|||||||||||||
district|das|das|noun|noun|notbat|||From Raccoon Language||||||3|2536|||||||||||||
pop|pap|pap|noun|noun|notbat|||Onomatopoetic||||||3|2537|||||||||||||
pros and cons|brofe|brofe|noun|noun|notbat|||From <i>bro</i> (&quot;&quot;) + <i>fe</i> (&quot;&quot;)|||||賛否|5|2538|||||||||||||
keep|dagun|dagun|verb|un verb|un-usbat|preserve or maintain||From Old Mampulan||||||5|2539|||||||||||||
reserve|lopdagbus|lopdagbus|noun|noun|notbat|something that is kept back, as for future use||keep + inside + thing||||||9|2540|||||||||||||
reserve|lopdagun|lopdagun|verb|un verb|un-usbat|to keep back something for future use||keep + inside||||||8|2541|||||||||||||
original|hiunreg|hiunreg|noun|noun|notbat|||start + source||||||7|2542|||||||||||||
join|sounun|sounun|verb|un verb|un-usbat|||From Old Mampulan||||||6|2543|||||||||||||
fold|lofun|lofun|verb|un verb|un-usbat|||From Old Mampulan||||||5|2544|||||||||||||
fold|lof|lof|noun|noun|notbat|||From Old Mampulan||||||3|2545|||||||||||||
tile|riton|riton|noun|noun|notbat|roof tile||From Old Mampulan|||||瓦|5|2546|||||||||||||
return to one's country|sabanuwinas|sabanuwinas|noun|noun|notbat|the act of returning to one's country, typically from abroad|jai sa saban it nutun na us|From <i>saban</i> (&quot;country&quot;) + <i>uwi</i> (&quot;return&quot;) + <i>-nas</i> (&quot;nominalizing suffix&quot;)|||||帰国|11|2547|||||||||||||
return to one's country|sabanuwirun|sabanuwirun|verb|run verb|run-usbat|to return to one's country, typically from abroad|jai sa saban it nutun na us|From <i>saban</i> (&quot;country&quot;) + <i>uwi</i> (&quot;return&quot;)||John returned to his country to visit his parents.|Jon ni yos bumon it yaitun tun sabanuwira||帰国|11|2548|||||||||||||
purchase|paku|paku|noun|noun|notbat|||From <i>pakun</i> (&quot;pay&quot;) + <i>urun</i> (&quot;get&quot;)||||||4|2549|||||||||||||
purchase|pakurun|pakurun|verb|run verb|run-usbat|||From <i>pakun</i> (&quot;pay&quot;) + <i>urun</i> (&quot;get&quot;)||||||7|2550|||||||||||||
positive|marsu|marsu|noun|noun|notbat|||true + stand||||||5|2551|||||||||||||
negative|lessu|lessu|noun|noun|notbat|||false + stand||||||5|2552|||||||||||||
positive|marsung|marsuq|adjective|ng adjective|q-sulaikibat|||true + stand||||||6|2553|||||||||||||
negative|lessung|lessuq|adjective|ng adjective|q-sulaikibat|||false + stand||||||6|2554|||||||||||||
produce|bitfionun|bitfionun|verb|un verb|un-usbat||||||||生産|9|2555|||||||||||||
production|bitfion|bitfion|noun|noun|notbat|||From <i>bit</i> (&quot;life&quot;) + <i>fion</i> (&quot;born&quot;)|||||生産|7|2556|||||||||||||
complex|mitondong|mitondoq|adjective|ung adjective|uq-sulaikibat|||From <i>mitang tounang dot</i> (&quot;many&quot;).  <i>mitang</i> (&quot;many&quot;) + <i>tounang</i> (&quot;moving (adjective form)&quot;) + <i>dot</i> (&quot;part&quot;). Becomes mitondong||||||8|2557|||||||||||||
regular|kanfaitung|kanfaituq|adjective|ung adjective|uq-sulaikibat|||in + rule||||||9|2558|||||||||||||
irregular|ankanfaitung|ankanfaituq|adjective|ung adjective|uq-sulaikibat|||From <i>an-</i> (&quot;not&quot;) + <i>kanfaitung</i> (&quot;regular&quot;)||||||11|2559|||||||||||||
extreme|teiart|teiart|noun|noun|notbat|||high + end||||||6|2560|||||||||||||
repeat|saiyarun|saiyarun|verb|run verb|run-usbat|do again|wid yarun|From <i>sai-</i> (&quot;again&quot;) + <i>yarun</i> (&quot;do&quot;)||||redo||8|2561|||||||||||||
repeat|saisabun|saisabun|verb|run verb|run-usbat|say again|wid sabun|From <i>sai-</i> (&quot;again&quot;) + <i>sabun</i> (&quot;say&quot;)||||||8|2562|||||||||||||
redo|saiyarun|saiyarun|verb|run verb|run-usbat|do again|wid yarun|From <i>sai-</i> (&quot;again&quot;) + <i>yarun</i> (&quot;do&quot;)||||repeat||8|2563|||||||||||||
pick|kip|kip|noun|noun|notbat|||From Old Mampulan||||||3|2564|||||||||||||
cancel|hetblipun|hetblipun|verb|un verb|un-usbat|||mark + remove||||||9|2565|||||||||||||
strike|ikū|iku-|noun|noun|notbat|||From Old Mampulan|||||coup|4|2566|||||||||||||
conflict|fai'ikū|fai'iku-|noun|noun|notbat|||fai + strike||||||8|2567|||||||||||||
victim|hīlaunwan|hi-launwan|noun|noun|notbat|||hī + laun + wan|||||被害者|10|2568|||||||||||||
animation|animation|animation|noun|noun|notbat|||From Human Language <i>animation</i>||||||9|2569|||||||||||||
animate|animationun|animationun|verb|un verb|un-usbat|||From animation||||||11|2570|||||||||||||
press|trunun|trunun|verb|un verb|un-usbat|||From Old Mampulan||||||6|2571|||||||||||||
funny|hahang|hahaq|adjective|ng adjective|q-sulaikibat|||From Old Mampulan||||||5|2572|||||||||||||
claim|rir|rir|noun|noun|notbat|||From Old Mampulan||||||3|2573|||||||||||||
feed|ror|ror|noun|noun|notbat|||From Old Mampulan||||||3|2574|||||||||||||
march|rut|rut|noun|noun|notbat|||From Old Mampulan||||||3|2575|||||||||||||
march|rutun|rutun|verb|un verb|un-usbat|||||||||5|2576|||||||||||||
gather|durun|durun|verb|un verb|un-usbat|||From Old Mampulan||||||5|2577|||||||||||||
split|kritun|kritun|verb|un verb|un-usbat|||From Old Mampulan||||||6|2578|||||||||||||
quiet|shusung|xusuq|adjective|ung adjective|uq-sulaikibat|||From Old Mampulan||||||5|2579|||||||||||||
sink|ar|ar|noun|noun|notbat|a depression in the land surface||From Old Mampulan||||||2|2580|||||||||||||
slip|as|as|noun|noun|notbat|||From Old Mampulan||||||2|2581|||||||||||||
regret|gotrinun|gotrinun|verb|un verb|un-usbat|||loss + think||||||8|2582|||||||||||||
regret|gotrin|gotrin|noun|noun|notbat|||loss + think||||||6|2583|||||||||||||
shift|botun|botun|verb|un verb|un-usbat|||From Old Mampulan||||||5|2584|||||||||||||
shift|bot|bot|noun|noun|notbat|||From Old Mampulan||||||3|2585|||||||||||||
commission|der|der||||||From Old Mampulan||||||3|2586|||||||||||||
loss|got|got|noun|noun|notbat|||From Old Mampulan||||||3|2587|||||||||||||
toy|kes|kes|noun|noun|notbat|||From Old Mampulan||||||3|2588|||||||||||||
any|pe|pe|pronoun|pronoun|sunotbat|||From Old Mampulan||||||2|2589|||||||||||||
any|peng|peq|adjective|ng adjective|q-sulaikibat|||From Old Mampulan||||||3|2590|||||||||||||
crash|chokan|cokan|noun|noun|notbat|||From Old Mampulan||||||5|2591|||||||||||||
grab|posun|posun|verb|un verb|un-usbat|||From Old Mampulan||||||5|2592|||||||||||||
weird|riteng|riteq|adjective|ng adjective|q-sulaikibat|||From Old Mampulan||||||5|2593|||||||||||||
constant|ris|ris||||||fixed + stand||||||3|2594|||||||||||||
ecology|bitpanoga|bitpanoga|noun|noun|notbat|||From <i>bitpano</i> (&quot;mode of life&quot;) + <i>ga</i> (&quot;study&quot;)|||||生態学|9|2595|||||||||||||
ecosystem|bitpanosanan|bitpanosanan|noun|noun|notbat|||From <i>bitpano</i> (&quot;mode of life&quot;) + <i>sanan</i> (&quot;system&quot;)||||||12|2596|||||||||||||
role|lont|lont|noun|noun|notbat|||||||||4|2597|||||||||||||
restore|iznirun|iznirun|verb|un verb|un-usbat||||||||回復|7|2598|||||||||||||
restoration|iznir|iznir|noun|noun|notbat||||||||回復|5|2599|||||||||||||
familiar|sernoung|sernouq|adjective|ng adjective|q-sulaikibat|||close + know||||||7|2600|||||||||||||
broad|tansang|tansaq|adjective|g adjective|g-sulaikibat|||From Old Mampulan||||||6|2601|||||||||||||
failure|gottoul|gottoul|noun|noun|notbat|||<i>got</i> (&quot;loss&quot;) + <i>toul</i> (&quot;defeat&quot;)|||||失敗|7|2602|||||||||||||
fail|gottoulun|gottoulun|verb|un verb|un-usbat|||gottoul + un|||||失敗|9|2603|||||||||||||
struggle|lutan|lutan|noun|noun|notbat|||From Old Mampulan|||||French lutte|5|2604|||||||||||||
quote|seit|seit|noun|noun|notbat|||From Old Mampulan||||||4|2605|||||||||||||
quote|seitun|seitun|verb|un verb|un-usbat|||From Old Mampulan||||||6|2606|||||||||||||
prompt|lousung|lousuq|adjective|ung adjective|uq-sulaikibat|||From Old Mampulan||||||6|2607|||||||||||||
brilliant|lâminang|la^minaq|adjective|ng adjective|q-sulaikibat|||From Old Mampulan||||||8|2608|||||||||||||
swing|suwôn|suwo^n|noun|noun|notbat|||From Old Mampulan||||||6|2609|||||||||||||
dump|gus|gus|noun|noun|notbat|||From Old Mampulan||||||3|2610|||||||||||||
repair|dutun|dutun|verb|un verb|un-usbat|||From Old Mampulan||||||5|2611|||||||||||||
lift|fisun|fisun|verb|un verb|un-usbat|||From Old Mampulan||||||5|2612|||||||||||||
internal|kanlopung|kanlopuq|adjective|ung adjective|uq-sulaikibat|||From <i>kan</i> (&quot;in&quot;) + <i>lop</i> (&quot;inside&quot;)||||||8|2613|||||||||||||
external|kannulung|kannuluq|adjective|ung adjective|uq-sulaikibat|||From <i>kan</i> (&quot;in&quot;) + <i>nul</i> (&quot;outside&quot;)||||||8|2614|||||||||||||
active|kanlarung|kanlaruq|adjective|ung adjective|uq-sulaikibat|||||||||8|2615|||||||||||||
visual|lung|luq|adjective|ng adjective|q-sulaikibat|||see + ng||||||3|2616|||||||||||||
upstairs|shounbaisak|xounbaisak|adverb|adverb|qanusbat|||shoun + bais + ak|||||階上|10|2617|||||||||||||
downstairs|dounbaisak|dounbaisak|adverb|adverb|qanusbat|||doun + bais + ak|||||階下|10|2618|||||||||||||
upstairs|shounbaisung|xounbaisuq|adjective|ung adjective|uq-sulaikibat|||shoun + bais|||||階上|10|2619|||||||||||||
downstairs|dounbaisung|dounbaisuq|adjective|ung adjective|uq-sulaikibat|||doun + bais|||||階下|10|2620|||||||||||||
lee|yart|yart|noun|noun|notbat|out of the wind||From Old Mampulan||||||4|2621|||||||||||||
combine|sama'orun|sama'orun|verb|run verb|run-usbat|||From <i>sama</i> (&quot;together&quot;) + <i>orun</i> (&quot;put&quot;)||||||9|2622|||||||||||||
combination|sama'onas|sama'onas|noun|noun|notbat|||From <i>sama</i> (&quot;together&quot;) + <i>orun</i> (&quot;put&quot;)||||||9|2623|||||||||||||
recover|motnutun|motnutun|verb|un verb|un-usbat|||From <i>motun</i> (&quot;bring&quot;) +  <i>nutun</i> (&quot;return&quot;)||||||8|2624|||||||||||||
resolve|lusfinun|lusfinun|verb|un verb|un-usbat|||From <i>lus</i> (&quot;answer&quot;) +  <i>finun</i> (&quot;find&quot;)||||||8|2625|||||||||||||
resolution|lusfinas|lusfinas|noun|noun|notbat|||From <i>lus</i> (&quot;answer&quot;) +  <i>finun</i> (&quot;find&quot;) + <i>-as</i> (&quot;nominalizing suffix&quot;)||||||8|2626|||||||||||||
objective|mehun|mehun|noun|noun|notbat|||From Old Mampulan||||||5|2627|||||||||||||
advance|bintounun|bintounun|verb|un verb|un-usbat|||From <i>bin</i> (&quot;front&quot;) + <i>tounun</i> (&quot;move&quot;)||||||9|2628|||||||||||||
forward|binpritung|binprituq|adjective|ung adjective|uq-sulaikibat|||front + <i>prit</i> (&quot;direction&quot;)||||||9|2629|||||||||||||
backward|puspritung|pusprituq|adjective|ung adjective|uq-sulaikibat|||back + <i>prit</i> (&quot;direction&quot;)||||||9|2630|||||||||||||
sideward|sorpritung|sorprituq|adjective|ung adjective|uq-sulaikibat|||side + <i>prit</i> (&quot;direction&quot;)||||||9|2631|||||||||||||
toward|depritung|deprituq|adjective|ung adjective|uq-sulaikibat|||to + <i>prit</i> (&quot;direction&quot;)||||||8|2632|||||||||||||
downward|dounpritung|dounprituq|adjective|ung adjective|uq-sulaikibat|||down + <i>prit</i> (&quot;direction&quot;)||||||10|2633|||||||||||||
upward|shounpritung|xounprituq|adjective|ung adjective|uq-sulaikibat|||up + <i>prit</i> (&quot;direction&quot;)||||||10|2634|||||||||||||
onward|rounpritung|rounprituq|adjective|ung adjective|uq-sulaikibat|||road + <i>prit</i> (&quot;direction&quot;)||||||10|2635|||||||||||||
windward|panitpritung|panitprituq|adjective|ung adjective|uq-sulaikibat|||wind + <i>prit</i> (&quot;direction&quot;)||||||11|2636|||||||||||||
leeward|yartpritung|yartprituq|adjective|ung adjective|uq-sulaikibat|||lee + <i>prit</i> (&quot;direction&quot;)||||||10|2637|||||||||||||
forward|binpritak|binpritak|adverb|adverb|qanusbat|||front + <i>prit</i> (&quot;direction&quot;)||||||9|2638|||||||||||||
backward|puspritak|puspritak|adverb|adverb|qanusbat|||back + <i>prit</i> (&quot;direction&quot;)||||||9|2639|||||||||||||
sideward|sorpritak|sorpritak|adverb|adverb|qanusbat|||side + <i>prit</i> (&quot;direction&quot;)||||||9|2640|||||||||||||
toward|depritak|depritak|adverb|adverb|qanusbat|||to + <i>prit</i> (&quot;direction&quot;)||||||8|2641|||||||||||||
downward|dounpritak|dounpritak|adverb|adverb|qanusbat|||down + <i>prit</i> (&quot;direction&quot;)||||||10|2642|||||||||||||
upward|shounpritak|xounpritak|adverb|adverb|qanusbat|||up + <i>prit</i> (&quot;direction&quot;)||||||10|2643|||||||||||||
onward|rounpritak|rounpritak|adverb|adverb|qanusbat|||road + <i>prit</i> (&quot;direction&quot;)||||||10|2644|||||||||||||
windward|panitpritak|panitpritak|adverb|adverb|qanusbat|||wind + <i>prit</i> (&quot;direction&quot;)||||||11|2645|||||||||||||
leeward|yartpritak|yartpritak|adverb|adverb|qanusbat|||lee + <i>prit</i> (&quot;direction&quot;)||||||10|2646|||||||||||||
accomplice|tanahanwan|tanahanwan|noun|noun|notbat||||||||共犯者|10|2647|||||||||||||
throw|metun|metun|verb|un verb|un-usbat|||||||||5|2648|||||||||||||
suppose|fenun|fenun|verb|un verb|un-usbat|||From Eagle Language fenserun.||||||5|2649|||||||||||||
cast|methairun|methairun|verb|run verb|run-usbat|to throw something (cast a net)||throw + enter||||||9|2650|||||||||||||
cast|sada|sada|noun|noun|notbat|A collective group of actors performing a play or production together.||||||||4|2651|||||||||||||
later|piraitung|piraituq|adjective|ung adjective|uq-sulaikibat|||more + late||||||8|2652|||||||||||||
suspicious|soung|souq|adjective|g adjective|g-sulaikibat|||||||||4|2653|||||||||||||
area|war|war|noun|noun|notbat|A measure of the extent of a surface||||||||3|2654|||||||||||||
camera|kamera|kamera|noun|noun|notbat|||Human Language camera||||||6|2655|||||||||||||
bowl|mangtan|maqtan|noun|noun|notbat|||From Old Mampulan||||||6|2656|||||||||||||
location|peinpon|peinpon|noun|noun|notbat|||place + point||||||7|2657|||||||||||||
preserve|sidun|sidun|verb|un verb|un-usbat|||||||||5|2658|||||||||||||
archive|watkitsidpein|watkitsidpein|noun|noun|notbat|||history + preserve + place||||||13|2659|||||||||||||
control|fordun|fordun|verb|un verb|un-usbat|||Possible with fortan strength||||||6|2660|||||||||||||
control|ford|ford|noun|noun|notbat|||Possible with fortan strength||||||4|2661|||||||||||||
power|tounfortan|tounfortan|noun|noun|notbat|||toun + fortan|||||動力|10|2662|||||||||||||
FAQ|prokak tana na bapon|prokak tana na bapon|initialism|initialism||initialism for frequently asked questions||||||||20|2663|||||||||||||
stupid|dampâkung|dampa^kuq|adjective|ung adjective|uq-sulaikibat|||||||||9|2664|||||||||||||
corrode|kainmeltun|kainmeltun|verb|un verb|un-usbat|||From <i>kainun</i> (&quot;eat&quot;) + <i>melun</i> (&quot;milk&quot;)||||||10|2665|||||||||||||
identify|ites'hirun|iteshirun|verb|un verb|un-usbat|||From <i>i</i> (&quot;one&quot;) + <i>tes</i> (&quot;other&quot;) + <i>hir</i> (&quot;same&quot;)||||||9|2666|||||||||||||
corrosion|kainmelas|kainmelas|noun|noun|notbat|||From <i>kainun</i> (&quot;eat&quot;) + <i>melun</i> (&quot;milk&quot;) + <i>-as</i> (&quot;nominalizing suffix&quot;)||||||9|2667|||||||||||||
weld|melsortun|melsortun|verb|un verb|un-usbat|||mel + sort|||||溶接|9|2668|||||||||||||
technical|abinwigung|abinwiguq|adjective|ung adjective|uq-sulaikibat|||skill related||||||9|2669|||||||||||||
technically|abinwigak|abinwigak|adverb|adverb|qanusbat|||abinwigung||technically correct|abinwigak teiq|||9|2670|||||||||||||
technicality|abinwigas|abinwigas|noun|noun|notbat|||abinwigung||||||9|2671|||||||||||||
theater|gaunpein|gaunpein|noun|noun|notbat|||gaun + pein|||||劇場|8|2672|||||||||||||
theatre|gaunpein|gaunpein|noun|noun|notbat|||gaun + pein|||||劇場|8|2673|||||||||||||
comedy|jain'gaun|jaingaun|noun|noun|notbat|||jain + gaun|||||喜劇|8|2674|||||||||||||
find out|finbosun|finbosun|verb|un verb|un-usbat|||find + learn||||discover||8|2675|||||||||||||
discover|finbosun|finbosun|verb|un verb|un-usbat|||find + learn||||find out||8|2676|||||||||||||
expertise|foinabin|foinabin|noun|noun|notbat|||field skill||||||8|2677|||||||||||||
comedy|kômedi|ko^medi|noun|noun|notbat|||Human Language comedy||||||7|2678|||||||||||||
merchant|kiyawan|kiyawan|noun|noun|notbat|||<i>kiya</i> (&quot;commerce&quot;) + <i>wan</i> (&quot;person&quot;)||||||7|2679|||||||||||||
weld|melsort|melsort|noun|noun|notbat|||mel + sort|||||溶接|7|2680|||||||||||||
quick|rādang|ra-daq|adjective|ng adjective|q-sulaikibat|||||||||6|2681|||||||||||||
heath|brugan|brugan|noun|noun|notbat||||||||brugaria|6|2682|||||||||||||
bloom|blorun|blorun|verb|run verb|run-usbat|||||||||6|2683|||||||||||||
swarm|esaim|esaim|noun|noun|notbat|||From Old Mampulan|||||essaim|5|2684|||||||||||||
swarm|esaimun|esaimun|verb|un verb|un-usbat|||From Old Mampulan|||||essaim|7|2685|||||||||||||
lazy|pareng|pareq|adjective|ng adjective|q-sulaikibat|||||||||5|2686|||||||||||||
melt|melun|melun|verb|un verb|un-usbat|||From Old Mampulan|||||溶|5|2687|||||||||||||
fine|yosung|yosuq|adjective|ng adjective|q-sulaikibat|||Similar to good 'yong||||||5|2688|||||||||||||
video|bidio|bidio|noun|noun|notbat|||||||||5|2689|||||||||||||
jug|krag|krag|noun|noun|notbat||||||||Krug|4|2690|||||||||||||
player|purwan|purwan|noun|noun|notbat|someone who plays games etc||purun + wan||||||6|2691|||||||||||||
equip|dainun|dainun|verb|un verb|un-usbat|||||||||6|2692|||||||||||||
equipment|dainbus|dainbus|noun|noun|notbat|||From <i>dain</i> (&quot;equip&quot;) + <i>bus</i> (&quot;thing&quot;) ||||||7|2693|||||||||||||
miscellaneous|mitamikung|mitamikuq|adjective|ung adjective|uq-sulaikibat|||From <i>mitang</i> (&quot;a lot&quot;) + <i>mikung</i> (&quot;mix&quot;)||||||9|2694|||||||||||||
user|ngeiwan|qeiwan|noun|noun|notbat|||From <i>ngeirun</i> (&quot;use&quot;) + <i>wan</i> (&quot;person&quot;)||||||6|2695|||||||||||||
difference|chak|cak|noun|noun|notbat|||From Old Mampulan|||||違|3|2696|||||||||||||
income|shiu|xiu|noun|noun|notbat||||||||収|3|2697|||||||||||||
prior|siung|siuq|adjective|ng adjective|q-sulaikibat|||From Old Mampulan||I have no prior knowledge of anything about wolves.|Ko’n woun wide na suing nounas ant mairu.|||4|2698|||||||||||||
mobile|fastoung|fastouq|adjective|g adjective|g-sulaikibat|||easily move||||||7|2699|||||||||||||
consist|santun|santun|verb|un verb|un-usbat|||From Old Mampulan||||||6|2700|||||||||||||
normal|hopung|hopuq|noun|noun|notbat|||||||||5|2701|||||||||||||
strain|jor|jor|noun|noun|notbat|||From Old Mampulan||||||3|2702|||||||||||||
desk|dokan|dokan|noun|noun|notbat|||||||||5|2703|||||||||||||
wash|hugun|hugun|verb|un verb|un-usbat|||From Old Mampulan||||||5|2704|||||||||||||
permit|paigyasho|paigyaxo|noun|noun|notbat|||From <i>paigun</i> (&quot;allow&quot;) + <i>yarun</i> (&quot;do&quot;) + <i>sho</i> (&quot;document&quot;)|||||書|8|2705|||||||||||||
double|dubeing|dubeiq|adjective|ng adjective|q-sulaikibat|||From <i>du</i> (&quot;two&quot;) + <i>bei</i> (&quot;times&quot;)|||||二倍|6|2706|||||||||||||
triple|mabeing|mabeiq|adjective|ng adjective|q-sulaikibat|||From <i>ma</i> (&quot;three&quot;) + <i>bei</i> (&quot;times&quot;)|||||二倍|6|2707|||||||||||||
light|||noun|noun|notbat|||From Old Mampulan||||||0|2708|||||||||||||
body temperature|tai sa retdo|tai sa retdo|noun|noun|notbat|(formal) temperature of a body of an animal or person|wan sa tai sa retdo|tai (body) + retdo (temperature)||||||12|2709|||||||||||||
body temperature|tairet|tairet|noun|noun|notbat|temperature of a body of an animal or person|wan sa tai sa retdo|tai (body) + ret (temperature)||||||6|2710|||||||||||||
low temperature|loung retdo|louq retdo|noun|noun|notbat|||loung (low) + ret (temperature)||||||10|2711|||||||||||||
low temperature|louret|louret|noun|noun|notbat|||loung (low) + ret (temperature)|||||低温|6|2712|||||||||||||
high temperature|teing retdo|teiq retdo|noun|noun|notbat|||teing (high) + ret (temperature)||||||10|2713|||||||||||||
high temperature|teiret|teiret|noun|noun|notbat|||teing (high) + ret (temperature)|||||高温|6|2714|||||||||||||
acceleration|jasit|jasit|noun|noun|notbat|||From <i>ja</i> (&quot;add&quot;) + <i>sit</i> (&quot;speed&quot;)|||||加速|5|2715|||||||||||||
accelerate|jasitun|jasitun|verb|un verb|un-usbat|||From <i>ja</i> (&quot;add&quot;) + <i>sit</i> (&quot;speed&quot;)|||||加速|7|2716|||||||||||||
speed up|jasitun|jasitun|verb|un verb|un-usbat|||From <i>ja</i> (&quot;add&quot;) + <i>sit</i> (&quot;speed&quot;)|||||加速|7|2717|||||||||||||
deceleration|neissit|neissit|noun|noun|notbat|||From <i>neis</i> (&quot;decrease&quot;) + <i>sit</i> (&quot;speed&quot;)|||||減速|7|2718|||||||||||||
decelerate|neissitun|neissitun|verb|un verb|un-usbat|||From <i>neis</i> (&quot;decrease&quot;) + <i>sit</i> (&quot;speed&quot;)||||||9|2719|||||||||||||
slow down|neissitun|neissitun|verb|un verb|un-usbat|||From <i>neis</i> (&quot;decrease&quot;) + <i>sit</i> (&quot;speed&quot;)||||||9|2720|||||||||||||
wind speed|panit sa sitdo|panit sa sitdo|noun|noun|notbat|||From <i>panit</i> (&quot;wind&quot;) + <i>sitdo</i> (&quot;speed&quot;)||||||14|2721|||||||||||||
wind speed|panitsit|panitsit|noun|noun|notbat|||From <i>panit</i> (&quot;wind&quot;) + <i>sit</i> (&quot;speed&quot;)|||||風速|8|2722|||||||||||||
speed of sound|rat sa sitdo|rat sa sitdo|noun|noun|notbat|||From <i>rat</i> (&quot;sound&quot;) + <i>sitdo</i> (&quot;speed&quot;)|||||音速|12|2723|||||||||||||
speed of sound|ratsit|ratsit|noun|noun|notbat|||From <i>rat</i> (&quot;sound&quot;) + <i>sit</i> (&quot;speed&quot;)||||||6|2724|||||||||||||
speed of light|liu sa sitdo|liu sa sitdo|noun|noun|notbat||liu ni farun na |From <i>liu</i> (&quot;light&quot;) + <i>sitdo</i> (&quot;speed&quot;)|||||音速|12|2725|||||||||||||
speed of light|liusit|liusit|noun|noun|notbat||liu sa sitdo|From <i>liu</i> (&quot;light&quot;) + <i>sit</i> (&quot;speed&quot;)||||||6|2726|||||||||||||
round|ru|ru|noun|noun|notbat|||From Old Mampulan||||||2|2727|||||||||||||
escape|dos|dos|noun|noun|notbat|||From Old Mampulan||||||3|2728|||||||||||||
lay|gas|gas|noun|noun|notbat|||From Old Mampulan||||||3|2729|||||||||||||
taste|sapun|sapun|verb|un verb|un-usbat|||From Old Mampulan|||||味|5|2730|||||||||||||
saucer|lalar|lalar|noun|noun|notbat|||la + lar (small plate)||||||5|2731|||||||||||||
software|sôftower|so^ftower|noun|noun|notbat|||From Human Language software||||||9|2732|||||||||||||
concentrate|tayutais|tayutais|verb|un verb|un-usbat|to make less dilute, like syrup||tayu + tais|||||濃縮|8|2733|||||||||||||
skill|abin|abin|noun|noun|notbat|||From Old Mampulan|||||habilidad|4|2734|||||||||||||
royal|aring|ariq|adjective|ng adjective|q-sulaikibat|||From <i>ari</i> (&quot;king&quot;)|||||王の|4|2735|||||||||||||
upper|shoung|xouq|adjective|g adjective|g-sulaikibat|||From Old Mampulan|||||上の|4|2736|||||||||||||
lower|doung|douq|adjective|g adjective|g-sulaikibat|||From Old Mampulan||||||4|2737|||||||||||||
convert|dehenun|dehenun|verb|un verb|un-usbat|||de + henun change into||||||7|2738|||||||||||||
spare|blin|blin|noun|noun|notbat|extra||From Old Mampulan||||||4|2739|||||||||||||
spare|lakarun|lakarun|verb|run verb|run-usbat|||From Old Mampulan||||||7|2740|||||||||||||
patience|gust|gust|noun|noun|notbat|||From Old Mampulan||Thank you for your patience and understanding.|Rois gust to adeirunas mo môsurun.|||4|2741|||||||||||||
attention|munt|munt|noun|noun|notbat|||From Old Mampulan||||||4|2742|||||||||||||
address|chokmuntun|cokmuntun|verb|un verb|un-usbat|to give attention to`||direct + attention||||||9|2743|||||||||||||
recent|bengang|beqaq|adjective|ng adjective|q-sulaikibat|||From <i>be</i> (&quot;most&quot;) + <i>nga</i> (&quot;now&quot;)||||||5|2744|||||||||||||
field|foin|foin|noun|noun|notbat|industry or world of an industry||From Old Mampulan|||||界|4|2745|||||||||||||
theatrical play|gaun|gaun|noun|noun|notbat|||||||||4|2746|||||||||||||
drama|gaun|gaun|noun|noun|notbat|||From Old Mampulan||||||4|2747|||||||||||||
bee|fuin|fuin|noun|noun|notbat|||From Old Mampulan||||||4|2748|||||||||||||
rest|res|res|noun|noun|notbat|||||||||3|2749|||||||||||||
as|al|al|preposition|postposition|pusobat|in the role of…||||As a wolf, I understand.|Woun al, ko'n adeiru.|||2|2750|||||||||||||
eager|gispaing|gispaiq|adjective|g adjective|g-sulaikibat|||From gis + pain|||||熱心|7|2751|||||||||||||
believable|reinsanung|reinsanuq|adjective|ung adjective|uq-sulaikibat|||From <i>reinun</i> (&quot;believe&quot;) + <i>sanun</i> (&quot;can&quot;)||||||9|2752|||||||||||||
unbelievable|anreinsanung|anreinsanuq|adjective|ung adjective|uq-sulaikibat|||From <i>an-</i> (&quot;not&quot;) + <i>reinsanung</i> (&quot;believable&quot;)||||||11|2753|||||||||||||
affectionate|mosaing|mosaiq|adjective|ng adjective|q-sulaikibat|||||||||6|2754|||||||||||||
affectionately|mosainak|mosainak|adverb|adverb|qanusbat|||||||||8|2755|||||||||||||
defeatable|toulsanung|toulsanuq|adjective|ung adjective|uq-sulaikibat|||From <i>toulun</i> (&quot;defeat&quot;) + <i>sanun</i> (&quot;can&quot;)||||||9|2756|||||||||||||
undefeatable|antoulsanung|antoulsanuq|adjective|ung adjective|uq-sulaikibat|||From <i>an-</i> (&quot;not&quot;) + <i>toulun</i> (&quot;defeat&quot;) + <i>sanun</i> (&quot;can&quot;)||||||11|2757|||||||||||||
suspect|metesrinun|metesrinun|verb|un verb|un-usbat|||||||||10|2758|||||||||||||
suspect|hīmetesrinwan|hi-metesrinwan|noun|noun|notbat|||From Old Mampulan|||||被 + suspect + 者|14|2759|||||||||||||
reconsideration|saidait|saidait|noun|noun|notbat|||||||||7|2760|||||||||||||
reconsider|saidaitun|saidaitun|verb|un verb|un-usbat|||||||||9|2761|||||||||||||
development|dosbakas|dosbakas|noun|noun|notbat|||dos + bak + as|||||開発|8|2762|||||||||||||
develop|dosbakun|dosbakun|verb|un verb|un-usbat|||||||||8|2763|||||||||||||
usual|dadosung|dadosuq|adjective|ung adjective|uq-sulaikibat|according to normal||From Old Mampulan||||||7|2764|||||||||||||
usually|dadosak|dadosak|adverb|adverb|qanusbat|||||||||7|2765|||||||||||||
abroad|nulsabanak|nulsabanak|adverb|adverb|qanusbat|||nulsabanak|||||外国|10|2766|||||||||||||
content|akka|akka|noun|noun|notbat|||From Old Mampulan||||||4|2767|||||||||||||
economics|akko|akko|noun|noun|notbat|||From Old Mampulan||||||4|2768|||||||||||||
television|tele|tele|noun|noun|notbat|||||||||4|2769|||||||||||||
product|bono|bono|noun|noun|notbat|||||||||4|2770|||||||||||||
energy|bunt|bunt|noun|noun|notbat|||||||||4|2771|||||||||||||
society|wansama|wansama|noun|noun|notbat|||wan + sama||||||7|2772|||||||||||||
diligence|flais|flais|noun|noun|notbat|||From Old Mampulan|||||Fleiß|5|2773|||||||||||||
diligent|flaisung|flaisuq|adjective|ung adjective|uq-sulaikibat|||||||||7|2774|||||||||||||
industry|bour|bour|noun|noun|notbat|Businesses of the same type, considered as a whole; trade. ||||meat industry|flan bour|||4|2775|||||||||||||
industry|flais'hata|flaishata|noun|noun|notbat|||From flais + hata||||||9|2776|||||||||||||
medium|duikanroun|duikanroun|noun|noun|notbat|||||||||10|2777|||||||||||||
media|duikanroun|duikanroun|noun|noun|notbat|||From between way||||||10|2778|||||||||||||
media|media|media|noun|noun|notbat|The means and institutions for publishing and broadcasting information.||||||||5|2779|||||||||||||
destruction|pobrak|pobrak|noun|noun|notbat||||||||破壊|6|2780|||||||||||||
destroy|pobrakun|pobrakun|verb|un verb|un-usbat|||||||||8|2781|||||||||||||
destructive|pobrakung|pobrakuq|adjective|ung adjective|uq-sulaikibat|||||||||8|2782|||||||||||||
oven|jent|jent|noun|noun|notbat|||From Old Mampulan||||||4|2783|||||||||||||
article|zartan|zartan|noun|noun|notbat|||From Old Mampulan||||||6|2784|||||||||||||
article|horbat|horbat|noun|noun|notbat|Grammar.||From Old Mampulan||||||6|2785|||||||||||||
community|tanatounkrin|tanatounkrin|noun|noun|notbat|||common + move + group. In idea, a group that moves similarly or in common with one another.||||||12|2786|||||||||||||
quality|naishin|naixin|noun|noun|notbat|||nai + shin||||||6|2787|||||||||||||
strategy|maspart|maspart|noun|noun|notbat|a plan of action to accomplish a particular goal||goal + plan||||||7|2788|||||||||||||
boundary|kion|kion|noun|noun|notbat|||||||||4|2789|||||||||||||
edge|zeik|zeik|noun|noun|notbat|boundary line of a surface|men sa kioq fur||||||端|4|2790|||||||||||||
technology|teknoloji|teknoloji|noun|noun|notbat|||||||||9|2791|||||||||||||
defense|bō|bo-|noun|noun|notbat|||||||||3|2792|||||||||||||
esteem|teiha|teiha|noun|noun|notbat|||high + hold||||||5|2793|||||||||||||
rely|kontun|kontun|verb|un verb|un-usbat||||||||kontun|6|2794|||||||||||||
reliant|kontung|kontuq|adjective|ung adjective|uq-sulaikibat|||||||||6|2795|||||||||||||
sufficient|kailalkung|kailalkuq|adjective|ung adjective|uq-sulaikibat|||<i>kail</i> (&quot;need&quot;) + <i>alkun</i> (&quot;reach&quot;)||||||9|2796|||||||||||||
consciousness|ngishik|qixik|noun|noun|notbat||||||||意識|5|2797|||||||||||||
conscious|ngishikung|qixikuq|adjective|ung adjective|uq-sulaikibat||||||||意識|7|2798|||||||||||||
unconcious|anngishikung|anqixikuq|adjective|ung adjective|uq-sulaikibat|||From <i>an-</i> (&quot;not&quot;) + <i>ngishikung</i> (&quot;conscious&quot;)||||||9|2799|||||||||||||
self-doubt|jaipuin|jaipuin|noun|noun|notbat|doubt in oneself|jai it puin|<i>jai</i> (&quot;self&quot;) + <i>puin</i> (&quot;doubt&quot;)||||||7|2800|||||||||||||
self-confidence|jaipangilatail|jaipaqilatail|noun|noun|notbat|confidence in oneself|jai it paqilatail|<i>jai</i> (&quot;self&quot;) + <i>pangilatail</i> (&quot;confidence&quot;)||||||13|2801|||||||||||||
self-confident|jaipangilatailung|jaipaqilatailuq|adjective|ung adjective|uq-sulaikibat|confident of one's own ability|jai sa jaiq sanas it paqilatailuq|<i>jai</i> (&quot;self&quot;) + <i>pangilatail</i> (&quot;confidence&quot;)||||||15|2802|||||||||||||
self-determination|jaisar|jaisar|noun|noun|notbat|determined by oneself|jai it sarun|<i>jai</i> (&quot;self&quot;) + <i>sar</i> (&quot;determination&quot;)||||||6|2803|||||||||||||
self-love|jaisai|jaisai|noun|noun|notbat|||<i>jai</i> (&quot;self&quot;) + <i>sai</i> (&quot;love&quot;)||||||6|2804|||||||||||||
self-defense|jaibō|jaibo-|noun|noun|notbat|||<i>jai</i> (&quot;self&quot;) + <i>defense</i> (&quot;bō&quot;)||||||6|2805|||||||||||||
self-esteem|jaiteiha|jaiteiha|noun|noun|notbat|||<i>jai</i> (&quot;self&quot;) + <i>teiha</i> (&quot;esteem&quot;)||||||8|2806|||||||||||||
self-image|jaiano|jaiano|noun|noun|notbat|||<i>jai</i> (&quot;self&quot;) + <i>ano</i> (&quot;image&quot;)||||||6|2807|||||||||||||
self-suffficient|jaikailalkung|jaikailalkuq|adjective|ung adjective|uq-sulaikibat|||<i>jai</i> (&quot;self&quot;) + <i>kailalkung</i> (&quot;sufficient&quot;)||||||12|2808|||||||||||||
self-reliant|jaikontung|jaikontuq|adjective|ung adjective|uq-sulaikibat|||<i>jai</i> (&quot;self&quot;) + <i>kontung</i> (&quot;reliant&quot;)||||||9|2809|||||||||||||
self-destructive|jaipobrakung|jaipobrakuq|adjective|ung adjective|uq-sulaikibat|||<i>jai</i> (&quot;self&quot;) + <i>pobrakung</i> (&quot;destructive&quot;)||||||11|2810|||||||||||||
self-control|jaiford|jaiford|noun|noun|notbat|||<i>jai</i> (&quot;self&quot;) + <i>control</i> (&quot;ford&quot;)||||||7|2811|||||||||||||
self-conscious|jaingishikung|jaiqixikuq|adjective|ung adjective|uq-sulaikibat|||<i>jai</i> (&quot;self&quot;) + <i>ngishikung</i> (&quot;conscious&quot;)||||||10|2812|||||||||||||
self-discipline|jaibima|jaibima|noun|noun|notbat|||<i>jai</i> (&quot;self&quot;) + <i>bima</i> (&quot;discipline&quot;)||||||7|2813|||||||||||||
self-improvement|jaiyonaltas|jaiyonaltas|noun|noun|notbat|||<i>jai</i> (&quot;self&quot;) + <i>yonaltas</i> (&quot;improvement&quot;)||||||11|2814|||||||||||||
self-taught|jaiturang|jaituraq|adjective|ng adjective|q-sulaikibat|||<i>jai</i> (&quot;self&quot;) + <i>turang</i> (&quot;taught (adj.)&quot;)||||||8|2815|||||||||||||
nor|anet|anet|conjunction|conjunction|bintbat|||not + or||||||4|2816|||||||||||||
yet|ap|ap|conjunction|conjunction|bintbat|||||||||2|2817|||||||||||||
basis|gint|gint|noun|noun|notbat|||||||||4|2818|||||||||||||
wise|firung|firuq|adjective|ung adjective|uq-sulaikibat|||From <i>Pangil</i>, the Wolf Legend of Mampulan||||||5|2819|||||||||||||
wisdom|firshin|firxin|noun|noun|notbat|||||||||6|2820|||||||||||||
philosophy|firga|kunt|noun|noun|notbat||||||||哲学|4|2821|||||||||||||
predator|hulkainwan|hulkainwan|noun|noun|notbat||||||||捕食者|10|2822|||||||||||||
pack|worin|worin|noun|noun|notbat|pack of wolves|woun sa krin|woun + krin||||||5|2823|||||||||||||
resemble|niterun|niterun|verb|run verb|run-usbat|||||||||7|2824|||||||||||||
particle|kagen|kagen|noun|noun|notbat|||From Old Mampulan||||||5|2825|||||||||||||
molecule|molekiul|molekiul|noun|noun|notbat|the smallest particle of a substance that retains the chemical properties of the substance|nai sa besung kagen nat nai sa chengaq nent it juntu|From Human Language molecule||||||8|2826|||||||||||||
chemistry|chen'ga|cenga|noun|noun|notbat|||chen + ga|||||化学|5|2827|||||||||||||
property|nent|nent|noun|noun|notbat|||||||||4|2828|||||||||||||
retain|juntun|juntun|verb|un verb|un-usbat|||||||||6|2829|||||||||||||
ditto|hirshoun|hirxoun|adverb|adverb|qanusbat||||||||同上|7|2830|||||||||||||
formula|melfor|melfor|noun|noun|notbat|||||||||6|2831|||||||||||||
overrun|tartakun|tartakun|verb|un verb|un-usbat|||tar + takun|||||過走|8|2832|||||||||||||
overreact|targounun|targounun|verb|un verb|un-usbat|||tar + gounun||||||9|2833|||||||||||||
overpay|tarpakun|tarpakun|verb|un verb|un-usbat|||tar + pakun||||||8|2834|||||||||||||
pilfer|sunusun|sunusun|verb|un verb|un-usbat|||small + steal||||||7|2835|||||||||||||
audible|kinûnsanung|kinu^nsanuq|adjective|ung adjective|uq-sulaikibat|can be heard|kinu^n sanun|kinu^n + sanun||||||11|2836|||||||||||||
inaudible|ankinûnsanung|ankinu^nsanuq|adjective|ung adjective|uq-sulaikibat|cannot be heard|ant kinu^n sanun|From <i>an-</i> (&quot;not&quot;) + <i>kinûnsanung</i> (&quot;audible&quot;)||||||13|2837|||||||||||||
leaf|flat|flat|noun|noun|notbat|||From Old Mampulan|||||German Blatt|4|2838|||||||||||||
change of color|klonhenas|klonhenas|noun|noun|notbat|change of color|klon sa henas|klon + henun + as|||||変色|9|2839|||||||||||||
change color|klonhenun|klonhenun|verb|un verb|un-usbat|to change color|klon it henun|klon + henun||Leaves change color from green to red in the fall.|Flat ni yen kan luntung wo alang de klonhenu.|||9|2840|||||||||||||
summon|kombonun|kombonun|verb|un verb|un-usbat|to call to convene or come together|samanak rairun tun yorun|From Old Mampulan||||||8|2841|||||||||||||
former|wosung|wosuq|adjective|ung adjective|uq-sulaikibat|in a previous time|busbiq foun kan|From Old Mampulan||former wolf leader|wosuq woun sa daltwan|||5|2842|||||||||||||
convene|samarairun|samarairun|verb|un verb|un-usbat|||together + come||||||10|2843|||||||||||||
convoke|samarairun|samarairun|verb|un verb|un-usbat|||together + come||||||10|2844|||||||||||||
compromise|sibyârinas|sibya^rinas|noun|noun|notbat|||peace promise||||||11|2845|||||||||||||
compromise|sibyârinasun|sibya^rinasun|verb|un verb|un-usbat|||peace promise||||||13|2846|||||||||||||
give and take|gikūnun|giku-nun|verb|un verb|un-usbat|give and take. To compromise|girun at ku-nun. sibya^rinasun.|girun + ku-nun||||||8|2847|||||||||||||
pot|palak|palak|noun|noun|notbat|||||||||5|2848|||||||||||||
keep in mind|nant kan harun  |nant kan harun|phrase|phrase|tenson|||||Keep in mind that foxes can bite.|Nant kan hare^ nat tuman'i kamorun sanu.|||14|2849|||||||||||||
bear in mind|nant kan harun  |nant kan harun|phrase|phrase|tenson|||place in mind||||||14|2850|||||||||||||
case in point|pon de kelt|pon de kelt|phrase|phrase|tenson|`||||||||11|2851|||||||||||||
in other words|tes bat mo|tes bat mo|phrase|phrase|tenson|||||||||10|2852|||||||||||||
complete|lekung|lekuq|adjective|ung adjective|uq-sulaikibat||||||||完|5|2853|||||||||||||
incomplete|anlekung|anlekuq|adjective|ung adjective|uq-sulaikibat|||From <i>an-</i> (&quot;not&quot;) + <i>lekung</i> (&quot;complete&quot;)|||||完|7|2854|||||||||||||
state|jō|jo-|noun|noun|notbat||||||||状態|3|2855|||||||||||||
honor|mei|mei|noun|noun|notbat||||||||誉|3|2856|||||||||||||
honest|momeing|momeiq|adjective|ng adjective|q-sulaikibat|||||||||6|2857|||||||||||||
fixed|kintung|kintuq|adjective|g adjective|g-sulaikibat|||||||||6|2858|||||||||||||
rhythm|bandan|bandan|noun|noun|notbat|||Onomatopoetic beats in music||||||6|2859|||||||||||||
sequence|kintunjin|kintunjin|noun|noun|notbat|||fixed + order||||||9|2860|||||||||||||
travelling by night|kapisonas|kapisonas|noun|noun|notbat||kapi kan farun sa us|kapi + so|||||夜行|9|2861|||||||||||||
travel by night|kapisorun|kapisorun|verb|verb|run-usbat||kapi kan farun|kapi + so||||||9|2862|||||||||||||
travelling by day|kapisonas|kapisonas|noun|noun|notbat||kapi kan farun sa us|kapi + so|||||夜行|9|2863|||||||||||||
travel by day|kapisorun|kapisorun|verb|verb|run-usbat||kapi kan farun|kapi + so||||||9|2864|||||||||||||
variety|mitalet|mitalet|noun|noun|notbat|||lot + form||||||7|2865|||||||||||||
variation|lethenas|lethenas|noun|noun|notbat|||form + change||||||8|2866|||||||||||||
security|inganas|iqanas|noun|noun|notbat|||safe + ness||||||6|2867|||||||||||||
combination|wanon'gō|wanongo-|noun|noun|notbat||||||||結合|8|2868|||||||||||||
combine|wanon'gōrun|wanongo-run|verb|run verb|run-usbat|||wanon + gōrun|||||結合|11|2869|||||||||||||
movie|toundran|toundran|noun|noun|notbat|||move + picture||||||8|2870|||||||||||||
accord|ikanun|ikanun|verb|un verb|un-usbat|||||||||6|2871|||||||||||||
according to|de ikanu|de ikanu|phrase|phrase|tenson|||de ikanu||||||8|2872|||||||||||||
park|chūrun|cu-run|verb|run verb|run-usbat|a vehicle|||||||駐|6|2873|||||||||||||
parking lot|shachū|xacu-|noun|noun|notbat|||||||||5|2874|||||||||||||
car park|shachū|xacu-|noun|noun|notbat|||||||||5|2875|||||||||||||
car lot|shachū|xacu-|noun|noun|notbat|||||||||5|2876|||||||||||||
stop a vehicle|brunshairun|brunxairun|verb|run verb|run-usbat|stop a vehicle. Usually a car or a train|mounbus it xairun. Dadosak brun et dukbrun|brun + shairun|||||停車|10|2877|||||||||||||
depart a vehicle|brunbrakun|brunbrakun|verb|un verb|un-usbat|departure of a vehicle. Usually a car from parking, or a train from the station|mounbus it oubakun. Dadosak cu-run wo brun et sunas wo dukbrun||||||発車|10|2878|||||||||||||
treasure|tā|ta-|noun|noun|notbat|||||||||3|2879|||||||||||||
weave|yunun|yunun|verb|un verb|un-usbat|||||||||5|2880|||||||||||||
organization|kunyun|kunyun|noun|noun|notbat|a group of people|||||||組織|6|2881|||||||||||||
organize|dotjinestun|dotjinestun|verb|un verb|un-usbat|||part + arrange||||||11|2882|||||||||||||
organization|dotjinestas|dotjinestas|noun|noun|notbat|||part + arrange + ans||||||11|2883|||||||||||||
department|bē|be-|noun|noun|notbat|||||Department of Education|turik be-||部|3|2884|||||||||||||
physics|busurga|busurga|noun|noun|notbat|||bus+ur+ga|||||物理学|7|2885|||||||||||||
policy|gant|gant|noun|noun|notbat|||||||||4|2886|||||||||||||
series|gent|gent|noun|noun|notbat|||||||||4|2887|||||||||||||
free|layang|layaq|adjective|ng adjective|q-sulaikibat||||||||Tagalog laya|5|2888|||||||||||||
freedom|layanas|layanas|noun|noun|notbat|||||||||7|2889|||||||||||||
instance|hont|hont|noun|noun|notbat|||||||||4|2890|||||||||||||
university|daga|daga|noun|noun|notbat|||||||||4|2891|||||||||||||
audience|jont|jont|noun|noun|notbat|||listen + wan + group|||||聴衆|4|2892|||||||||||||
prefix|sorthorngi|sorthorqi|noun|noun|notbat||||||||接頭|9|2893|||||||||||||
suffix|sorttilngi|sorttilqi|noun|noun|notbat||||||||接尾|9|2894|||||||||||||
affix|sortngi|sortqi|noun|noun|notbat|||||||||6|2895|||||||||||||
dog food|wanongei kainbus|wanoqei kainbus|noun|noun|notbat|||||||||15|2896|||||||||||||
cat food|flisngei kainbus|flisqei kainbus|noun|noun|notbat|||From cat and food||||||15|2897|||||||||||||
used for|-ngei|-qei|suffix|suffix|sorttil|used for…, made for…|…tun ngeirun, …tun asun|"From verb form ""ngeirun"""||Don't eat dog food. It is for dogs.|Wano kainbus it ant kaine^. Wano'qei tu.|||4|2898|||||||||||||
compared to|-kaun|-kaun|suffix|suffix|sorttil|compared to||From kaunun||There are ten thousand dogs this year. This is eight hundred more compared to last year.|Te tekeq wano ni pat tiun kan meru. Bin tiun kaun pi ei ce.|||5|2899|||||||||||||
fallen tree|tadpu|tadpu|noun|noun|notbat|a tree that fell|tada^q pu||||||倒木|5|2900|||||||||||||
driftwood|foupu|foupu|noun|noun|notbat|wood that drifts with the current of a body of water|Pu nat awon sa tai sa nagan kan founu.||||||流木|5|2901|||||||||||||
fish|aigun|aigun|verb|un verb|un-usbat||||||||釣|5|2902|||||||||||||
catch fish|aigun|aigun|verb|un verb|un-usbat||||||||釣|5|2903|||||||||||||
preparation|junbenas|junbenas|noun|noun|notbat||||||||準備|8|2904|||||||||||||
prepare|junberun|junberun|verb|run verb|run-usbat|(formal)|||||||準備|8|2905|||||||||||||
prepare|berun|berun|verb|run verb|run-usbat|(informal)|||||||準備|5|2906|||||||||||||
journalist|sirwan|sirwan|noun|noun|notbat||||||||記者|6|2907|||||||||||||
reporter|sirwan|sirwan|noun|noun|notbat||||||||記者|6|2908|||||||||||||
clothes|pos|pos|noun|noun|notbat|||||||||3|2909|||||||||||||
proposal|sagand|sagand|noun|noun|notbat|||sag + and|||||提案|6|2910|||||||||||||
propose|sagandun|sagandun|verb|un verb|un-usbat|||sag + and|||||提案|8|2911|||||||||||||
trial and error|rontdail|rontdail|||||||||||試 + 誤|8|2912|||||||||||||
hurry up|kiurun|kiurun|verb|||||||Hurry up! We have to go!|kiure^! Dru sorun!||急|6|2913|||||||||||||
school|choun|coun|noun|noun|notbat|school (building)|||||||校|4|2914|||||||||||||
school song|chounnaik|counnaik|noun|noun|notbat|school song|gapein sa naik|choun + naik|||||校|8|2915|||||||||||||
addition|janas|janas|noun|noun|notbat|the process of adding||jarun + nas||||||5|2916|||||||||||||
growth|gonas|gonas|noun|noun|notbat|||||||||5|2917|||||||||||||
overflow|buforun|buforun|||||||||||溢|7|2918|||||||||||||
mood|so|so|noun|noun|notbat|||||||||2|2919|||||||||||||
marriage|ridon|ridon|noun|noun|notbat||||||||婚|5|2920|||||||||||||
medicine|ganan|ganan|noun|noun|notbat||||||||薬|5|2921|||||||||||||
communication|lant|lant|noun|noun|notbat||||||||コミュニケーション|4|2922|||||||||||||
disk|lint|lint|noun|noun|notbat||||||||ディスク|4|2923|||||||||||||
investment|metsur|metsur|noun|noun|notbat||||||||投資|6|2924|||||||||||||
apartment|ment|ment|noun|noun|notbat||||||||アパート|4|2925|||||||||||||
painting|dran'gei|drangei|noun|noun|notbat||||||||絵画|7|2926|||||||||||||
politics|sētuan|se-tuan|noun|noun|notbat||||||||政治|7|2927|||||||||||||
shopping|nint|nint|noun|noun|notbat||||||||買い物|4|2928|||||||||||||
wood|puwate|puwate|noun|noun|notbat||||||||木材|6|2929|||||||||||||
competition|nunt|nunt|noun|noun|notbat||||||||競争|4|2930|||||||||||||
distribution|pant|pant|noun|noun|notbat||||||||配布 / 流通|4|2931|||||||||||||
entertainment|pent|pent|noun|noun|notbat||||||||娯楽|4|2932|||||||||||||
office|pint|pint|noun|noun|notbat||||||||事務所|4|2933|||||||||||||
population|wanbil|wanbil|noun|noun|notbat|||From <i>wan</i> (&quot;person&quot;) + <i>bil</i> (&quot;number&quot;)|wan + bil||||人＋口|6|2934|||||||||||||
president|punt|punt|noun|noun|notbat|||From Old Mampulan|||||大統領 / 社長|4|2935|||||||||||||
unit|rent|rent|noun|noun|notbat|||From Old Mampulan|||||単位|4|2936|||||||||||||
category|rint|rint|noun|noun|notbat|||From Old Mampulan|||||カテゴリー|4|2937|||||||||||||
cigarette|runt|runt|noun|noun|notbat|||From Old Mampulan|||||たばこ|4|2938|||||||||||||
context|moumasa|moumasa|noun|noun|notbat|||From Old Mampulan|||||文脈|7|2939|||||||||||||
opportunity|kihē|kihe-|noun|noun|notbat|||From Old Mampulan|||||機会|5|2940|||||||||||||
performance|sont|sont|noun|noun|notbat|||From Old Mampulan|||||性能 / パフォーマンス|4|2941|||||||||||||
flight|sunt|sunt|noun|noun|notbat|||From Old Mampulan|||||飛行 / フライト|4|2942|||||||||||||
magazine|zatchoke|zatcoke|noun|noun|notbat|||From Old Mampulan|||||雑誌|7|2943|||||||||||||
newspaper|anakin|anakin|noun|noun|notbat|||From Old Mampulan|||||新聞|6|2944|||||||||||||
relationship|wigtien|wigtien|noun|noun|notbat|||From <i>wig</i> (&quot;relate&quot;) + <i>tien</i>|wig + tien||||関係|7|2945|||||||||||||
teaching|turik|turik|noun|noun|notbat|||From <i>tur</i> (&quot;teach&quot;) + <i>ik</i>|tur + ik||||教育|5|2946|||||||||||||
cell|nisbō|nisbo-|noun|noun|notbat|||From <i>nis</i> + <i>bō</i> (&quot;defense&quot;)|nis + bo-||||細胞|6|2947|||||||||||||
dealer|bourwan|bourwan|noun|noun|notbat|||From <i>bour</i> + <i>wan</i> (&quot;person&quot;)|bour + wan||||業者|7|2948|||||||||||||
finding|baklu|baklu|noun|noun|notbat|||From <i>bak</i> (&quot;emission&quot;) + <i>lu</i> (&quot;see&quot;)|||||発見|5|2949|||||||||||||
message|went|went|noun|noun|notbat|||From Old Mampulan|||||メッセージ|4|2950|||||||||||||
phone|denshei|denxei|noun|noun|notbat|||From <i>den</i> + <i>shei</i>|den + shei||||電話|6|2951|||||||||||||
scene|peinmen|peinmen|noun|noun|notbat|||From <i>pein</i> + <i>men</i>|pein + men||||場面|7|2952|||||||||||||
appearance|nullu|nullu|noun|noun|notbat|||From <i>nul</i> (&quot;out&quot;) + <i>lu</i> (&quot;see&quot;)|||||外見|5|2953|||||||||||||
appearance|raga|raga|noun|noun|notbat|form or shape of someone||From <i>nul</i> (&quot;out&quot;) + <i>lu</i> (&quot;see&quot;)|||||外見|4|2954|||||||||||||
concept|bousnen|bousnen|noun|noun|notbat|||From <i>bous</i> + <i>nen</i>|bous + nen||||概念|7|2955|||||||||||||
customer|gapokian|gapokian|noun|noun|notbat|||From <i>gapo</i> + <i>kian</i>|gapo + kian||||顧客|8|2956|||||||||||||
housing|sumchecho|sumceco|noun|noun|notbat|||From <i>sum</i> (&quot;dwelling&quot;) + <i>checho</i>|sum + checho||||住宅|7|2957|||||||||||||
inflation|yont|yont|noun|noun|notbat|||From Old Mampulan|||||インフレーション / 物価上昇|4|2958|||||||||||||
insurance|sidkius|sidkius|noun|noun|notbat|||From <i>sid</i> (&quot;preserve&quot;) + <i>kius</i>|sid + kius||||保険|7|2959|||||||||||||
advice|helusab|helusab|noun|noun|notbat|||From Old Mampulan|||||助言|7|2960|||||||||||||
effort|dabofortan|dabofortan|noun|noun|notbat|||From Old Mampulan|||||努力|10|2961|||||||||||||
expression|diugen|diugen|noun|noun|notbat|||From Old Mampulan|||||表現|6|2962|||||||||||||
opinion|ngilu|qilu|noun|noun|notbat|||From Old Mampulan|||||意見|4|2963|||||||||||||
reality|gentail|gentail|noun|noun|notbat|||From Old Mampulan|||||現実|7|2964|||||||||||||
responsibility|sekmaka|sekmaka|noun|noun|notbat|||From <i>sek</i> + <i>maka</i>|sek + maka||||責任|7|2965|||||||||||||
wealth|biuge|biuge|noun|noun|notbat|||From <i>biuge</i>|biuge||||富|5|2966|||||||||||||
application|gounngei|gounqei|noun|noun|notbat|||From <i>goun</i> + <i>ngei</i> (&quot;use&quot;)|goun + ngei||||申請|7|2967|||||||||||||
application|momorigeko|momorigeko|noun|noun|notbat|||From <i>momori</i> + <i>geko</i>|momori + geko||||応用|10|2968|||||||||||||
county|landib|landib|noun|noun|notbat|||From Old Mampulan|||||郡|6|2969|||||||||||||
estate|chast|cast|noun|noun|notbat|||From Old Mampulan|||||不動産 / 財産|4|2970|||||||||||||
foundation|man'gene|man'gene|noun|noun|notbat|an underlying base or support||From <i>man</i> (&quot;fundamental&quot;) + <i>gene</i>|man + gene||||基礎|8|2971|||||||||||||
foundation|chaikrin|caikrin|noun|noun|notbat|funds given for the permanent support of an institution||From <i>chai</i> + <i>krin</i> (&quot;group&quot;)|chai + krin||||財団|7|2972|||||||||||||
grandmother|soamâ|soama^|noun|noun|notbat|||From <i>so</i> (&quot;go&quot;) + <i>amâ</i> (&quot;mother&quot;)|so + ama^||||祖母|6|2973|||||||||||||
perspective|chikupon|cikupon|noun|noun|notbat|||From <i>chiku</i> + <i>pon</i> (&quot;point&quot;)|chiku + pon||||視点|7|2974|||||||||||||
photo|utumar|utumar|noun|noun|notbat|||From <i>utu</i> + <i>mar</i> (&quot;True&quot;)|utu + mar||||写真|6|2975|||||||||||||
recipe|dest|dest|noun|noun|notbat|||From Old Mampulan|||||レシピ|4|2976|||||||||||||
studio|disen|disen|noun|noun|notbat|||From Old Mampulan||||||5|2977|||||||||||||
depression|dost|dost|noun|noun|notbat|||From Old Mampulan|||||うつ病 / 不況|4|2978|||||||||||||
imagination|rinzōfortan|rinzo-fortan|noun|noun|notbat|||From <i>rin</i> + <i>zō</i> + <i>fortan</i> (&quot;strength&quot;)|rin + zo- + fortan||||想像力|12|2979|||||||||||||
setting|setsar|setsar|noun|noun|notbat|||From <i>set</i> + <i>sar</i> (&quot;determine&quot;)|set + sar||||設定|6|2980|||||||||||||
ad|darodun|darodun|noun|noun|notbat|||From <i>daro</i> (&quot;wide&quot;) + <i>dun</i>|daro + dun||||広告|7|2981|||||||||||||
agency|yourtion|yourtion|noun|noun|notbat|||From <i>yo</i> + <i>ur</i> + <i>tion</i>|yo + ur + tion||||代理店|8|2982|||||||||||||
college|daga|daga|noun|noun|notbat|||From <i>da</i> (&quot;big&quot;) + <i>ga</i> (&quot;study&quot;)|da + ga||||大学|4|2983|||||||||||||
criticism|taulpan|taulpan|noun|noun|notbat|||From <i>taul</i> + <i>pan</i>|taul + pan||||批判|7|2984|||||||||||||
debt|autfei|autfei|noun|noun|notbat|||From <i>aut</i> (&quot;borrow&quot;) + <i>gon</i>|aut + gon||||借金|6|2985|||||||||||||
secretary|simushowan|simuxowan|noun|noun|notbat|||From <i>simu</i> + <i>sho</i> (&quot;write&quot;)|simu + sho||||秘書+wan|9|2986|||||||||||||
solution|piulus|piulus|noun|noun|notbat|answer to a problem||From <i>piu</i> + <i>ket</i> (&quot;decide&quot;) + <i>kanu</i>|piu + ket + kanu||||解答|6|2987|||||||||||||
administration|rōrur|ro-rur|noun|noun|notbat|||From <i>rōr</i> (&quot;pipe&quot;) + <i>ur</i>|ro-r + ur||||管理|6|2988|||||||||||||
administration|sosē|sose-|noun|noun|notbat|||From <i>so</i> (&quot;go&quot;) + <i>sē</i>|so + se-||||行政|5|2989|||||||||||||
aspect|beimen|beimen|noun|noun|notbat|||From <i>bei</i> (&quot;times&quot;) + <i>men</i>|bei + men||||側面|6|2990|||||||||||||
attitude|panodo|panodo|noun|noun|notbat|||From <i>pano</i> + <i>do</i> (&quot;degree&quot;)|pano + do||||態度|6|2991|||||||||||||
director|obtok|obtok|noun|noun|notbat|||From <i>ob</i> + <i>tok</i>|ob + tok||||監督|5|2992|||||||||||||
psychology|painurga|painurga|noun|noun|notbat|||From <i>pain</i> (&quot;heart&quot;) + <i>ur</i> + <i>ga</i> (&quot;study&quot;)|pain + ur + ga||||心理学|8|2993|||||||||||||
alcohol|jist|jist|noun|noun|notbat|||From Old Mampulan|||||アルコール|4|2994|||||||||||||
complaint|paitmain|paitmain|noun|noun|notbat|||From <i>pait</i> + <i>main</i> (&quot;feeling&quot;)|pait + main||||苦情|8|2995|||||||||||||
membership|hēinsurkak|he-insurkak|noun|noun|notbat|||From <i>hē</i> + <i>in</i> (&quot;member&quot;) + <i>sur</i> (&quot;fund&quot;) + <i>kak</i>|he- + in + sur + kak||||会員資格|11|2996|||||||||||||
preparation|junbe|junbe|noun|noun|notbat|||From <i>jun</i> + <i>be</i> (&quot;prepare&quot;)|jun + be||||準備|5|2997|||||||||||||
union|kun'gō|kungo-|noun|noun|notbat|||From <i>kun</i> (&quot;class&quot;) + <i>gō</i>|kun + go-||||組合|6|2998|||||||||||||
cancer|mote|mote|noun|noun|notbat|||From <i>mote</i>|mote||||癌|4|2999|||||||||||||
currency|tūfeit|tu-feit|noun|noun|notbat|||From <i>tū</i> (&quot;pass&quot;) + <i>feit</i>|tu- + feit||||通貨|7|3000|||||||||||||
republic|tanakusaban|tanakusaban|noun|noun|notbat|||From <i>tana</i> (&quot;common&quot;) + <i>ku</i> (&quot;red&quot;) + <i>saban</i> (&quot;country&quot;)|tana + ku + saban||||共和国|11|3001|||||||||||||
classroom|turnon|turnon|noun|noun|notbat|||From <i>tur</i> (&quot;teach&quot;) + <i>non</i> (&quot;room&quot;)|tur + non||||教室|6|3002|||||||||||||
football|ust|ust|noun|noun|notbat|||From Old Mampulan|||||サッカー / フットボール|3|3003|||||||||||||
awareness|bisshik|bisxik|noun|noun|notbat|||From <i>bis</i> + <i>shik</i>|bis + shik||||認識|6|3004|||||||||||||
recording|rekorat|rekorat|noun|noun|notbat|||From <i>reko</i> + <i>rat</i> (&quot;sound&quot;)|reko + rat||||録音|7|3005|||||||||||||
feedback|wast|wast|noun|noun|notbat|||From Old Mampulan|||||フィードバック|4|3006|||||||||||||
homework|shukgald|xukgald|noun|noun|notbat|||From <i>shuk</i> + <i>gald</i>|shuk + gald||||宿題|7|3007|||||||||||||
hearing|kinprut|kinprut|noun|noun|notbat|||From <i>kin</i> (&quot;hear, listen&quot;) + <i>prut</i>|kin + prut||||聴覚|7|3008|||||||||||||
hearing|einkinhē|einkinhe-|noun|noun|notbat|||From <i>ein</i> (&quot;public&quot;) + <i>kin</i> (&quot;hear, listen&quot;) + <i>hē</i>|ein + kin + he-||||公聴会|9|3009|||||||||||||
lab|biantaitnon|biantaitnon|noun|noun|notbat|||From <i>bian</i> + <i>tait</i> + <i>non</i> (&quot;room&quot;)|bian + tait + non||||研究室|11|3010|||||||||||||
committee|pieninhē|pieninhe-|noun|noun|notbat|||From <i>pien</i> + <i>in</i> (&quot;member&quot;) + <i>hē</i>|pien + in + he-||||委員会|9|3011|||||||||||||
database|west|west|noun|noun|notbat|||From Old Mampulan|||||データベース|4|3012|||||||||||||
dad|apâi|apa^i|noun|noun|notbat|||From Old Mampulan|||||お父さん|5|3013|||||||||||||
drawer|dukou|dukou|noun|noun|notbat|||From Old Mampulan|||||引き出し|5|3014|||||||||||||
bathroom|kutonon|kutonon|noun|noun|notbat|||kuto + non|||||浴室 / トイレ|7|3015|||||||||||||
bedroom|tulonon|tulonon|noun|noun|notbat|||tulo + non|||||寝室|7|3016|||||||||||||
beer|sant|sant|noun|noun|notbat|||From Old Mampulan|||||ビール|4|3017|||||||||||||
gene|ruslakla|ruslakla|noun|noun|notbat|||From <i>rus</i> (&quot;leave behind&quot;) + <i>lak</i> + <i>la</i> (&quot;child&quot;)|rus + lak + la||||遺伝子|8|3018|||||||||||||
girlfriend|naranfen|naranfen|noun|noun|notbat|||From <i>naran</i> (&quot;woman&quot;) + <i>fen</i>|naran + fen||||女 + 友|8|3019|||||||||||||
lady|naranshin|naranxin|noun|noun|notbat|||From <i>naran</i> (&quot;woman&quot;) + <i>shin</i> (&quot;state of&quot;)|naran + shin||||女性|8|3020|||||||||||||
shirt|shāt|xa-t|noun|noun|notbat|||From Old Mampulan|||||シャツ|4|3021|||||||||||||
sir|tant|tant|noun|noun|notbat|||From Old Mampulan|||||～さん / 紳士|4|3022|||||||||||||
trainer|sanaiwan|sanaiwan|noun|noun|notbat|||From <i>sanairun</i> + <i>wan</i> (&quot;person&quot;)|||||トレーナー|8|3023|||||||||||||
trainee|sanairawan|sanairawan|noun|noun|notbat|||From <i>sanaira</i>, past tense of <i>sanairun</i> + <i>wan</i> (&quot;person&quot;)|||||トレーナー|10|3024|||||||||||||
man|lalashin|lalaxin|noun|noun|notbat|||From <i>lala</i> + <i>shin</i> (&quot;state of&quot;)|lala + shin||||男性|7|3025|||||||||||||
living|bitwas|bitwas|noun|noun|notbat|||From <i>bit</i> (&quot;life&quot;) + <i>was</i>|bit + was||||生活|6|3026|||||||||||||
campaign|tint|tint|noun|noun|notbat|||From Old Mampulan|||||キャンペーン|4|3027|||||||||||||
character|tont|tont|noun|noun|notbat|||From Old Mampulan|||||性格 / キャラクター|4|3028|||||||||||||
club|tunt|tunt|noun|noun|notbat|||From Old Mampulan|||||クラブ|4|3029|||||||||||||
fan|unt|unt|noun|noun|notbat|||From Old Mampulan|||||ファン|3|3030|||||||||||||
lock|kusin|kusin|noun|noun|notbat|||From Old Mampulan|||||鍵|5|3031|||||||||||||
novel|suzei|suzei|noun|noun|notbat|||From <i>su</i> (&quot;small&quot;) + <i>zei</i>|su + zei||||小説|5|3032|||||||||||||
sex|shinbour|xinbour|noun|noun|notbat||||||||性別 / 性行為|7|3033|||||||||||||
band|band|band|noun|noun|notbat||||||||バンド|4|3034|||||||||||||
ray|liufur|liufur|noun|noun|notbat||||||||光線|6|3035|||||||||||||
gross|dūng|du-q|adjective|ng adjective|q-sulaikibat|||||||||4|3036|||||||||||||
wild|nobitung|nobituq|adjective|ung adjective|uq-sulaikibat||||||||野生|7|3037|||||||||||||
domestic|sabanlopung|sabanlopuq|adjective|ung adjective|uq-sulaikibat|within the country||From saban + lop|||||国内|10|3038|||||||||||||
treaty|rasayak |rasayak|noun|noun|notbat|||||||||7|3039|||||||||||||
trade|deitgata|deitgata|noun|noun|notbat|international trade|||||||貿易|8|3040|||||||||||||
agreement|jensar|jensar|noun|noun|notbat|An understanding between entities to follow a specific course of conduct|||||||協定|6|3041|||||||||||||
fund|man'gon|mangon|noun|noun|notbat|(formal) fund||||||||6|3042|||||||||||||
petroleum|batoyos|batoyos|noun|noun|notbat|||From <i>bato</i> (&quot;stone&quot;) + <i>yos</i> (&quot;sky&quot;)||||||7|3043|||||||||||||
proliferation|igadartanas|igadartanas|noun|noun|notbat|(biology) to grow by rapid production of new parts, cells, buds, or offspring|||||||増殖|11|3044|||||||||||||
proliferation|kiuiganas|kiuiganas|noun|noun|notbat|sudden increase|||||||急増|9|3045|||||||||||||
spread|difun|difun|verb|un verb|un-usbat||||||||diffuse|5|3046|||||||||||||
scatter|kalatun|kalatun|verb|un verb|un-usbat||||||||散|7|3047|||||||||||||
diffusion|suankalat|suankalat|noun|noun|notbat||||||||拡散|9|3048|||||||||||||
stress|gounfortan|gounfortan|noun|noun|notbat|(physics)|||||||応力|10|3049|||||||||||||
deformation|lethenas|lethenas|noun|noun|notbat||||||||変形|8|3050|||||||||||||
deform|henletun|henletun|verb|un verb|un-usbat|(physics) change in the shape of an object|bari sa bino et let it henun|||||||8|3051|||||||||||||
displacement|peinhenas|peinhenas|noun|noun|notbat||||||||変+place|9|3052|||||||||||||
displace|peinhenun|peinhenun|verb|un verb|un-usbat|||||||||9|3053|||||||||||||
rainy weather|ralimel|ralimel|noun|noun|notbat|||From <i>ral</i> (&quot;rain&quot;) + <i>imel</i> (&quot;sky&quot;)|||||雨天|7|3054|||||||||||||
pebble|subato|subato|noun|noun|notbat|A small rock usually rounded by water wearing.|iq suq awon mo dadosak zusa na runaltaq bato.|From <i>su</i> (&quot;small&quot;) + <i>bato</i> (&quot;stone&quot;)|||||小石|6|3055|||||||||||||
bamboo grove|kawafore|kawafore|noun|noun|notbat|||From <i>kawa</i> (&quot;bamboo&quot;) + <i>fore</i>|||||竹林|8|3056|||||||||||||
hands and feet|shaintuso|shaintuso|noun|noun|notbat|||From <i>shain</i> (&quot;hand&quot;) + <i>tuso</i>|||||手足|9|3057|||||||||||||
eyeball|mebola|mebola|noun|noun|notbat|||From <i>me</i> (&quot;eye&quot;) + <i>bola</i> (&quot;ball&quot;)|||||目玉|6|3058|||||||||||||
October|temur|temur|noun|noun|notbat|||From <i>te</i> (&quot;ten&quot;) + <i>mur</i> (&quot;moon&quot;)|||||十月|5|3059|||||||||||||
waterwheel|awonbrun|awonbrun|noun|noun|notbat|||From <i>awon</i> (&quot;water&quot;) + <i>brun</i> (&quot;vehicle&quot;)|||||水車|8|3060|||||||||||||
main gate|teindoro|teindoro|noun|noun|notbat|||From <i>tein</i> (&quot;correct&quot;) + <i>doro</i> (&quot;gate&quot;)|||||正門|8|3061|||||||||||||
volcano|husworen|husworen|noun|noun|notbat|||From <i>hus</i> (&quot;fire&quot;) + <i>woren</i> (&quot;mountain&quot;)|||||火山|8|3062|||||||||||||
goldfish|gonhisdan|gonhisdan|noun|noun|notbat|||From <i>gon</i> + <i>hisdan</i>|||||金魚|9|3063|||||||||||||
blue sky|bugkū|bugku-|noun|noun|notbat||buguq imel|From <i>bug</i> + <i>kū</i>|||||青空|6|3064|||||||||||||
blue sky|bugimel|bugimel|noun|noun|notbat||buguq imel|From <i>bug</i> + <i>imel</i>|||||青空|7|3065|||||||||||||
more or less|ngeplun|qeplun|noun|noun|notbat|||From <i>nge</i> + <i>plun</i> (&quot;less&quot;)|||||多少|6|3066|||||||||||||
one person|iwan|iwan|noun|noun|notbat|||From <i>一</i> + <i>wan</i> (&quot;person&quot;)|||||一人|4|3067|||||||||||||
two people|duwan|duwan|noun|noun|notbat|||From <i>du</i> (&quot;two&quot;) + <i>wan</i> (&quot;person&quot;)|||||二人|5|3068|||||||||||||
April|kormur|kormur|noun|noun|notbat|||From <i>kor</i> (&quot;four&quot;) + <i>mur</i> (&quot;moon&quot;)|||||四月|6|3069|||||||||||||
September|kasmur|kasmur|noun|noun|notbat|||From <i>kas</i> (&quot;nine&quot;) + <i>mur</i> (&quot;moon&quot;)|||||九月|6|3070|||||||||||||
school|gachoun|gacoun|noun|noun|notbat|||From <i>ga</i> (&quot;study&quot;) + <i>choun</i> (&quot;school building&quot;)|||||学校|6|3071|||||||||||||
elementary school|sugachoun|sugacoun|noun|noun|notbat|||From <i>su</i> (&quot;small&quot;) + <i>ga</i> (&quot;study&quot;) + <i>choun</i> (&quot;school building&quot;)|||||小学校|8|3072|||||||||||||
swan|sisen|sisen|noun|noun|notbat|||From Old Mampulan|||||cisne Spanish|5|3073|||||||||||||
fireworks|blonhus|blonhus|noun|noun|notbat|||From <i>blon</i> (&quot;flower&quot;) + <i>hus</i> (&quot;fire&quot;)|||||花火|7|3074|||||||||||||
every day|mairau|mairau|noun|noun|notbat|||From <i>mai</i> + <i>rau</i> (&quot;sun&quot;)|||||毎日|6|3075|||||||||||||
this week|imasat|imasat|noun|noun|notbat|||From <i>ima</i> + <i>sat</i> (&quot;week&quot;)|||||今週|6|3076|||||||||||||
spring breeze|faspanit|faspanit|noun|noun|notbat|||From <i>fas</i> (&quot;spring&quot;) + <i>panit</i> (&quot;wind&quot;)|||||春風|8|3077|||||||||||||
summer vacation|salres|salres|noun|noun|notbat|||From <i>sal</i> (&quot;summer&quot;) + <i>res</i> (&quot;rest&quot;) + <i>み</i>|||||夏休み|6|3078|||||||||||||
winter vacation|wonres|wonres|noun|noun|notbat|||From <i>won</i> (&quot;winter&quot;) + <i>res</i> (&quot;rest&quot;) + <i>み</i>|||||冬休み|6|3079|||||||||||||
carriage|kababrun|kababrun|noun|noun|notbat|||From <i>kaba</i> (&quot;horse&quot;) + <i>brun</i> (&quot;vehicle&quot;)|||||馬車|8|3080|||||||||||||
poultry|tikasaflan|tikasaflan|noun|noun|notbat|||From <i>tikasa</i> + <i>flan</i>|||||tikasa + 肉|10|3081|||||||||||||
chicken meat|tikasaflan|tikasaflan|noun|noun|notbat|||From <i>tikasa</i> + <i>flan</i>|||||tikasa + 肉|10|3082|||||||||||||
coast|tiurala|tiurala|noun|noun|notbat|||From <i>tiu</i> + <i>rala</i>|||||海岸|7|3083|||||||||||||
snowy country|naunsaban|naunsaban|noun|noun|notbat|||From <i>naun</i> + <i>saban</i> (&quot;country&quot;)|||||雪国|9|3084|||||||||||||
reading|doksho|dokxo|noun|noun|notbat|||From <i>dok</i> + <i>sho</i> (&quot;write&quot;)|||||読書|5|3085|||||||||||||
arithmetic|kalubil|kalubil|noun|noun|notbat|||From <i>kalu</i> + <i>bil</i> (&quot;number&quot;)|||||算数|7|3086|||||||||||||
close friend|serfen|serfen|noun|noun|notbat|||From <i>oya</i> + <i>fen</i>|||||親友|6|3087|||||||||||||
electricity|denti|denti|noun|noun|notbat|||From <i>den</i> + <i>ti</i> (&quot;spirit, mind&quot;)|||||電気|5|3088|||||||||||||
overseas|tiunul|tiunul|noun|noun|notbat|||From <i>tiu</i> + <i>nul</i> (&quot;out&quot;)|||||海外|6|3089|||||||||||||
field|nogian|nogian|noun|noun|notbat|||From <i>no</i> + <i>gian</i> (&quot;origin&quot;)|||||野原|6|3090|||||||||||||
meadow|nogian|nogian|noun|noun|notbat|||From <i>no</i> + <i>gian</i> (&quot;origin&quot;)|||||野原|6|3091|||||||||||||
excursion|yutuso|yutuso|noun|noun|notbat|||From <i>yu</i> (&quot;far&quot;) + <i>tuso</i>|||||遠足|6|3092|||||||||||||
field trip|yutuso|yutuso|noun|noun|notbat|||From <i>yu</i> (&quot;far&quot;) + <i>tuso</i>|||||遠足|6|3093|||||||||||||
factory|kupein|kupein|noun|noun|notbat|||From <i>ku</i> (&quot;red&quot;) + <i>pein</i>|||||工場|6|3094|||||||||||||
east and west|kalaraso|kalaraso|noun|noun|notbat|||From <i>kala</i> + <i>raso</i>|||||東西|8|3095|||||||||||||
north and south|timohila|timohila|noun|noun|notbat|||From <i>timo</i> + <i>hila</i>|||||南北|8|3096|||||||||||||
clear sky|hareimel|hareimel|noun|noun|notbat|||From <i>hare</i> + <i>imel</i> (&quot;sky&quot;)|||||晴天|8|3097|||||||||||||
balloon|panitpun|panitpun|noun|noun|notbat|||From <i>panit</i> (&quot;wind&quot;) + <i>pun</i> (&quot;boat&quot;)|||||風船|8|3098|||||||||||||
up and down|shoundoun|xoundoun|noun|noun|notbat|||From <i>shoun</i> (&quot;up&quot;) + <i>doun</i> (&quot;down&quot;)||||||8|3099|||||||||||||
delicious|biusapung|biusapuq|adjective|ung adjective|uq-sulaikibat|||From <i>biu</i> beauitful + <i>sap</i> (&quot;flavor&quot;)|||||美味|8|3100|||||||||||||
yummy|amiang|amiaq|adjective|ng adjective|q-sulaikibat|delicious||From Old Mampulan||||||5|3101|||||||||||||
voice change|bonhenun|bonhenun|noun|noun|notbat|||From <i>bon</i> voice + <i>hen</i> change|||||変声|8|3102|||||||||||||
voice changer|bonhenki|bonhenki|noun|noun|notbat|||From <i>bon</i> voice + <i>hen</i> change + <i>ki</i> machine|||||変声+機|8|3103|||||||||||||
schoolyard|chounharan|counharan|noun|noun|notbat|||From <i>choun</i> (&quot;school building&quot;) + <i>haran</i>|||||校庭|9|3104|||||||||||||
eagle eye|agalamat|agalamat|noun|noun|notbat|(idiom) looking in deep detail||From <i>agala</i> eagle + <i>mat</i> eye||||||8|3105|||||||||||||
earth|ert|ert|noun|noun|notbat|||From Fox Language||||||3|3106|||||||||||||
fire|foyer|foyer|noun|noun|notbat|||From Fox Language||||||5|3107|||||||||||||
air|lup|lup|noun|noun|notbat|||From Fox Language||||||3|3108|||||||||||||
stone|estain|estain|noun|noun|notbat|||From Fox Language||||||6|3109|||||||||||||
heart|herse|herse|noun|noun|notbat|||From Fox Language||||||5|3110|||||||||||||
blood|blut|blut|noun|noun|notbat|||From Fox Language||||||4|3111|||||||||||||
birth|fanas|fanas|noun|noun|notbat|||From Fox Language||||||5|3112|||||||||||||
death|tot|tot|noun|noun|notbat|||From Fox Language||||||3|3113|||||||||||||
person|feson|feson|noun|noun|notbat|||From Fox Language||||||5|3114|||||||||||||
thing|sing|sing|noun|noun|notbat|||From Fox Language||||||4|3115|||||||||||||
have|habun|habun|verb|un verb|un-usbat|||From Fox Language||||||5|3116|||||||||||||
go|gehun|gehun|verb|un verb|un-usbat|||From Fox Language||||||5|3117|||||||||||||
get|bekomun|bekomun|verb|un verb|un-usbat|||From Fox Language||||urun||7|3118|||||||||||||
make|makun|makun|verb|un verb|un-usbat|||From Fox Language||||||5|3119|||||||||||||
think|denkun|denkun|verb|un verb|un-usbat|||From Fox Language||||||6|3120|||||||||||||
take|nēmun|ne-mun|verb|un verb|un-usbat|||From Fox Language||||||6|3121|||||||||||||
see|sehun|sehun|verb|un verb|un-usbat|||From Fox Language||||||5|3122|||||||||||||
come|komun|komun|verb|un verb|un-usbat|||From Fox Language||||||5|3123|||||||||||||
want|wolun|wolun|verb|un verb|un-usbat|||From Fox Language||||||5|3124|||||||||||||
look|showun|xowun|verb|un verb|un-usbat|||From Fox Language||||||5|3125|||||||||||||
use|bentsun|bentsun|verb|un verb|un-usbat|||From Fox Language||||||7|3126|||||||||||||
find|fandun|fandun|verb|un verb|un-usbat|||From Fox Language||||||6|3127|||||||||||||
give|gibun|gibun|verb|un verb|un-usbat|||From Fox Language||||||5|3128|||||||||||||
tell|ersun|ersun|verb|un verb|un-usbat|||From Fox Language||||||5|3129|||||||||||||
call|rufun|rufun|verb|un verb|un-usbat|||From Fox Language||||||5|3130|||||||||||||
try|verushun|verushun|verb|un verb|un-usbat|||From Fox Language||||||8|3131|||||||||||||
ask|fragun|fragun|verb|un verb|un-usbat|||From Fox Language||||||6|3132|||||||||||||
need|braukun|braukun|verb|un verb|un-usbat|||From Fox Language||||||7|3133|||||||||||||
feel|folun|folun|verb|un verb|un-usbat|||From Fox Language||||||5|3134|||||||||||||
help|velfun|velfun|verb|un verb|un-usbat|||From Fox Language||||||6|3135|||||||||||||
talk|esprekun|esprekun|verb|un verb|un-usbat|||From Fox Language||||||8|3136|||||||||||||
eat|esun|esun|verb|un verb|un-usbat|||From Fox Language||||||4|3137|||||||||||||
drink|trinun|trinun|verb|un verb|un-usbat|||From Fox Language||||||6|3138|||||||||||||
place|fort|fort|noun|noun|notbat|||From Fox Language||||||4|3139|||||||||||||
tree|bom|bom|noun|noun|notbat|||From Fox Language||||||3|3140|||||||||||||
time|zait|zait|noun|noun|notbat|||From Fox Language||||||4|3141|||||||||||||
one|isas|isas|noun|noun|notbat|||From Eagle Language||||||4|3142|||||||||||||
two|buos|buos|noun|noun|notbat|||From Eagle Language||||||4|3143|||||||||||||
three|thris|thris|noun|noun|notbat|||From Eagle Language||||||5|3144|||||||||||||
four|tes|tes|noun|noun|notbat|||From Eagle Language||||||3|3145|||||||||||||
five|fent|fent|noun|noun|notbat|||From Eagle Language||||||4|3146|||||||||||||
six|theksa|theksa|noun|noun|notbat|||From Eagle Language||||||6|3147|||||||||||||
seven|sef|sef|noun|noun|notbat|||From Eagle Language||||||3|3148|||||||||||||
eight|athto|athto|noun|noun|notbat|||From Eagle Language||||||5|3149|||||||||||||
nine|ennes|ennes|noun|noun|notbat|||From Eagle Language||||||5|3150|||||||||||||
ten|tekas|tekas|noun|noun|notbat|||From Eagle Language||||||5|3151|||||||||||||
one|maisa|maisa|noun|noun|notbat|||From Raccoon Language||||||5|3152|||||||||||||
two|rowa|rowa|noun|noun|notbat|||From Raccoon Language||||||4|3153|||||||||||||
three|tasto|tasto|noun|noun|notbat|||From Raccoon Language||||||5|3154|||||||||||||
four|kapat|kapat|noun|noun|notbat|||From Raccoon Language||||||5|3155|||||||||||||
five|liska|liska|noun|noun|notbat|||From Raccoon Language||||||5|3156|||||||||||||
six|banim|banim|noun|noun|notbat|||From Raccoon Language||||||5|3157|||||||||||||
seven|pato|pato|noun|noun|notbat|||From Raccoon Language||||||4|3158|||||||||||||
eight|waso|waso|noun|noun|notbat|||From Raccoon Language||||||4|3159|||||||||||||
nine|samo|samo|noun|noun|notbat|||From Raccoon Language||||||4|3160|||||||||||||
ten|gosko|gosko|noun|noun|notbat|||From Raccoon Language||||||5|3161|||||||||||||
coil|rotugo|rotugo|noun|noun|notbat|||From Old Mampulan|||||toguro Japan|6|3162|||||||||||||
pull out|pirun|pirun|verb|run verb|run-usbat|||From Old Mampulan||||||5|3163|||||||||||||
nail puller|parpiki|parpiki|noun|noun|notbat||||||||釘抜|7|3164|||||||||||||
tweezer|fospiki|fospiki|noun|noun|notbat||||||||毛抜き|7|3165|||||||||||||
cork|dato|dato|noun|noun|notbat|||||||||4|3166|||||||||||||
corkscrew|datopiki|datopiki|noun|noun|notbat|||||||||8|3167|||||||||||||
front and back|binpus|binpus|noun|noun|notbat|||From <i>bin</i> (&quot;front&quot;) + <i>pus</i> (&quot;back&quot;)||||||6|3168|||||||||||||
above and beyond|shounkan to yude|xounkan to yude|noun|noun|notbat|||||||||15|3169|||||||||||||
off-|al-|al-|prefix|prefix|sorthorqi|||||||||3|3170|||||||||||||
-|alta-|alta-|prefix|prefix|sorthorqi|exclusively doing ...; person who exclusively does ...; usually used for professions||||||altaga|専|5|3171|||||||||||||
mountain range|woren ami|woren ami|noun|noun|notbat|||||||||9|3172|||||||||||||
borrow|autun|autun|verb|un verb|un-usbat|||||||||5|3173|||||||||||||
emit|bakun|bakun|noun|noun|notbat|||From Old Mampulan||||||5|3174|||||||||||||
emission|bakas|bakas|noun|noun|notbat|||From Old Mampulan||||||5|3175|||||||||||||
-|'n|'n|enclitic|enclitic|enklitik|contraction of particle <i>ni</i>|||I'm eating.|Ko'n kainunan.||||2|3176|||||||||||||
-|'t|'t|enclitic|enclitic|enklitik|contraction of particle <i>it</i>|||I'm eating vegetables.|Ko'n lugai't kainunan.||||2|3177|||||||||||||
nature|shin|shin|noun|noun|notbat|1. one's nature||||||||4|3178|||||||||||||
alive and well||||||||||||||0|3179|||||||||||||
in and out|hai'ou|hai'ou|||||||The customer goes in and out of the store.|Gapokian ni baipein de hai'ounak soru.|||入+出|6|3180|||||||||||||
wait and see||||||||||||||0|3181|||||||||||||
flesh and blood||||||||||||||0|3182|||||||||||||
lost and found||||||||||||||0|3183|||||||||||||
rise and fall||||||||||||||0|3184|||||||||||||
||||||||||||||||||||||||||||
||||||||||||||||||||||||||||
||||||||||||||||||||||||||||
||||||||||||||||||||||||||||
||||||||||||||||||||||||||||
||||||||||||||||||||||||||||
||||||||||||||||||||||||||||
||||||||||||||||||||||||||||
||||||||||||||||||||||||||||
||||||||||||||||||||||||||||
||||||||||||||||||||||||||||
||||||||||||||||||||||||||||
||||||||||||||||||||||||||||
||||||||||||||||||||||||||||
||||||||||||||||||||||||||||
||||||||||||||||||||||||||||
||||||||||||||||||||||||||||
||||||||||||||||||||||||||||
||||||||||||||||||||||||||||
||||||||||||||||||||||||||||
||||||||||||||||||||||||||||
||||||||||||||||||||||||||||
||||||||||||||||||||||||||||
||||||||||||||||||||||||||||
||||||||||||||||||||||||||||
||||||||||||||||||||||||||||
||||||||||||||||||||||||||||
||||||||||||||||||||||||||||
||||||||||||||||||||||||||||
||||||||||||||||||||||||||||
||||||||||||||||||||||||||||
||||||||||||||||||||||||||||
||||||||||||||||||||||||||||
||||||||||||||||||||||||||||
||||||||||||||||||||||||||||
||||||||||||||||||||||||||||
||||||||||||||||||||||||||||
||||||||||||||||||||||||||||
||||||||||||||||||||||||||||
||||||||||||||||||||||||||||
||||||||||||||||||||||||||||
||||||||||||||||||||||||||||
||||||||||||||||||||||||||||
||||||||||||||||||||||||||||
||||||||||||||||||||||||||||
||||||||||||||||||||||||||||
||||||||||||||||||||||||||||
||||||||||||||||||||||||||||
||||||||||||||||||||||||||||
||||||||||||||||||||||||||||
||||||||||||||||||||||||||||
||||||||||||||||||||||||||||
||||||||||||||||||||||||||||
||||||||||||||||||||||||||||
||||||||||||||||||||||||||||
||||||||||||||||||||||||||||
||||||||||||||||||||||||||||
||||||||||||||||||||||||||||
||||||||||||||||||||||||||||
||||||||||||||||||||||||||||
||||||||||||||||||||||||||||
||||||||||||||||||||||||||||
||||||||||||||||||||||||||||
||||||||||||||||||||||||||||
||||||||||||||||||||||||||||
||||||||||||||||||||||||||||
||||||||||||||||||||||||||||
||||||||||||||||||||||||||||
||||||||||||||||||||||||||||
||||||||||||||||||||||||||||
||||||||||||||||||||||||||||
||||||||||||||||||||||||||||
||||||||||||||||||||||||||||
||||||||||||||||||||||||||||
||||||||||||||||||||||||||||
||||||||||||||||||||||||||||
||||||||||||||||||||||||||||
||||||||||||||||||||||||||||
||||||||||||||||||||||||||||
||||||||||||||||||||||||||||
||||||||||||||||||||||||||||
||||||||||||||||||||||||||||
||||||||||||||||||||||||||||
||||||||||||||||||||||||||||
||||||||||||||||||||||||||||
||||||||||||||||||||||||||||
